dataset,model,layer,target,alpha,pearsonr,pearsonr_nc,explained_variance,explained_variance_nc,r_per_channel,ev_per_channel,r_nc_per_channel,ev_nc_per_channel,encoding_rsa,encoding_cka
TVSD,Model A (ResNet),features/layer1-0,monkeyF/V1,100000.0,0.7934541702270508,0.8167537505871951,0.512351930141449,0.539220677282926,"[ 0.826278    0.71051395  0.91520864  0.9012953   0.6434499   0.79488003
  0.8445377   0.8400144   0.7607899   0.8088269   0.8570369   0.850433
  0.7323563   0.7507864  -0.01219741  0.8120358   0.8775902   0.7819225
  0.77903426  0.7549536   0.76413137  0.82840174  0.7996227   0.74193525
  0.8789399   0.79156387  0.8450936   0.6985414   0.6259826   0.8578051
  0.665574    0.62117726  0.8894812   0.82254446  0.75240266  0.73926693
  0.6843397   0.62763405  0.68573004  0.68886715  0.9004711   0.80955255
  0.8247512   0.64248675  0.8291221   0.73172057  0.6708473   0.68608123
  0.89908427  0.86080426  0.88067067  0.7458484   0.7251311   0.6147408
  0.67188007  0.6002602   0.9496897   0.75502294  0.6835562   0.8093672
  0.7274949   0.62821174  0.19112514  0.55391127  0.01330355  0.8570648
  0.8241847   0.8848257   0.88113874  0.8542949   0.886689    0.8801878
  0.85085917  0.83818996  0.83310366  0.8170652   0.90123546  0.8801774
  0.929266    0.87804765  0.87988555  0.8515914   0.8923129   0.8693948
  0.86724013  0.6963166   0.87796587  0.8955454   0.85590345  0.874151
  0.8194165   0.8879893   0.9302346   0.90976906  0.9357124   0.85656834
  0.8727703   0.8648909   0.8691582   0.83531106  0.7297173   0.87728477
  0.8020046   0.9150723   0.90518254  0.91256905  0.8402806   0.7192134
  0.8738188   0.84213394  0.9127038   0.8378951   0.84304273  0.87392867
  0.8074605   0.81181186  0.8236451   0.8333017   0.7977574   0.66660106
  0.7768241   0.73236865  0.8671307   0.7717956   0.7776937   0.6980919
  0.63885313  0.92046356  0.8847648   0.88473994  0.8510511   0.8598639
  0.6346037   0.8816835   0.8926711   0.77998036  0.82099307  0.8035606
  0.6991433   0.8754473   0.7704173   0.80280817  0.8565077   0.88504916
  0.7451823   0.6001382   0.82065356  0.51747054  0.8217692   0.79045016
  0.8560348   0.9257818   0.8884433   0.84129864  0.8983397   0.89404774
  0.87476164  0.82970184  0.86765057  0.8252342   0.92167413  0.8108271
  0.71490675  0.8908381   0.8494272   0.83805054  0.8770617   0.83717704
  0.8287429   0.78170514  0.8963994   0.9110223   0.73978347  0.88190514
  0.93429565  0.9254248   0.88365394  0.86344075  0.87889     0.8995457
  0.8828859   0.82556885  0.87504154  0.9221725   0.81292254  0.8829543
  0.9104199   0.887587    0.9047778   0.7605306   0.8722119   0.8760448
  0.79285216  0.79102707  0.6243663   0.8840258   0.21690153  0.82917213
  0.8139979   0.7083693   0.8696237   0.8945799   0.6633804   0.86071223
  0.89565504  0.79678386  0.8083388   0.85062397  0.8408059   0.77816504
  0.83896315  0.87180704  0.9181695   0.85035235  0.793144    0.87157184
  0.85383     0.8305715   0.8329199   0.9287537   0.7526197   0.7799546
  0.69388187  0.87407076  0.8606854   0.798389    0.8369567   0.92428744
  0.9238633   0.7682371   0.73356366  0.6880892   0.72700214  0.63184047
  0.74556255  0.81595874  0.71704787  0.73719835  0.8936488   0.7342852
  0.6350282   0.8309157   0.7825518   0.7170292   0.74672645  0.89386755
  0.74836135  0.87419194  0.82792     0.7041821   0.57164776  0.71583766
  0.7596038   0.9071021   0.82769907  0.81760436  0.86884785  0.70939636
  0.5519728   0.69414985  0.8110826   0.9062408   0.80856955  0.8543971
  0.83935094  0.8667699   0.81380135  0.86990845  0.8345687   0.76826197
  0.83797973  0.7955722   0.79333794  0.7827984   0.8952934   0.8268639
  0.7463882   0.7467786   0.7762734   0.8054031   0.796628    0.8508565
  0.8185747   0.86450213  0.8718297   0.8105592   0.8834297   0.8060938
  0.84901506  0.8642601   0.87025017  0.8299497   0.8062735   0.81561583
  0.83525133  0.755578    0.8499341   0.8757085   0.89490163  0.86753166
  0.89910233  0.8855325   0.7922173   0.7570635   0.8549464  -0.0871297
  0.8650636   0.84618604  0.79820526  0.6974893   0.7482621   0.4463294
  0.816384    0.9104121   0.7140481   0.75470257  0.9092416   0.9068168
  0.800164    0.6734518   0.84795165  0.9312814   0.9208644   0.9098985
  0.9023589   0.87192583  0.85612154  0.74154824  0.89903975  0.92386335
  0.9022188   0.9089401   0.86946213  0.8697941   0.70815295  0.9230645
  0.9325578   0.9262359   0.9172049   0.8830203   0.89579725  0.88722384
  0.9090783   0.82298726  0.79841244  0.7736095   0.7972925   0.7796228
  0.76729804  0.7607129   0.7804313   0.83071375  0.7658791   0.79098326
  0.8715069   0.73628515  0.7690605   0.8009511   0.8127849   0.7690756
  0.86717737  0.79556775  0.73392916  0.78327364  0.75000334  0.75065947
  0.7239764   0.8396925   0.83455384  0.7242771   0.75772065  0.76242787
  0.7917024   0.7777849   0.8383588   0.83381176  0.22757918  0.7702003
  0.78123045  0.79612625  0.8410669   0.8493966   0.78915894  0.7585599
  0.85315394  0.8525646   0.8414617   0.8304433   0.71559113  0.8093303
  0.8183197   0.69400454  0.8862468   0.8875139   0.8531057   0.78140426
  0.90653235  0.87243503  0.89477074  0.90003574  0.8919217   0.86668164
  0.7791519   0.7504183   0.8106748   0.83795     0.46020404  0.69307154
  0.7578517   0.7487282   0.7393581   0.76262504  0.82362705  0.580242
  0.49328217  0.7082461   0.75301516  0.8052672   0.7912632   0.72511375
  0.67384374  0.80862135  0.7802197   0.58555365  0.64559525  0.82140225
  0.7678175   0.75918204  0.7093676   0.71113455  0.69723433  0.47289854
  0.71757525  0.79181886  0.839454    0.3009801   0.7822112   0.6324779
  0.7547468   0.03947916  0.7296748   0.85398686  0.7252981   0.6750317
  0.87432396  0.7015602   0.78995496  0.6985599   0.8228151   0.8213659
  0.6958676   0.883851    0.82997787  0.883006    0.75148714  0.7229563
  0.7250771   0.7477058   0.7752991   0.811414    0.6675579   0.71312016]","[  0.67520577   0.459701     0.836218     0.81024426   0.3723635
   0.6177186    0.70694214   0.6991733    0.566923     0.64058024
   0.7212236    0.7202923    0.5157818    0.5276129   -4.382467
   0.65533876   0.7508241    0.58679724   0.58733994   0.5580807
   0.55725956   0.68003136   0.61849713   0.54505956   0.75463045
   0.6129556    0.6983842    0.48139971   0.32674795   0.7256931
   0.3563171    0.37943292   0.78334653   0.6434771    0.5122037
   0.5452397    0.4652707    0.38547027   0.46056348   0.46932685
   0.806883     0.6347486    0.64683175   0.40710133   0.67338824
   0.5275287    0.4370783    0.45133495   0.80710405   0.7302948
   0.7610947    0.5532682    0.51862687   0.36258203   0.4433818
   0.356273     0.89019233   0.52791375  -1.0405011    0.6537185
   0.5156769    0.36069053  -0.31925857   0.2979353   -1.5755181
   0.7286388    0.66924566   0.7758578    0.7725512    0.7265309
   0.78031886   0.7695355    0.7144102    0.6947757    0.68371737
   0.6547221    0.8084185    0.7598002    0.85761786   0.764503
   0.77208054   0.7167103    0.78978986   0.7541002    0.74667764
  -2.4571877    0.76985925   0.79648477   0.725502     0.75857073
   0.66102195   0.78300214   0.8640944    0.82336384   0.87289387
   0.7186549    0.75243586   0.74076855   0.74882174   0.6568098
   0.49261177   0.76731205   0.6267425    0.83588153   0.80936074
   0.8297622    0.69906276   0.50613385   0.75851643   0.6007006
   0.83109736   0.69652396   0.7062284    0.7544634    0.6390707
   0.6576231    0.6654366    0.68625593   0.62625      0.4059263
   0.6019105    0.5273254    0.7456553    0.57563275   0.59864694
   0.44140118   0.40015858   0.84192914   0.78195715   0.78235745
   0.7230798    0.7382311    0.3726623    0.76295394   0.7954478
   0.5936109    0.6662985    0.6449902    0.48613662   0.7623772
   0.57393813   0.6388787    0.73242736   0.77925986   0.49155885
   0.23692334   0.6590947   -0.05299485   0.67479503   0.62275493
   0.7293079    0.85556376   0.7891871    0.69741654   0.80504394
   0.79868096   0.763641     0.67065084   0.74847364   0.67450106
   0.8467329    0.656423     0.461659     0.7889161    0.7061175
   0.69095683   0.7563653    0.68748033   0.6585647    0.6016972
   0.798135     0.82646316  -0.24924624   0.76743305   0.86461735
   0.8366503    0.7608732    0.74223375   0.7715503    0.8011192
   0.7776274    0.66408837   0.76204926   0.8334435    0.6463449
   0.7748653    0.8257636    0.7873799    0.81846935   0.55294704
   0.75345314   0.75629056   0.6188134    0.60613406   0.37531656
   0.77653503  -0.47317004   0.67045784   0.65117395   0.5012865
   0.74623513   0.79595864  -3.2500577    0.73321617   0.79289126
   0.6263866    0.650509     0.71867925   0.69220054   0.60162896
   0.6947151    0.7574954    0.842603     0.70821345   0.5981574
   0.7073523    0.7192522    0.68796706   0.690872     0.8603437
   0.467412     0.5995344    0.47873342   0.7468609    0.7155873
   0.62329924   0.6997071    0.8528229    0.851033     0.5818561
   0.52161443   0.47333133   0.48900777   0.37422383   0.5265708
   0.66499805   0.5138626    0.52794564   0.76861095   0.53783953
   0.36808795   0.6603913    0.6072082    0.5140203    0.55102116
   0.7718421    0.44343996   0.7522295    0.6595263    0.45541036
   0.2160036    0.51193774   0.5761471    0.7854844    0.67850965
   0.6472289    0.69624376   0.4997279    0.29418677   0.47939324
   0.6537305    0.78357255   0.6383569    0.7045388    0.68744224
   0.74747914   0.65619135   0.73442173   0.6917499    0.56655
   0.680146     0.5926136    0.6226339    0.60114557   0.79423577
   0.6725299    0.55359733   0.5515058    0.55767286   0.63498014
   0.6326324    0.71526134   0.6388304    0.7453673    0.7557615
   0.6281464    0.7781891    0.64476025   0.70808303   0.74586767
   0.7547958    0.6857716    0.6388423    0.66409194   0.69636494
   0.53979445   0.715484     0.7520262    0.79372734   0.750281
   0.80126905   0.7805431    0.62488055   0.5305645    0.727367
  -1.538918     0.74778605   0.7115778    0.6063       0.4472491
   0.5509268  -11.407848     0.6615337    0.8259151    0.45376635
   0.526714     0.8264442    0.8206122    0.6388947    0.39805067
   0.7180506    0.86726415   0.84796935   0.8278918    0.8139837
   0.75884885   0.73035645   0.51774454   0.8074684    0.8516519
   0.81354827   0.82583857   0.74967194   0.7533234    0.46844548
   0.8425945    0.8614529    0.856405     0.8404782    0.77454317
   0.8002794    0.78609574   0.82164574   0.66289926   0.6168309
   0.58421755   0.63342506   0.5977045    0.5876533    0.572798
   0.6090182    0.6898682    0.5836486    0.61268413   0.7483782
   0.5361477    0.58779943   0.59656966   0.65941787   0.590613
   0.73166716   0.6312816    0.5273574    0.61226124   0.5593668
   0.5544523    0.5037837    0.69062686   0.6879283    0.51858944
   0.57063746   0.57603896   0.62616634   0.59647083   0.6976572
   0.69072056  -0.60131514   0.59059227   0.60964423   0.631886
   0.7019733    0.71839195   0.61540747   0.4885589    0.7220472
   0.7252903    0.70702857   0.68862164   0.45637363   0.6538577
   0.6592833   -4.5864825    0.7849139    0.78637946   0.7277447
   0.59968704   0.8212935    0.75588477   0.796655     0.80731463
   0.7947873    0.74611473   0.60582125   0.56233263   0.63206697
   0.7018591   -9.696269     0.4310813    0.5577545    0.55100316
   0.54438853   0.58036923   0.6675442    0.26006097   0.11442196
   0.49713105   0.5433449    0.6453202    0.6157818    0.5057051
   0.41461927   0.6521381    0.6087005    0.26625848   0.31412435
   0.67127824   0.58747154   0.5597       0.49002755   0.49514544
   0.4705603    0.04830557   0.5116676    0.6247947    0.7042682
  -5.3549457    0.60976046   0.37150824   0.56884503  -4.7455416
   0.51440054   0.72918975   0.5137032    0.39156026   0.7346409
   0.47941685   0.61863464   0.4423623    0.67338645   0.6714053
   0.46970493   0.75193834   0.6827893    0.7763729    0.53400326
   0.4768468    0.5123452    0.5127714    0.5998448    0.6551274
   0.34199065   0.46179366]","[ 0.87668019  0.75045074  0.92638851  0.9236687   0.68380485  0.81209049
  0.85110907  0.85145045  0.8065271   0.82824734  0.88241388  0.87612613
  0.78040773  0.77386501 -0.01252819  0.82780335  0.90263721  0.82610473
  0.82401623  0.77946956  0.79624148  0.84155634  0.81965267  0.75258401
  0.90420725  0.83387977  0.86052073  0.7109212   0.65259314  0.86268945
  0.66949366  0.62981652  0.90820879  0.85562265  0.78014417  0.75739992
  0.69343269  0.64104553  0.69113537  0.69251649  0.91125373  0.82513142
  0.84113635  0.65112085  0.83299216  0.73601736  0.68079045  0.69404675
  0.92241718  0.87344873  0.89878516  0.75732859  0.73276246  0.62997724
  0.68027069  0.60793803  0.95902309  0.78406556  0.70714814  0.8316889
  0.73699642  0.64571153  0.19475344  0.56446856  0.01347091  0.86373932
  0.83359848  0.88966028  0.88567041  0.88879218  0.91236527  0.88781503
  0.8563618   0.8424628   0.837237    0.82143021  0.90740784  0.91575393
  0.94374391  0.8857005   0.88658056  0.85622002  0.89623215  0.87527214
  0.88740177  0.71012502  0.90537865  0.90428437  0.86034648  0.87759184
  0.82323656  0.8991893   0.94778387  0.92349628  0.95444496  0.86817309
  0.87683139  0.87229793  0.87905355  0.85889381  0.80237277  0.92482586
  0.80734396  0.92257352  0.91536702  0.93101455  0.88003668  0.79778064
  0.88800674  0.86835843  0.93353598  0.87325505  0.85209394  0.91450129
  0.83344989  0.85234584  0.85495281  0.87251519  0.83545205  0.71175237
  0.80894838  0.7763464   0.87919042  0.82895882  0.81064937  0.76823658
  0.68421737  0.92878976  0.89419363  0.90362896  0.8700024   0.88353505
  0.717464    0.88988635  0.9027464   0.85896827  0.8620488   0.83257883
  0.74766708  0.88323497  0.81191071  0.83473802  0.88017023  0.92941544
  0.82330065  0.66791777  0.88657963  0.57148428  0.85060044  0.81082612
  0.86994098  0.93640543  0.90199872  0.85378267  0.91649144  0.90815274
  0.89128948  0.83922497  0.90662026  0.84074395  0.93176934  0.82611894
  0.74131864  0.89896326  0.86044408  0.84228033  0.8792573   0.84243721
  0.83160566  0.80671594  0.90130446  0.91440446  0.81255402  0.88436115
  0.93643435  0.92781618  0.89202829  0.87662022  0.89843097  0.91094797
  0.90160913  0.82784635  0.87825959  0.92614059  0.82344018  0.89608513
  0.92289466  0.90779925  0.91762783  0.76343171  0.875347    0.8784112
  0.8077101   0.82245541  0.64072088  0.90688782  0.22319241  0.83202587
  0.81821051  0.72957422  0.87944879  0.9087024   0.6826277   0.8863278
  0.90269476  0.79929048  0.81161169  0.85750978  0.84423472  0.78892295
  0.86798733  0.89848791  0.9259474   0.85379518  0.79617847  0.87416805
  0.8579473   0.83808508  0.84910653  0.93379436  0.80422222  0.7873031
  0.69992862  0.87886309  0.86418767  0.83141901  0.8701353   0.9312648
  0.9286634   0.86904425  0.80739529  0.7511227   0.75045219  0.667089
  0.83717158  0.85993006  0.7837029   0.82037109  0.90133405  0.77218146
  0.68193642  0.84136181  0.87548142  0.76562564  0.80047581  0.90148316
  0.76152749  0.89881516  0.83833411  0.76726829  0.58601153  0.75787675
  0.79204192  0.91205355  0.83869507  0.82586805  0.87509582  0.72784084
  0.56706276  0.73982746  0.81488219  0.91120837  0.8163279   0.8694128
  0.84352709  0.87408229  0.8193911   0.87529588  0.83919802  0.77169389
  0.84137733  0.80151107  0.80142241  0.83991423  0.89862871  0.83058292
  0.75737199  0.75018463  0.78147859  0.80917366  0.80410223  0.85570772
  0.8238825   0.88424779  0.90219181  0.87767857  0.90919742  0.84878732
  0.85356327  0.87233221  0.89247848  0.85057628  0.8506453   0.86299968
  0.87996593  0.8098698   0.86483981  0.92108661  0.90454808  0.8963239
  0.91875685  0.9158134   0.81729977  0.80612826  0.86156068 -0.08791209
  0.8912094   0.88508539  0.83647631  0.7628988   0.8031343   0.46153272
  0.83759035  0.92528656  0.77299525  0.80230887  0.93049149  0.93666968
  0.84982391  0.74288934  0.8559126   0.9460485   0.93670152  0.92951112
  0.92218033  0.89768121  0.88659575  0.80717461  0.90616085  0.93217591
  0.91953482  0.92757164  0.90534951  0.9109984   0.74511107  0.93201734
  0.9440165   0.93899293  0.93437617  0.90270709  0.92413966  0.91536539
  0.91945922  0.83089886  0.80624657  0.78404949  0.8096381   0.80044175
  0.78548942  0.79071043  0.80174396  0.84150329  0.78760624  0.80655706
  0.88282     0.75260976  0.82343999  0.81237416  0.83114966  0.77690609
  0.87171744  0.84591385  0.74872077  0.79064447  0.76910363  0.76880875
  0.76384419  0.8470766   0.84812177  0.77473358  0.78621975  0.78303834
  0.81974815  0.79465895  0.85734491  0.85278863  0.23788465  0.78589008
  0.79946622  0.81512774  0.85699378  0.86273976  0.81616859  0.78402232
  0.86182814  0.87002636  0.85769063  0.84205471  0.80487534  0.8465498
  0.85655192  0.70910621  0.89318642  0.89805536  0.86231902  0.79503535
  0.91725694  0.88034631  0.90042092  0.90415877  0.89702202  0.87566377
  0.78798497  0.7630439   0.8257566   0.85646596  0.47603206  0.78673836
  0.81954811  0.78222562  0.79344144  0.79522267  0.86341872  0.65927416
  0.55768503  0.77912726  0.80696363  0.84496006  0.82239986  0.74726372
  0.69683983  0.83269905  0.79497737  0.63426768  0.71285389  0.83780267
  0.77963878  0.78265804  0.75346297  0.72934529  0.74493465  0.53730601
  0.73806612  0.81012659  0.87324895  0.31928584  0.80352717  0.6771706
  0.78524714  0.04150019  0.76378041  0.86170006  0.74989734  0.70823734
  0.88828667  0.73905096  0.82143426  0.77186176  0.84807021  0.84620506
  0.73137028  0.89403218  0.84317461  0.90139086  0.80606051  0.77393622
  0.78094449  0.81116652  0.81410901  0.84933449  0.73720509  0.79890477]","[  0.76009204   0.51283141   0.85677268   0.85096991   0.42053485
   0.6447574    0.71798645   0.71834011   0.63713664   0.67171097
   0.76456701   0.76447248   0.58568526   0.56054828  -4.62338632
   0.68103568   0.79429377   0.65498422   0.65712494   0.59491478
   0.60507759   0.70179993   0.649871     0.56081798   0.79864157
   0.68024278   0.72411486   0.49861398   0.35511857   0.73398089
   0.36052625   0.39006054   0.81667977   0.6962719    0.55067047
   0.57231537   0.47771717   0.40211997   0.46785296   0.47431263
   0.82632262   0.6594136    0.67278797   0.41811656   0.67968916
   0.53374238   0.45013088   0.46187594   0.84953933   0.75190721
   0.79272657   0.57043118   0.52960049   0.38077807   0.45452508
   0.36544535   0.90777566   0.56930819  -1.11356328   0.6902738
   0.52923499   0.38106559  -0.33149518   0.30940055  -1.61540812
   0.74003182   0.68462109   0.78435935   0.78051803   0.7863917
   0.82616529   0.78293001   0.72368046   0.70187727   0.69051856
   0.66173627   0.81952982   0.82246339   0.88454935   0.77788754
   0.78387469   0.72452251   0.79674301   0.76433054   0.78179879
  -2.55560925   0.8186845    0.81210519   0.73305378   0.76455428
   0.66719955   0.80287838   0.8970049    0.84839825   0.90819364
   0.73825939   0.75945446   0.753511     0.76596943   0.69441983
   0.59559061   0.8527285    0.6351154    0.84964178   0.82767592
   0.86364473   0.76677696   0.62275439   0.78334799   0.6386954
   0.86946939   0.75655235   0.72147442   0.82614226   0.68087177
   0.72493316   0.7169861    0.75236319   0.68682983   0.46277833
   0.65272181   0.59255721   0.7665401    0.66405927   0.65045868
   0.53456218   0.4590059    0.85722964   0.79871241   0.81612043
   0.7556416    0.77943609   0.47633283   0.7772164    0.81350508
   0.7199275    0.73460446   0.69241516   0.55595862   0.77600125
   0.63742574   0.6907092    0.77345552   0.85934446   0.60002231
   0.29346162   0.76924308  -0.06463548   0.72297518   0.65527508
   0.75319537   0.87531216   0.81345284   0.71826804   0.83790588
   0.82408065   0.79277023   0.68613434   0.81721747   0.70009299
   0.86538323   0.68141618   0.49640068   0.80337286   0.72455261
   0.69794918   0.7601569    0.69614667   0.66312233   0.64081598
   0.80689364   0.83261101  -0.30069338   0.77171343   0.86858026
   0.84097984   0.77536306   0.76506543   0.80624056   0.82155719
   0.81095923   0.66775746   0.76766458   0.84063156   0.66317799
   0.79808347   0.84854822   0.82364885   0.84188287   0.55717364
   0.75887938   0.76038189   0.64222367   0.65525557   0.39523609
   0.81721871  -0.50101516   0.67508077   0.65793128   0.53174755
   0.76319242   0.82128821  -3.44138796   0.77750794   0.80540429
   0.6303339    0.65578733   0.73036178   0.69785769   0.61837865
   0.7436143    0.80456981   0.85693904   0.71395976   0.60274313
   0.71157264   0.72620568   0.7004705    0.7179852    0.86970783
   0.53370448   0.61088486   0.48711351   0.7550731    0.72142284
   0.67593882   0.75628221   0.86574726   0.85989936   0.74457557
   0.63189716   0.56402397   0.52106324   0.4171422    0.66392275
   0.73860159   0.6138378    0.65379439   0.78188769   0.59478764
   0.42447622   0.67710028   0.75998544   0.58605656   0.63320106
   0.7850501    0.45918035   0.79520216   0.67622249   0.540664
   0.226995     0.57383262   0.62640532   0.79408295   0.69665744
   0.66037836   0.70629328   0.52605182   0.31049172   0.54456075
   0.65986978   0.79218638   0.65066596   0.72952041   0.69429994
   0.76014435   0.66523666   0.74354659   0.69944541   0.57162301
   0.68567247   0.60149418   0.63538837   0.69206942   0.80016443
   0.67859324   0.57001061   0.55654806   0.56517668   0.64093945
   0.64455921   0.72344084   0.64714184   0.77980525   0.80931804
   0.73648241   0.82424733   0.71486634   0.71568982   0.75986544
   0.79384689   0.72028191   0.71109213   0.74349524   0.77291949
   0.62015497   0.74079966   0.83198359   0.81093127   0.8009091
   0.8366837    0.83483734   0.66507573   0.60156401   0.73866508
  -1.56667985   0.79367151   0.77850428   0.66583358   0.53506707
   0.63469159 -12.19825529   0.69634799   0.85312348   0.5317788
   0.59525961   0.86552525   0.87553154   0.72065792   0.48436594
   0.73159665   0.89498623   0.87738708   0.86396642   0.85013678
   0.80434147   0.78327689   0.61343944   0.82031066   0.86704652
   0.8450763    0.86004184   0.8128351    0.82638759   0.51861724
   0.85901854   0.88275291   0.88015796   0.87224241   0.80946481
   0.85172107   0.83675441   0.8405179    0.67570578   0.62899513
   0.60009214   0.6531934    0.63005281   0.61584818   0.61886347
   0.64273559   0.70790499   0.61723327   0.63704812   0.76793379
   0.56018577   0.6738637    0.61370735   0.68955341   0.60270115
   0.73934844   0.71370883   0.54882833   0.62383857   0.58822034
   0.58158728   0.56079597   0.7028268    0.71047843   0.59336093
   0.61436991   0.60760367   0.67131554   0.62263248   0.72961436
   0.72251879  -0.65700693   0.61489929   0.6384375    0.66240897
   0.72881091   0.74113968   0.65825408   0.52190809   0.73680426
   0.7553046    0.73456387   0.70801309   0.57736159   0.71537983
   0.72232636  -4.78825972   0.79725431   0.8051709    0.74354844
   0.62079183   0.84084079   0.76965572   0.80674798   0.81472814
   0.80390301   0.76166007   0.61963521   0.58141401   0.6558037
   0.73321941 -10.37471583   0.55547394   0.65226416   0.60140877
   0.62694439   0.63104419   0.73360407   0.3357291    0.14625022
   0.60161587   0.62398778   0.7105057    0.66519799   0.53707244
   0.44340135   0.69155276   0.63194518   0.31240303   0.3829852
   0.69835182   0.60570017   0.59485015   0.5528428    0.52082951
   0.53714819   0.06235979   0.5413069    0.65402063   0.76211487
  -6.02613486   0.64344636   0.42586697   0.61574961  -5.24384733
   0.56361135   0.74242131   0.54913969   0.43103038   0.75829227
   0.53202516   0.66892157   0.54006979   0.71535805   0.71262767
   0.5188556    0.76936146   0.70467479   0.80903888   0.61437863
   0.54646851   0.59433955   0.60350704   0.661402     0.71779147
   0.4170739    0.5795789 ]",0.6618655162603222,0.8590861260732167
TVSD,Model A (ResNet),features/layer2-0,monkeyF/V1,100000.0,0.802217960357666,0.8254405599255729,0.5989083051681519,0.6292806148332954,"[ 0.7846653   0.7237385   0.9222504   0.90071887  0.5314773   0.77318263
  0.8671615   0.8733727   0.7346537   0.80863756  0.82966     0.84108824
  0.65116477  0.7472099   0.784782    0.8095069   0.86177874  0.7665057
  0.78459066  0.7685566   0.7432035   0.8458336   0.77572393  0.7588574
  0.8676032   0.77999175  0.85225385  0.71932095  0.6080277   0.8747626
  0.69283974  0.60016054  0.85181797  0.74250966  0.75551414  0.76214606
  0.69194996  0.658596    0.71193445  0.6761955   0.8738816   0.8192853
  0.82969683  0.6837838   0.87162393  0.7750404   0.70837986  0.69678366
  0.9033815   0.8667578   0.8744854  -0.0731082   0.7495746   0.63061315
  0.70364517  0.59969765  0.9355419   0.7565886   0.8031147   0.7680355
  0.77076614  0.634615    0.6255008   0.53997386  0.8350911   0.87022835
  0.8637215   0.90387815  0.9008491   0.8865742   0.8770407   0.86683583
  0.8615576   0.8699803   0.86406916  0.84616095  0.92432415  0.8602055
  0.92114216  0.86163074  0.88493705  0.8917138   0.90792453  0.91070664
  0.8750073   0.91555995  0.88497764  0.8918189   0.8683725   0.8827998
  0.8559256   0.9142378   0.9249881   0.8960336   0.93795097  0.847236
  0.87439626  0.8816982   0.88195074  0.8468654   0.7069677   0.8799689
  0.862963    0.9169622   0.9091151   0.9070347   0.83975524  0.7373174
  0.86546683  0.84672666  0.8640572   0.8305736   0.8419691   0.86180305
  0.88688123  0.7636057   0.8392207   0.82954663  0.8042856   0.67705756
  0.76507795  0.6953108   0.87956345  0.7530612   0.6110468   0.73988473
  0.63807565  0.89942753  0.8835406   0.88927823  0.86136025  0.833538
  0.6750396   0.84086627  0.8837613   0.7817803   0.7962725   0.81169647
  0.67165923  0.85543233  0.76519805  0.8126819   0.83718544  0.8620418
  0.7497474   0.57482857  0.82229006  0.5306802   0.8205279   0.7925652
  0.81308186  0.91531456  0.88628143  0.8329921   0.9048782   0.91156846
  0.8927221   0.8394738   0.86209357  0.78586936  0.9337134   0.83607686
  0.7285349   0.910519    0.8974412   0.8527118   0.89449024  0.8626456
  0.8416711   0.81979394  0.91569674  0.9314287   0.8087012   0.87282467
  0.92873245  0.9118139   0.8800831   0.873825    0.9056082   0.9094077
  0.897684    0.8179702   0.88313794  0.93343276  0.8244944   0.8992568
  0.92147225  0.88731074  0.9169813   0.77181154  0.88354826  0.8973425
  0.81091076  0.83998793  0.86486757  0.8629075   0.83032435  0.8407126
  0.8491328   0.7645507   0.91462624  0.9120594   0.89829457  0.8806641
  0.90038556  0.6069091   0.8948768   0.8915042   0.9071052   0.87466586
  0.8884775   0.90149343  0.9230941   0.86839145  0.8514376   0.87844497
  0.8612055   0.8672717   0.8571321   0.94030833  0.7441365   0.81470686
  0.75907046  0.89339584  0.8771293   0.8041402   0.84537864  0.9363847
  0.9119268   0.7239682   0.75948226  0.67663676  0.7173309   0.6456438
  0.71893233  0.82179844  0.6799015   0.735729    0.87639344  0.7698363
  0.64403826  0.8462383   0.7687744   0.6998652   0.7312878   0.87733835
  0.8553348   0.85680455  0.8445605   0.71774954  0.705353    0.694714
  0.7441813   0.88133746  0.37779608  0.84006715  0.8857016   0.7230899
  0.52983373  0.714946    0.8177188   0.8784352   0.8075307   0.8610021
  0.8472622   0.89650553  0.8628483   0.8730365   0.8472728   0.8440558
  0.8640607   0.8184652   0.8161143   0.7166242   0.919855    0.84754884
  0.764298    0.77634996  0.808527    0.80378133  0.8026321   0.83295894
  0.8074524   0.8506684   0.85066026  0.81191146  0.86639225  0.8010457
  0.82325864  0.8372205   0.84033215  0.8178519   0.8233675   0.7873879
  0.812032    0.74272704  0.83161336  0.8632196   0.86463565  0.85222864
  0.87884337  0.84644383  0.5666907   0.756508    0.8416234   0.8881867
  0.8331662   0.8410367   0.79196835 -0.12423179  0.71855575  0.77029586
  0.78631413  0.8825027   0.6970751   0.74612784  0.881298    0.89472
  0.7795593   0.6804459   0.8310618   0.90611184  0.90481806  0.9062573
  0.89504135  0.85214096  0.8248182   0.7269831   0.88235927  0.9066595
  0.8934299   0.90826994  0.872411    0.829384    0.81548595  0.89942455
  0.93029547  0.91998035  0.8995229   0.86422974  0.8831866   0.87112516
  0.9112819   0.8427422   0.815776    0.7532369   0.75141984  0.7755265
  0.77474266  0.7514278   0.8019312   0.79787827  0.72448355  0.7974754
  0.8585852   0.7453775   0.7850514   0.84316397  0.8174427   0.7881584
  0.8489438   0.7960582   0.74779683  0.8015773   0.72726035  0.7530186
  0.75888216  0.85598326  0.8282226   0.71399564  0.7303676   0.5818114
  0.81161034  0.78035504  0.8297966   0.8199211   0.6802995   0.78207004
  0.82172316  0.828584    0.8556284   0.8673004   0.77273595  0.7871146
  0.8461835   0.8897348   0.87164766  0.8479972   0.73383653  0.796088
  0.8534255   0.89624226  0.89417356  0.9012056   0.87510663  0.7926298
  0.9234536   0.8912955   0.9104048   0.9109381   0.8984028   0.88084036
  0.7869574   0.736709    0.7932788   0.83335817  0.80949754  0.58888
  0.7539212   0.73974246  0.71407014  0.7360252   0.7935719   0.6008597
  0.40010747  0.6473272   0.7402776   0.80594337  0.7510225   0.72576356
  0.6562435   0.7542885   0.7767837   0.5616447   0.6328324   0.8013961
  0.7582409   0.75038195  0.66105944  0.78400195  0.63755584  0.42570564
  0.6975276   0.7785215   0.77967924  0.6389029   0.764197    0.64897287
  0.7210273   0.6769513   0.73185325  0.8420322   0.69609857  0.64486945
  0.8268617   0.68911326  0.7523104   0.6456309   0.7981183   0.79946464
  0.6505053   0.8390235   0.78675103  0.85665524  0.6689058   0.7179519
  0.67825794  0.73306835  0.78302354  0.80075157  0.67593044  0.6410718 ]","[ 0.60979295  0.5038774   0.8495142   0.8104893   0.17280513  0.5185091
  0.74822545  0.7615753   0.5284624   0.6464922   0.66831774  0.7065121
  0.37190527  0.5137116   0.6137291   0.6492634   0.72904253  0.56038225
  0.5908176   0.5845888   0.53698564  0.71357393  0.5987991   0.5728734
  0.74032545  0.6025625   0.72118187  0.5116401   0.30495864  0.7590946
  0.47802824  0.34806502  0.722806    0.49812746  0.53681886  0.57892716
  0.47460842  0.42578542  0.4938922   0.44879252  0.7464868   0.6561061
  0.663845    0.4584599   0.7408842   0.5924419   0.49474305  0.46075624
  0.81243867  0.74171215  0.7545712  -2.264106    0.5594914   0.39030123
  0.4921888   0.35922402  0.8632143   0.5504037   0.62336695  0.58454436
  0.58142674  0.38781834  0.28154737  0.27520406  0.6887545   0.7493235
  0.73780596  0.81217945  0.8075414   0.7830313   0.7671741   0.7465708
  0.73522455  0.751114    0.7384393   0.70630723  0.8305309   0.72653055
  0.84100914  0.7382614   0.7814952   0.7889559   0.8211641   0.82735366
  0.7552926   0.8352622   0.78167796  0.7913431   0.7464875   0.7746606
  0.7215565   0.82986444  0.8542017   0.79247755  0.87771124  0.70903563
  0.7585925   0.7690645   0.7670653   0.67406285  0.4598673   0.7723608
  0.72719574  0.8377988   0.8208328   0.8187295   0.6953982   0.5364194
  0.7128947   0.5667429   0.74587965  0.6768266   0.70575166  0.72846484
  0.7836945   0.5779992   0.70083237  0.67811465  0.63438284  0.4311431
  0.5846372   0.46610153  0.7701683   0.5496675  -1.9467275   0.5207422
  0.39928377  0.8021114   0.7798211   0.7905843   0.7399322   0.69397783
  0.4340132   0.69849515  0.78046876  0.6038404   0.6215615   0.6586359
  0.42486888  0.7231872   0.5751567   0.65432453  0.700536    0.74258095
  0.5182147   0.20870799  0.6654898  -0.20614195  0.6692566   0.6231034
  0.65729713  0.8372935   0.78162724  0.6866065   0.81761044  0.8308817
  0.79527116  0.6963866   0.7430147   0.61021185  0.86767256  0.69835794
  0.4544201   0.8272132   0.7900493   0.71726817  0.7880995   0.7302991
  0.6901517   0.66472185  0.836502    0.86485094  0.646559    0.7569003
  0.84739745  0.8213576   0.768487    0.7634143   0.818892    0.8266201
  0.8054396   0.65315634  0.77776235  0.8487052   0.67245924  0.80629003
  0.8435209   0.78531957  0.84061646  0.5773904   0.7768787   0.7978124
  0.65608096  0.6934775   0.74759436  0.73967695  0.6883507   0.6945471
  0.70923066  0.58263063  0.8335559   0.8300624   0.806127    0.77134764
  0.80447996  0.33104837  0.7814925   0.79155385  0.8144175   0.7604823
  0.7876571   0.81146437  0.8515536   0.73536825  0.6939943   0.741156
  0.7347343   0.75032043  0.73102546  0.88333744  0.4801758   0.65530956
  0.56670916  0.77497345  0.75259006  0.625757    0.71391004  0.8762611
  0.8299014   0.49691898  0.55202234  0.4531852   0.48195583  0.39287078
  0.46224344  0.67409956  0.4477855   0.5182189   0.73454     0.59138954
  0.3832084   0.6784928   0.5674521   0.48510808  0.5255691   0.7375968
  0.7207676   0.72488534  0.67124     0.47496128  0.49560177  0.475106
  0.55271924  0.73546886 -0.095312    0.67805153  0.7195632   0.5207474
  0.26409513  0.5073975   0.6626036   0.73017645  0.6400223   0.6968878
  0.701558    0.8005375   0.7406341   0.7491926   0.71181995  0.6994507
  0.72041726  0.6124855   0.65462387  0.501289    0.8388974   0.70770335
  0.58333766  0.59589094  0.64943594  0.63571185  0.64332473  0.688751
  0.6276654   0.72154504  0.7218009   0.6287107   0.74985445  0.63685125
  0.6589365   0.7004684   0.70590174  0.66766346  0.66517454  0.61797476
  0.657803    0.519561    0.6864313   0.73078096  0.74411094  0.72545457
  0.7689817   0.712435   -6.3069205   0.54871047  0.7056061   0.78708506
  0.6917947   0.69829094  0.6004494  -6.595888    0.5040431   0.5919261
  0.6101316   0.7765309   0.44014817  0.51028943  0.767233    0.79989374
  0.60528356  0.41741443  0.68998677  0.8199749   0.81802094  0.8210778
  0.79796773  0.7257227   0.67749846  0.484183    0.77808553  0.820747
  0.7972308   0.8228806   0.7600652   0.6813258   0.65305626  0.8046393
  0.8584099   0.8455624   0.8076841   0.7314385   0.77757645  0.75599205
  0.82576376  0.6929873   0.6389905   0.5552875   0.56424755  0.5896857
  0.59931445  0.5602334   0.6430501   0.63453454  0.5224801   0.6183519
  0.72264695  0.5501064   0.60671973  0.70836437  0.6668855   0.61986303
  0.69312525  0.6234064   0.5488275   0.63920105  0.52748704  0.5599799
  0.557915    0.71562004  0.68022877  0.49613374  0.520105   -0.60400057
  0.6555351   0.5991148   0.6865883   0.6709292   0.44668394  0.60855883
  0.6714628   0.6824725   0.7269703   0.74665236  0.5879522   0.58280456
  0.70800596  0.7904061   0.7579596   0.71872735  0.50065374  0.62889946
  0.7206949   0.7997908   0.794296    0.8117609   0.7653768   0.61985433
  0.85220927  0.7889477   0.8267696   0.8270282   0.8063624   0.7724096
  0.61550903  0.54227614  0.625309    0.69436306  0.65273666  0.29906315
  0.5548603   0.5381932   0.5018201   0.53781545  0.6186594   0.26703483
 -0.292516    0.41185582  0.5216422   0.6408931   0.54000497  0.51755285
  0.3748275   0.5683457   0.6023092   0.23241347  0.32963973  0.6354737
  0.5743338   0.5520017   0.39296716  0.6111647   0.38002014 -0.03113639
  0.4813555   0.6033646   0.6004034   0.3875913   0.580618    0.4029436
  0.51751494  0.44916475  0.51635754  0.70895374  0.47443992  0.3432232
  0.6529234   0.45867306  0.560217    0.3409099   0.63264906  0.6308197
  0.40283406  0.69729257  0.61313665  0.7311918   0.38180792  0.47519988
  0.4280157   0.50290215  0.6112976   0.6362076   0.39008772  0.37762678]","[ 0.83252917  0.76441861  0.93351628  0.92307795  0.56480969  0.7899233
  0.87390894  0.88526287  0.77881969  0.82805343  0.85422636  0.86649905
  0.69388904  0.77017855  0.80606452  0.82522534  0.8863745   0.80981681
  0.82989346  0.79351427  0.77443421  0.859265    0.79515524  0.76974907
  0.89254461  0.82168901  0.86781168  0.73206901  0.63387499  0.87974353
  0.69691996  0.60850751  0.86975259  0.7723693   0.78337037  0.78084023
  0.70114407  0.67266906  0.71754633  0.67977771  0.88434582  0.83505144
  0.84618024  0.6929729   0.87569235  0.77959157  0.71887932  0.70487344
  0.92682596  0.87948974  0.89247264 -0.07423349  0.75746322  0.646243
  0.71243249  0.60736829  0.94473629  0.78569142  0.83083304  0.7892173
  0.78083281  0.65229317  0.63737525  0.55026551  0.84559672  0.8770054
  0.87358683  0.90881683  0.90548214  0.92237496  0.90243756  0.87434735
  0.86712943  0.87441517  0.86835613  0.85068142  0.93065466  0.89497476
  0.93549353  0.86914051  0.89167049  0.89656049  0.91191237  0.91686328
  0.89534948  0.9337161   0.91260935  0.90052146  0.87288026  0.88627469
  0.85991586  0.92576889  0.94243837  0.90955355  0.95672835  0.85871429
  0.87846491  0.88924919  0.89199172  0.87077437  0.77735807  0.92765543
  0.86870824  0.92447889  0.9193438   0.92536834  0.87948647  0.81786228
  0.87951915  0.87309417  0.883779    0.8656246   0.85100875  0.90181274
  0.91542692  0.80173274  0.87112044  0.86858339  0.84228871  0.72291713
  0.79671647  0.73706325  0.89179608  0.80883686  0.63694061  0.81422876
  0.68338467  0.90756345  0.89295636  0.90826415  0.88054112  0.85648445
  0.76317963  0.84868934  0.89373602  0.86095049  0.83609204  0.84100849
  0.7182755   0.86304198  0.80641039  0.84500447  0.86031414  0.90525472
  0.82834433  0.63974968  0.8883476   0.58607275  0.84931563  0.81299571
  0.82629026  0.92581809  0.89980387  0.84535284  0.92316207  0.92594989
  0.90958925  0.84910907  0.90081367  0.8006393   0.94394045  0.85184492
  0.75545025  0.91882368  0.90908079  0.85701558  0.89672944  0.86806583
  0.84457851  0.8460234   0.92070742  0.93488658  0.88825103  0.87525539
  0.93085841  0.91417011  0.88842359  0.88716298  0.92574321  0.92093492
  0.91672105  0.82022675  0.88638576  0.93744931  0.83516178  0.91263009
  0.93409847  0.90751669  0.9300046   0.7747557   0.88672414  0.89976643
  0.82610712  0.87336154  0.88752183  0.88522339  0.85440659  0.84360606
  0.85352719  0.78743737  0.92495975  0.92645788  0.92435768  0.90687347
  0.90746247  0.60881838  0.89850003  0.89872097  0.91080441  0.88675787
  0.91921465  0.92908283  0.93091372  0.87190732  0.85469513  0.88106165
  0.86535841  0.87511733  0.87378925  0.94541173  0.79515741  0.82238277
  0.76568529  0.89829412  0.88069849  0.83740813  0.87889112  0.94345336
  0.9166649   0.81896643  0.83592254  0.73862115  0.74046896  0.68166235
  0.80726924  0.86608446  0.74310347  0.81873594  0.88393029  0.80956737
  0.69161205  0.85687707  0.86006789  0.74729837  0.78392586  0.88481314
  0.87038297  0.88093802  0.85518391  0.78205121  0.7230764   0.73551257
  0.77596079  0.88614827  0.38281511  0.84855787  0.89207076  0.74189038
  0.54431844  0.76199204  0.82154948  0.88325032  0.81527908  0.87613385
  0.85147772  0.90406878  0.86877492  0.87844331  0.85197263  0.84782627
  0.86756404  0.82457492  0.82443088  0.76891171  0.9232818   0.85136092
  0.77554538  0.77989086  0.81394842  0.80754428  0.81016266  0.83770813
  0.81268803  0.87009806  0.88028515  0.87914279  0.89166302  0.84347186
  0.82766887  0.84504007  0.86179629  0.83817784  0.86867999  0.83313184
  0.85550355  0.79609546  0.84619777  0.90795055  0.87395585  0.880513
  0.89805503  0.8753881   0.58463272  0.80553675  0.84813465  0.89616226
  0.8583479   0.87969931  0.82994037 -0.13588206  0.77124949  0.79653443
  0.80673937  0.89692117  0.75462112  0.79319326  0.90189481  0.92417469
  0.82794047  0.75060461  0.83886416  0.92047985  0.92037921  0.92579139
  0.91470205  0.87731193  0.85417814  0.79132043  0.88934825  0.91481725
  0.9105772   0.92688777  0.90842011  0.86867403  0.85804572  0.90814814
  0.94172635  0.93265121  0.91636312  0.88349761  0.91112999  0.89875608
  0.92168796  0.85084372  0.82378049  0.76340193  0.76305516  0.79623609
  0.79311054  0.78105919  0.82383103  0.80824133  0.74503635  0.81317702
  0.86973051  0.76190369  0.8405616   0.85518903  0.83591271  0.79618323
  0.85338844  0.84643531  0.76286794  0.80912041  0.74578145  0.77122494
  0.80067217  0.86351064  0.84168758  0.76373588  0.75783791  0.59753935
  0.84036134  0.79728486  0.8485888   0.8385818   0.71110555  0.79800161
  0.84090413  0.8483602   0.871831    0.88092482  0.79918352  0.81353555
  0.8547868   0.9079579   0.88845875  0.85985401  0.82539721  0.83269851
  0.89329791  0.91574466  0.90117525  0.91190971  0.88455753  0.80645669
  0.9343784   0.8993778   0.9161537   0.91511106  0.90354019  0.88996923
  0.79587893  0.74910394  0.80803699  0.85177267  0.83733898  0.6684656
  0.81529762  0.77283784  0.76630366  0.76748587  0.83191151  0.68270013
  0.45234545  0.71211157  0.79331349  0.84566954  0.78057566  0.74793338
  0.67863895  0.77674837  0.79147641  0.60836965  0.6987614   0.81739704
  0.76991472  0.77358583  0.70215193  0.80407867  0.68117333  0.48368556
  0.71744598  0.79652176  0.81106777  0.67776127  0.78502207  0.69483118
  0.75016501  0.71160591  0.76606066  0.84963742  0.71970747  0.67659134
  0.84006643  0.72593886  0.78228958  0.71337879  0.82261536  0.82364149
  0.68369364  0.84868829  0.79926046  0.87449148  0.71748207  0.76857892
  0.73051791  0.79528672  0.82222015  0.83817376  0.74645116  0.71818936]","[ 0.68645558  0.56211354  0.8703957   0.85122726  0.19516031  0.5412053
  0.75991471  0.78245278  0.59391267  0.67791022  0.70848167  0.74984701
  0.42230925  0.54577915  0.64746796  0.67472207  0.77125114  0.62549976
  0.66101577  0.62317251  0.58306398  0.73641624  0.62917378  0.58943596
  0.78350229  0.6687088   0.74775244  0.5299357   0.33143736  0.76776384
  0.48367515  0.35781405  0.75356307  0.5389969   0.57713425  0.6076757
  0.48730469  0.44417647  0.50170918  0.45356015  0.76447135  0.68160104
  0.69048394  0.47086479  0.74781667  0.5994202   0.50951769  0.47151727
  0.85515443  0.76366242  0.78593196 -2.3343411   0.57132967  0.40988835
  0.50455875  0.36847235  0.88026477  0.59356162  0.66713869  0.61723154
  0.59671349  0.40972581  0.29233857  0.28579456  0.70619283  0.7610399
  0.75475652  0.82107899  0.81586905  0.84754729  0.81224826  0.75956563
  0.74476491  0.75879144  0.74578485  0.71387405  0.84194611  0.78644989
  0.86741908  0.75118651  0.79343318  0.79755559  0.82839344  0.83857777
  0.79081897  0.86871825  0.83125276  0.80686267  0.75425771  0.78077105
  0.72829981  0.85093027  0.88673541  0.81657286  0.91320582  0.72837774
  0.76566851  0.78229367  0.78463075  0.71266081  0.55600102  0.85833927
  0.73691066  0.85159058  0.83940757  0.85216152  0.76275744  0.66001815
  0.73623271  0.60258983  0.78031714  0.7351574   0.72098741  0.7976737
  0.8349553   0.63715944  0.75512385  0.74343766  0.69574937  0.49152689
  0.63399041  0.52375976  0.79173968  0.63410531 -2.11521303  0.63064869
  0.45800243  0.81668828  0.79653059  0.82470233  0.77325288  0.73271277
  0.55475085  0.71155263  0.79818598  0.73233381  0.68528124  0.70706421
  0.48589122  0.73611091  0.63877909  0.7074081   0.73977773  0.81889605
  0.63255983  0.2585131   0.77670694 -0.25142225  0.71704134  0.65564173
  0.678826    0.85662019  0.80566055  0.70713482  0.85098535  0.85730545
  0.82560693  0.71246424  0.81125714  0.63336452  0.88678409  0.72494782
  0.48861699  0.84237176  0.81067568  0.72452679  0.79205021  0.73950522
  0.69492793  0.70793811  0.84568171  0.87128434  0.78001581  0.76112195
  0.85128144  0.82560799  0.78312183  0.78689753  0.85571083  0.84770866
  0.83996354  0.65676503  0.78349346  0.85602484  0.68997244  0.83044978
  0.86679548  0.8214936   0.86466354  0.58180381  0.78247366  0.80212836
  0.6809011   0.7496774   0.78727213  0.77842958  0.72885875  0.69933615
  0.71659045  0.61803461  0.85249742  0.85647723  0.85358355  0.81794284
  0.81717586  0.33313455  0.78783362  0.80442101  0.82107347  0.78165456
  0.84309824  0.86189267  0.86604192  0.7413349   0.69931473  0.74557802
  0.74183743  0.76395711  0.75971447  0.89295184  0.54827855  0.66771597
  0.57662924  0.78349474  0.75872734  0.67860412  0.77163355  0.88954067
  0.83854762  0.63588531  0.66873408  0.54001774  0.51354903  0.43792771
  0.5828161   0.74871047  0.53490497  0.64174901  0.74722819  0.65400768
  0.44191301  0.69565979  0.71022645  0.55309247  0.60395303  0.75021877
  0.74635206  0.7662959   0.68823272  0.56387489  0.52082061  0.53254781
  0.60093383  0.74351993 -0.09786127  0.6918272   0.72994929  0.54817857
  0.27873228  0.5763718   0.66882621  0.73820329  0.65236342  0.72159808
  0.70855651  0.81410175  0.7508434   0.75850098  0.71973876  0.70571369
  0.72627097  0.62166392  0.66803367  0.57710946  0.84515945  0.71408383
  0.6006327   0.60133899  0.65817448  0.64167803  0.65545315  0.69662732
  0.63583156  0.75488236  0.77295087  0.737144    0.79423562  0.70609738
  0.66601531  0.71361418  0.7424232   0.70126251  0.74040243  0.69186397
  0.73011826  0.59690932  0.71071897  0.8084795   0.76023945  0.77440743
  0.8029693   0.76199169 -6.71261055  0.62213826  0.71656619  0.80128394
  0.73424443  0.76396778  0.65940849 -7.89099949  0.58067953  0.63293843
  0.64224078  0.80211242  0.51581936  0.57669755  0.80351407  0.8534265
  0.68274538  0.50792864  0.70300339  0.84618538  0.8463997   0.8568555
  0.83340948  0.7692294   0.72658889  0.57367472  0.79046046  0.83558299
  0.82812645  0.85696139  0.82410404  0.74740702  0.72300032  0.82032349
  0.87963468  0.86901461  0.83820897  0.76441671  0.8275588   0.80471075
  0.84473051  0.70637512  0.65159176  0.57037597  0.58185695  0.62159997
  0.62806884  0.60528841  0.67865158  0.6511246   0.55254492  0.64294125
  0.74153015  0.5747703   0.69555427  0.7287136   0.69736231  0.63254984
  0.7004019   0.70480536  0.5711726   0.65128779  0.55469612  0.58738542
  0.62105318  0.72826148  0.70252649  0.56766752  0.55996474 -0.63709747
  0.70280191  0.62539239  0.71803839  0.70181631  0.48805431  0.63360531
  0.70317571  0.71543905  0.75476359  0.77029495  0.62888728  0.622587
  0.72247604  0.82311506  0.78747843  0.73896657  0.63338068  0.68807323
  0.78961038  0.83497671  0.80678395  0.83115887  0.78199777  0.64166887
  0.8724924   0.803321    0.8372441   0.83462275  0.81561088  0.78850282
  0.62954389  0.56067696  0.64879194  0.72538841  0.69840857  0.38536069
  0.64887952  0.58742699  0.57792049  0.58477482  0.67988164  0.3447321
 -0.37388389  0.49841787  0.59906397  0.70563144  0.58334012  0.54965505
  0.40084732  0.60269603  0.62530982  0.27269243  0.40190179  0.66110326
  0.59215476  0.58666838  0.44334052  0.64286688  0.4337959  -0.04019534
  0.50923889  0.63158806  0.64971892  0.43617202  0.61269396  0.46190194
  0.56018706  0.49632931  0.56575557  0.7218181   0.50716791  0.37782086
  0.67394393  0.50900508  0.60575536  0.41620892  0.67208153  0.66955019
  0.44498725  0.71344949  0.63278954  0.76195678  0.43927565  0.54458111
  0.4965142   0.59189138  0.6740301   0.69706193  0.47573058  0.47394438]",0.7553748576148632,0.8913782529037121
TVSD,Model A (ResNet),features/layer3-0,monkeyF/V1,100000.0,0.7768796682357788,0.7992517889302976,0.5961658954620361,0.6278182228888013,"[0.80989325 0.737568   0.90721625 0.8928592  0.6142565  0.7840589
 0.8957097  0.87357193 0.73203105 0.8436779  0.7860118  0.86645955
 0.72046256 0.8148862  0.8050028  0.79343015 0.86049694 0.71550894
 0.7654761  0.8078019  0.7943758  0.8296625  0.7951828  0.71505654
 0.86541593 0.7800136  0.8679579  0.7050669  0.6756572  0.8971051
 0.7657555  0.6102218  0.844547   0.76595277 0.7830204  0.73431176
 0.6873825  0.6554942  0.7252389  0.6557629  0.8630434  0.8703869
 0.8703415  0.66962093 0.8705973  0.7730639  0.7157675  0.6937331
 0.86995625 0.9041305  0.9025953  0.7568369  0.72783536 0.6284281
 0.7395155  0.6250028  0.9464221  0.7802921  0.8627333  0.8053503
 0.7602034  0.64990956 0.7107841  0.5530025  0.7723917  0.8269168
 0.8421717  0.87209886 0.8444789  0.8631201  0.8759976  0.80663145
 0.7862623  0.8241925  0.81352615 0.8045434  0.8704484  0.84818995
 0.9091927  0.7942833  0.8418863  0.8288075  0.8596965  0.83225375
 0.8591394  0.89069265 0.85561574 0.84815705 0.7752056  0.8313764
 0.78150624 0.8633847  0.90472186 0.8876255  0.9117376  0.79592633
 0.7978953  0.80437523 0.814355   0.8279     0.7176547  0.86645925
 0.7573998  0.865182   0.88846886 0.86394477 0.81660104 0.7595062
 0.8337544  0.81697494 0.8372967  0.7694164  0.7846099  0.8075185
 0.88489693 0.7268016  0.7571019  0.79356676 0.75377244 0.63493645
 0.637275   0.6945781  0.83141404 0.7331667  0.69275236 0.6891915
 0.5747811  0.85280204 0.8512577  0.8517777  0.8116429  0.79135406
 0.5528049  0.7926665  0.8489982  0.6901592  0.78303117 0.7614652
 0.58128023 0.81703645 0.755871   0.7924423  0.81169957 0.87318265
 0.69517994 0.6086939  0.79324573 0.49435395 0.7807009  0.73988104
 0.79870236 0.9027443  0.86532927 0.7428075  0.9090211  0.88837874
 0.86920893 0.7981202  0.78904194 0.6721113  0.887858   0.82476985
 0.7310706  0.87193465 0.8180836  0.82809246 0.8607953  0.8494786
 0.8485334  0.82403845 0.9177145  0.92998886 0.81285053 0.874982
 0.9158087  0.92491    0.9031941  0.8787019  0.89037085 0.890784
 0.885361   0.8101575  0.8870078  0.92983156 0.7809335  0.8825062
 0.90542597 0.87581676 0.88089836 0.7809635  0.8752492  0.87988114
 0.7993132  0.81022394 0.873301   0.862414   0.7914429  0.8338868
 0.8086455  0.7621344  0.8839023  0.8949617  0.8928312  0.84712684
 0.8464298  0.77938104 0.87680054 0.9092751  0.918307   0.8649235
 0.8774549  0.86099184 0.8926407  0.8550647  0.842621   0.87336546
 0.8793518  0.8833484  0.8447371  0.9225367  0.73073775 0.78979033
 0.8035589  0.9135472  0.9068692  0.82381    0.8155709  0.9161186
 0.8821922  0.712407   0.71741587 0.62251717 0.6442909  0.59351695
 0.7050647  0.7742437  0.7010862  0.67213136 0.8346052  0.72788656
 0.60917974 0.8178727  0.75175226 0.7025793  0.7181807  0.8348954
 0.80861574 0.794384   0.809667   0.6334083  0.6865242  0.6801973
 0.7182242  0.82711744 0.7806285  0.7759512  0.8213276  0.6857268
 0.44897816 0.65678024 0.79392254 0.8232784  0.7709982  0.7917059
 0.77381593 0.8543405  0.8150976  0.84694767 0.8007437  0.7633589
 0.77215195 0.7403826  0.7264759  0.66144687 0.9051051  0.83791834
 0.7673656  0.6956269  0.7439055  0.74081266 0.7417563  0.652028
 0.7794691  0.82282186 0.79857993 0.7914876  0.8293388  0.7468381
 0.81188595 0.8057356  0.844946   0.5705254  0.7526653  0.7786729
 0.7650188  0.70228195 0.8122904  0.8367926  0.8367252  0.82015306
 0.82216865 0.7913857  0.7601054  0.7234463  0.814296   0.87994564
 0.8135947  0.80879724 0.73348933 0.6172405  0.6271254  0.7302139
 0.7556793  0.88436604 0.66338867 0.64715964 0.87352794 0.8717284
 0.6658693  0.6306004  0.7803547  0.8954507  0.8865537  0.88424414
 0.8833383  0.83813083 0.80385387 0.7178516  0.85528725 0.8974418
 0.8853557  0.8808299  0.82593083 0.8370682  0.7784098  0.87235457
 0.92118114 0.91174537 0.8841242  0.8593235  0.85002244 0.8563588
 0.9089794  0.76454216 0.7673385  0.7190185  0.69619036 0.71861887
 0.741953   0.7147224  0.7393037  0.75044847 0.6877346  0.75134593
 0.7948334  0.6944145  0.7431546  0.8116899  0.7633434  0.7122206
 0.7937083  0.7762632  0.7073643  0.7340225  0.6696573  0.6888921
 0.7008431  0.7750144  0.7681962  0.6442035  0.6768553  0.7080839
 0.80761766 0.73678166 0.7701564  0.759071   0.61119777 0.74908
 0.82147557 0.8108058  0.8127399  0.823526   0.750589   0.7991705
 0.7776088  0.8682711  0.8565453  0.8266459  0.7459888  0.7696161
 0.87532103 0.89304584 0.88001454 0.8735769  0.84602785 0.7698888
 0.91406155 0.8569613  0.9020632  0.90455115 0.88994086 0.85003686
 0.74129415 0.70085627 0.7107952  0.79320604 0.7215482  0.55384254
 0.6404211  0.6757174  0.68644404 0.65775084 0.68932354 0.50466007
 0.22796753 0.6137172  0.66902924 0.75318795 0.71203184 0.66681635
 0.6038792  0.68051875 0.72575605 0.49882007 0.5763829  0.7348204
 0.69813544 0.7136607  0.6244728  0.6960734  0.53861475 0.34282714
 0.6019995  0.72628677 0.70296353 0.6064992  0.72900003 0.62655836
 0.6643578  0.6085078  0.66320324 0.8016776  0.6510004  0.5985804
 0.7933621  0.6322237  0.6892353  0.6213382  0.7501744  0.73753786
 0.5522593  0.7832538  0.73481923 0.7885209  0.63115805 0.61940867
 0.60743314 0.6727657  0.6554696  0.73689437 0.65433747 0.65831   ]","[ 0.65426815  0.53062     0.8223977   0.7925209   0.30731535  0.5960562
  0.7970114   0.760941    0.5149382   0.7016399   0.5783353   0.74610066
  0.45408064  0.609092    0.6393072   0.627895    0.7207848   0.44181967
  0.57569385  0.6364527   0.6088248   0.6872513   0.62481517  0.51031315
  0.7290853   0.6078353   0.73915833  0.48874825  0.4136328   0.79444563
  0.58301085  0.3616193   0.71092546  0.5576402   0.58051157  0.5374102
  0.46813715  0.41995072  0.51956356  0.42545128  0.74048185  0.73517215
  0.72261167  0.42951822  0.73943496  0.5894146   0.50198954  0.4584368
  0.7491772   0.80795085  0.80239177  0.5711776   0.5269876   0.37005442
  0.5351676   0.38756365  0.8809277   0.5952716   0.73261225  0.6449262
  0.56223166  0.39734823  0.46277434  0.29325497  0.57593834  0.6798153
  0.70490384  0.7542782   0.7101248   0.74165547  0.7650212   0.6466912
  0.6078146   0.6745977   0.65551186  0.6322948   0.7471533   0.71275604
  0.8235622   0.62726057  0.70406544  0.68102074  0.7307093   0.6905153
  0.7306261   0.7873609   0.7319268   0.7171132   0.59475386  0.6867794
  0.5985782   0.73830414  0.8185116   0.78060806  0.8262078   0.62064874
  0.6258532   0.63340485  0.6514232   0.6551109   0.47618687  0.7459556
  0.5520644   0.7449163   0.78252983  0.7457879   0.6592585   0.5681577
  0.6852273   0.65884846  0.6991687   0.56496274  0.61413693  0.63797194
  0.7793143   0.5150111   0.5589057   0.622434    0.553146    0.36230713
  0.40356147  0.48033482  0.6862971   0.48056966  0.47808224  0.46029955
  0.31314576  0.7263961   0.72455335  0.72527206  0.6550145   0.6257862
  0.263045    0.62302125  0.7203955   0.43917966  0.6103264   0.5795051
  0.31857866  0.66053116  0.56518257  0.62320876  0.6579916   0.758028
  0.43377858  0.24931288  0.6148367  -0.06259239  0.60469174  0.5397355
  0.6361151   0.8138285   0.7485789   0.5369073   0.8261394   0.7875721
  0.75290245  0.6328974   0.62064815  0.4470765   0.787072    0.67183864
  0.43713486  0.75854206  0.662369    0.6743411   0.73347664  0.7110921
  0.70811033  0.6697626   0.8408152   0.8613902   0.6519555   0.7625247
  0.826609    0.83753484  0.81162614  0.7718239   0.79120505  0.7905389
  0.78319204  0.646418    0.7835517   0.8470749   0.6080519   0.77778286
  0.8193482   0.76664174  0.7757194   0.59430945  0.7624867   0.7666042
  0.63662195  0.6301364   0.7590102   0.7366481   0.62330914  0.6859863
  0.64801836  0.578547    0.7812053   0.7987561   0.7945253   0.70604813
  0.70380116  0.60393107  0.7587589   0.8234086   0.8335372   0.7437979
  0.7696235   0.7338842   0.79658395  0.70820093  0.68717563  0.7436019
  0.7697924   0.7792654   0.70693403  0.8505047   0.4961726   0.6213777
  0.62287945  0.81992984  0.81413835  0.63851845  0.66194326  0.83813274
  0.77669865  0.4727643   0.4990703   0.37905437  0.39249945  0.33026052
  0.4529369   0.597859    0.48214316  0.41825527  0.67052066  0.5276199
  0.33183187  0.64087856  0.54472923  0.4922775   0.50031936  0.6718583
  0.6476153   0.62685245  0.62731373  0.35079694  0.46608084  0.45925045
  0.514258    0.6530861   0.60741526  0.5873726   0.6249454   0.467977
  0.17013568  0.42545336  0.6224247   0.64632297  0.58842206  0.60105723
  0.59057343  0.7276362   0.66167545  0.7059904   0.64036405  0.5809376
  0.5850464   0.50717163  0.52382064  0.38947356  0.8079032   0.6888192
  0.58702815  0.4666028   0.55310225  0.54555684  0.54975426  0.41351867
  0.5834743   0.67188287  0.6309576   0.6022053   0.6870322   0.54733086
  0.64227045  0.6486275   0.7127918   0.3068992   0.55153286  0.5971708
  0.5822574   0.45903325  0.6522262   0.68934727  0.69409406  0.6709337
  0.67133015  0.6099688   0.575348    0.5049728   0.65902567  0.77119863
  0.6575916   0.64015615  0.48481154  0.29803944  0.36068285  0.5289844
  0.5635383   0.7791143   0.3999737   0.34464037  0.7624003   0.754953
  0.41959667  0.3401404   0.60877657  0.80169547  0.7856842   0.7803737
  0.7790367   0.70190454  0.64276445  0.47076643  0.73138213  0.8010942
  0.77952784  0.77374077  0.67719054  0.68954074  0.57706714  0.75850713
  0.8363246   0.8233646   0.774026    0.72910476  0.7218199   0.7304629
  0.8235704   0.5702346   0.560253    0.5076138   0.4825763   0.5093987
  0.54909766  0.5081259   0.5435866   0.55957365  0.46936494  0.54736805
  0.6242007   0.47859597  0.5365969   0.65503186  0.5812547   0.5025884
  0.6092713   0.5857911   0.4886384   0.5351438   0.44840753  0.4648475
  0.4722128   0.59006447  0.5833436   0.39944446  0.44898784  0.4911685
  0.64777154  0.5300532   0.5890037   0.57280004  0.35531443  0.5583447
  0.671177    0.6496731   0.6557268   0.6692636   0.55573356  0.6354703
  0.59226096  0.75314903  0.7293762   0.68291736  0.54190123  0.5870377
  0.7655009   0.79636866  0.7727548   0.73661697  0.71559286  0.58038247
  0.8349285   0.7296784   0.8095416   0.81391174  0.7902238   0.71675795
  0.5493444   0.4894424   0.5016507   0.62688094  0.5158056   0.21772367
  0.33792162  0.44204617  0.45758778  0.42256504  0.46519744  0.15030259
 -0.7238934   0.36355954  0.41580856  0.5610647   0.48239052  0.42529106
  0.3095991   0.45759255  0.5253171   0.1681115   0.28508484  0.5287683
  0.48163134  0.49551034  0.36094725  0.48181242  0.05379069 -0.17849135
  0.33527064  0.5250882   0.48473585  0.34693313  0.52154106  0.37122303
  0.43647605  0.3575576   0.4226256   0.64232975  0.42027503  0.25949478
  0.5992912   0.3870679   0.45946103  0.3447683   0.5546565   0.5408469
  0.26976508  0.60567653  0.53292704  0.6179311   0.33699578  0.3281877
  0.34268105  0.4286282   0.42133248  0.5417595   0.3419521   0.33315063]","[0.85929602 0.77902548 0.91829849 0.9150232  0.65278054 0.80103509
 0.90267926 0.88546484 0.77603935 0.86393509 0.80928574 0.89263688
 0.7677336  0.83993517 0.8268337  0.80883643 0.88505612 0.75593848
 0.80967522 0.83403401 0.82775681 0.84283712 0.81510156 0.72531952
 0.89029448 0.82171206 0.8838024  0.71756236 0.70437944 0.90221325
 0.7702651  0.6187087  0.86232851 0.79675515 0.81189077 0.7523232
 0.69651594 0.66950102 0.73095568 0.65923687 0.87337789 0.88713645
 0.88763236 0.67861967 0.87466093 0.77760347 0.72637645 0.70178745
 0.89253324 0.91741142 0.92116074 0.76848619 0.73549518 0.64400379
 0.74875076 0.63299711 0.95572339 0.81030671 0.89250928 0.82756125
 0.77013214 0.66801377 0.72427754 0.56354245 0.78210851 0.83335657
 0.85179093 0.8768639  0.84882203 0.89797373 0.90136427 0.81362127
 0.79134715 0.82839401 0.81756236 0.80884152 0.87640993 0.88247358
 0.92335788 0.80120606 0.84829216 0.83331225 0.86347252 0.83788003
 0.8791127  0.90835567 0.88233068 0.85643357 0.77922973 0.83464885
 0.78514954 0.87427441 0.9217898  0.90101862 0.92999022 0.80670951
 0.80160799 0.81126403 0.82362643 0.85127351 0.78910913 0.9134137
 0.76244223 0.87227421 0.89846529 0.88140744 0.85523678 0.84247504
 0.84729183 0.84241596 0.85640775 0.80188649 0.79303377 0.84500798
 0.91337875 0.76309096 0.78588021 0.83091038 0.78938878 0.677943
 0.66362843 0.73628659 0.84297703 0.78746888 0.72210855 0.75844186
 0.61559567 0.8605162  0.86032944 0.86996296 0.82971664 0.81313923
 0.62498472 0.80004114 0.85858056 0.760051   0.82218852 0.78896326
 0.62162378 0.82430454 0.796581   0.8239599  0.83412417 0.91695408
 0.7680565  0.67743977 0.85697004 0.54595478 0.80809133 0.75895345
 0.81167717 0.91310358 0.87853203 0.75383003 0.92738866 0.90239431
 0.88563186 0.80728084 0.824481   0.6847432  0.89758279 0.84032467
 0.75807963 0.87988741 0.82869392 0.83227198 0.86295017 0.85481607
 0.8514645  0.85040371 0.92273619 0.93344143 0.8928085  0.87741873
 0.91790505 0.92730005 0.91175366 0.89211433 0.9101671  0.90207521
 0.90413676 0.81239246 0.89026982 0.93383263 0.79103726 0.89563035
 0.91783232 0.89576097 0.89340921 0.78394255 0.87839525 0.8822579
 0.81429221 0.84241499 0.8961762  0.8847171  0.81439741 0.83675677
 0.81283038 0.78494873 0.8938887  0.90909025 0.91873581 0.8723381
 0.85308265 0.7818329  0.8803506  0.91663571 0.92205189 0.8768808
 0.90781069 0.88734172 0.90020236 0.8585266  0.8458448  0.87596702
 0.88359219 0.89133945 0.8611534  0.92754361 0.78083997 0.79723149
 0.81056141 0.91855598 0.91055937 0.85789166 0.84790173 0.92303431
 0.88677579 0.80588817 0.78962225 0.67954385 0.66507305 0.62662753
 0.79169768 0.81596704 0.7662575  0.74796306 0.8417827  0.76545261
 0.6541786  0.82815485 0.84102434 0.75019641 0.76987535 0.84200855
 0.82284196 0.81675928 0.81985148 0.69015403 0.70377448 0.72014334
 0.74889527 0.83163228 0.79099917 0.7837939  0.82723387 0.70355588
 0.46125242 0.6999988  0.79764175 0.82779121 0.77839602 0.80561982
 0.77766602 0.86154802 0.82069623 0.8521929  0.80518542 0.76676891
 0.77528264 0.74590948 0.73387901 0.70970844 0.90847696 0.8416871
 0.77865807 0.69879963 0.7488936  0.74428082 0.74871573 0.65574562
 0.78452328 0.84161551 0.82639108 0.85702768 0.85352879 0.78639322
 0.81623526 0.8132611  0.86652802 0.58470459 0.79408683 0.8239105
 0.80597357 0.7527442  0.8265359  0.8801541  0.84574452 0.84737287
 0.84014139 0.81844725 0.78417113 0.77033236 0.82059582 0.8878472
 0.83818489 0.84597782 0.7686575  0.67512435 0.67311427 0.75508714
 0.77530878 0.89881497 0.71815372 0.68798218 0.89394316 0.90042619
 0.7071946  0.69561968 0.787681   0.90964967 0.90180074 0.90330378
 0.9027419  0.86288796 0.83246757 0.78138081 0.86206181 0.90551664
 0.90234807 0.89888523 0.86002144 0.87672222 0.81903456 0.8808156
 0.93250003 0.92430281 0.90067616 0.87848199 0.87691656 0.88352138
 0.9193592  0.77189192 0.77486774 0.72872177 0.70697047 0.73780878
 0.7595435  0.74290634 0.75949325 0.7601955  0.70724487 0.76613931
 0.80515119 0.70981077 0.7957023  0.8232661  0.78059102 0.71947224
 0.79786375 0.82538762 0.72162055 0.74092987 0.68671141 0.70554802
 0.73943701 0.78182976 0.78068534 0.68908169 0.70231295 0.72722534
 0.83622722 0.75276616 0.78759791 0.77634682 0.63887466 0.76433953
 0.84065076 0.83015766 0.82813038 0.8364628  0.77627858 0.8259961
 0.78551492 0.8860546  0.87306515 0.8382042  0.8390657  0.80500927
 0.9162164  0.91247869 0.88690535 0.88395282 0.8551647  0.78331903
 0.92487521 0.86473227 0.90775942 0.90869487 0.89502985 0.85884649
 0.74969802 0.71264799 0.72401887 0.81073331 0.74636476 0.62869292
 0.6925575  0.70594838 0.73665674 0.68586574 0.72262664 0.57339757
 0.25773094 0.67513791 0.71696068 0.79031373 0.74005068 0.68718552
 0.62448764 0.70078204 0.73948358 0.54031846 0.63643091 0.74949212
 0.7088839  0.73572908 0.663291   0.71389846 0.57546333 0.38951924
 0.61919004 0.74307933 0.73126362 0.64338676 0.74886596 0.6708328
 0.69120539 0.63965866 0.69420189 0.80891833 0.67307973 0.6280253
 0.80603185 0.6660092  0.71670101 0.68653698 0.7731999  0.75984196
 0.58043522 0.79227619 0.74650294 0.80493851 0.67699307 0.66308683
 0.65423604 0.72986592 0.68828111 0.77133227 0.72260536 0.73750123]","[ 0.73652216  0.59194691  0.84261268  0.83235569  0.34707164  0.62214684
  0.8094628   0.78180114  0.57871345  0.73573798  0.61309154  0.7918638
  0.51562178  0.64711354  0.67445215  0.6525158   0.76251531  0.49315998
  0.64409511  0.67845945  0.6610676   0.70925102  0.65650952  0.525067
  0.77160662  0.67456043  0.76639121  0.5062253   0.4495474   0.8035186
  0.58989791  0.37174797  0.74117701  0.60339243  0.62410831  0.56409708
  0.4806603   0.43808975  0.52778685  0.42997095  0.75832175  0.76373942
  0.7516088   0.44114     0.74635388  0.59635722  0.51698058  0.46914364
  0.78856687  0.83186139  0.83574     0.58889616  0.53813814  0.38862547
  0.54861768  0.39754159  0.89832802  0.64194764  0.784055    0.68098987
  0.57701374  0.41979404  0.48051165  0.30454011  0.59052032  0.69044488
  0.72109849  0.76254326  0.71744787  0.80276241  0.80996885  0.6579475
  0.61570169  0.68149301  0.66203247  0.63906868  0.75742253  0.77153935
  0.84942426  0.63824233  0.71482061  0.6884439   0.73714234  0.69988301
  0.76499225  0.81889831  0.77834633  0.731177    0.60094467  0.69219664
  0.60417225  0.75704574  0.84968603  0.80434247  0.8596196   0.6375797
  0.63169104  0.64430047  0.66634053  0.69262363  0.57573214  0.82899465
  0.55943968  0.7571791   0.80023785  0.77624142  0.72311707  0.69906939
  0.70765956  0.70052114  0.73144952  0.61365281  0.62739491  0.69858339
  0.83028857  0.56772428  0.60220255  0.6823933   0.60665415  0.41305009
  0.43762883  0.53975375  0.70551937  0.55439295  0.51945934  0.55744919
  0.35919696  0.73959699  0.7400786   0.75657149  0.68451119  0.66071495
  0.33622122  0.63466784  0.73674902  0.53263429  0.67289435  0.62211504
  0.36433493  0.67233517  0.62770166  0.673768    0.6948501   0.83593056
  0.52949271  0.30880775  0.71758866 -0.07634118  0.64786654  0.56792039
  0.65695015  0.83261359  0.77159606  0.55295987  0.85986245  0.81261849
  0.78162206  0.64750925  0.6776518   0.46403948  0.80440821  0.6974188
  0.47003098  0.77244221  0.67966194  0.68116529  0.7371535   0.7200561
  0.71301086  0.7133066   0.85004222  0.86779783  0.78652619  0.76677773
  0.83039772  0.84186895  0.82708252  0.79556578  0.82677903  0.81070697
  0.81676238  0.64998944  0.78932546  0.85438053  0.6238877   0.80108842
  0.84195584  0.80195541  0.79791     0.59885221  0.767978    0.77075132
  0.66070594  0.68120305  0.79929386  0.77524203  0.65998964  0.69071628
  0.65474294  0.61370284  0.79895724  0.82417472  0.84129888  0.74869875
  0.7149082   0.60773688  0.76491559  0.83679357  0.84034947  0.76450565
  0.82379534  0.77949131  0.810137    0.71394714  0.6924438   0.74803855
  0.77723444  0.79342814  0.73467758  0.85976174  0.56654417  0.63314171
  0.63378277  0.82894545  0.82077755  0.69244334  0.71546497  0.85083447
  0.78479059  0.60497565  0.6045866   0.45168307  0.4182286   0.36813689
  0.571082    0.66403145  0.57594713  0.51795664  0.68210301  0.58348592
  0.38266599  0.65709386  0.6817864   0.56126664  0.57493754  0.68335533
  0.67060313  0.66266268  0.64319446  0.41646676  0.4897975   0.51477528
  0.55911759  0.66023536  0.62366151  0.59930599  0.63396581  0.49262837
  0.17956524  0.48328842  0.62826999  0.653428    0.59976823  0.62236956
  0.5964648   0.73996521  0.67079636  0.71476199  0.64748794  0.58613945
  0.58980017  0.51477184  0.53455097  0.44838181  0.81393386  0.69502946
  0.6044326   0.47086881  0.56054457  0.55067691  0.56011862  0.41824754
  0.5910655   0.70292566  0.67567     0.70606722  0.72769518  0.60684325
  0.64917022  0.66080038  0.74966973  0.32234338  0.61390845  0.66857258
  0.64626758  0.52737066  0.67530363  0.76264047  0.70913846  0.71620758
  0.70100173  0.65239796  0.61235704  0.57254769  0.66926223  0.78511093
  0.69794256  0.70036519  0.53241598  0.35655987  0.41552229  0.56563577
  0.59319542  0.80478091  0.468738    0.38949123  0.79845286  0.80547814
  0.47329501  0.41389813  0.62026116  0.82732165  0.81294116  0.81437773
  0.81363763  0.74398338  0.68933811  0.55777834  0.74301427  0.8155749
  0.80973746  0.80578634  0.73424683  0.75641873  0.63887256  0.77329212
  0.85700329  0.84620116  0.80327878  0.76197773  0.76821821  0.77753641
  0.84248674  0.58125094  0.57130152  0.52140686  0.49763686  0.53696779
  0.5754427   0.54899031  0.57368147  0.57420384  0.49637341  0.56913468
  0.64051144  0.50005371  0.6151642   0.673849    0.60781819  0.51287492
  0.61566762  0.66227858  0.50853292  0.5452629   0.47153749  0.48759721
  0.52565224  0.60048797  0.60246548  0.45703734  0.48339731  0.51808264
  0.69447856  0.55330172  0.61598379  0.59916965  0.38822246  0.58132453
  0.70287647  0.68105526  0.6807963   0.69045569  0.59442549  0.67884769
  0.60436546  0.7843162   0.75778183  0.70214817  0.68556317  0.64227264
  0.8387009   0.83140401  0.78490404  0.75421928  0.73113271  0.60080787
  0.85480035  0.74297191  0.81979783  0.82138582  0.79928716  0.73169164
  0.56187059  0.50605044  0.52048975  0.65489108  0.55189646  0.28054992
  0.39518131  0.48248442  0.52698041  0.45946132  0.51123318  0.19403509
 -0.92525566  0.43997089  0.47752257  0.61773938  0.52110214  0.45167055
  0.33109089  0.48524903  0.54537754  0.19724646  0.34757979  0.55009426
  0.49657586  0.52662925  0.40721606  0.50680488  0.06140248 -0.23042236
  0.35469181  0.54965015  0.52455072  0.39041774  0.55035332  0.42554003
  0.47246604  0.39510294  0.46305664  0.65398519  0.4492666   0.28565242
  0.61858507  0.42954242  0.49680922  0.42091953  0.58922777  0.57405333
  0.29799373  0.61971063  0.55000896  0.64393064  0.38771862  0.37610452
  0.39752281  0.50447456  0.4645704   0.59357972  0.41702687  0.41812413]",0.7379424298597855,0.8709371796386557
TVSD,Model A (ResNet),features/layer3-10,monkeyF/V1,100000.0,0.7040851712226868,0.723837761909805,0.4422649145126343,0.46139659217980417,"[ 0.81266224  0.69729316  0.8892574   0.86741084 -0.04076269  0.77146614
  0.88560605  0.8518725   0.6750319   0.81765836  0.75547343  0.84885067
  0.7060701   0.7691604   0.7226142   0.6944098   0.8121877   0.6772755
  0.73939794  0.7819671   0.76720357  0.77358234  0.7288908   0.65673244
  0.8140991   0.7401727   0.859496    0.687265    0.63222665  0.8619283
  0.74040085  0.6177305   0.81673694  0.765507    0.74993217  0.6940072
  0.6473646   0.63307285  0.7083377   0.6491988   0.82096696  0.8452858
  0.85482746  0.63794327  0.8358385   0.7331359   0.73794836  0.6529605
  0.8485325   0.8688264   0.8622443   0.72781307  0.67665917  0.5996449
  0.74136657  0.6645181   0.91250205  0.74819404  0.8139203   0.785982
  0.7067556   0.6111501   0.7109566   0.58076787  0.72545284  0.80261946
  0.8082816   0.84181005  0.8131321   0.76694417  0.8348492   0.76546866
  0.73422724  0.7908891   0.78241813  0.760006    0.19294457  0.780072
  0.8833252   0.7554005   0.77909607  0.7633897   0.54341835  0.77990615
  0.8382077   0.56312746  0.792509    0.8026326   0.7259077   0.7734258
  0.7559631   0.83589333  0.85941815  0.8297584   0.8760373   0.7422195
  0.312789    0.7646237   0.7227888   0.7988628   0.6781942   0.24755093
  0.6691992   0.8261379   0.8338327   0.82007176  0.7868508   0.6930516
  0.7126527   0.7583551   0.5063831   0.6914495   0.72688514  0.760387
  0.85007983  0.6576653   0.69222635  0.7398909   0.7130328   0.62007594
  0.558138    0.59395915  0.7908693   0.7211788   0.6871558   0.6437921
  0.54043573  0.82167083  0.8147481   0.8144077   0.7633748   0.74431777
  0.5476071   0.766139    0.82206255  0.64324725  0.7235413   0.69103795
  0.50417715  0.7856096   0.77328587  0.7539338   0.78198224  0.8356853
  0.60773903  0.6220336   0.75640243  0.49368006  0.746643    0.6832683
  0.77537286  0.85754174  0.8407491   0.6807127   0.8465248   0.75685275
  0.8336046   0.7539494   0.7636802   0.63324416  0.86655104  0.7731745
  0.67493284  0.8364504   0.79171026  0.81450295  0.851041    0.79989415
  0.7971683   0.77746177  0.70659924  0.90797204  0.77335566  0.81311256
  0.87566835  0.8845182   0.8613893   0.86656576  0.88670295  0.8514797
  0.8381783   0.7833872   0.86107     0.889981    0.73584706  0.86065507
  0.88604236  0.8459231   0.8288296   0.74678683  0.8539045   0.85278076
  0.7980168   0.22251594  0.8331669   0.7449422   0.7505182   0.7614843
  0.79426193  0.7458261   0.8687276   0.8631141   0.84819776  0.793627
  0.8118237   0.72563165  0.84333307  0.77615875  0.897158    0.78546315
  0.85559124  0.7998433   0.8433234   0.83792204  0.808935    0.8305934
  0.8298986   0.86919904  0.8364386   0.8892683   0.7069046   0.74183387
  0.78592193  0.90298945  0.86917657  0.79975337  0.7613372   0.8946068
  0.8420842   0.66769356  0.54498285  0.54569036  0.58532244  0.5532216
  0.630376    0.67104715  0.6019073   0.41897637  0.76658744  0.6390778
  0.53795385  0.6008702   0.65078646  0.6029777   0.62861097  0.7673758
  0.7249865   0.7231875   0.69579685  0.5707152   0.64466107  0.5889491
  0.66778725  0.7640261   0.7009755   0.67818207  0.728364    0.6267556
  0.41919446  0.6025687   0.7307246   0.7628368   0.72280604  0.71341455
  0.6944412   0.80470914  0.77481586  0.78291386  0.7577376   0.712168
  0.6937915   0.68850094  0.65211576  0.5854766   0.8716158   0.8087108
  0.6611749   0.65797985  0.6728125   0.69512045  0.6927922   0.67264676
  0.72420025  0.75471276  0.71435237  0.76565677  0.7516975   0.7096167
  0.77850264  0.7395409   0.78468865  0.65437776  0.7017665   0.70609826
  0.26153502  0.52266103  0.77389014  0.7751189   0.7932754   0.75104094
  0.6773901   0.70387506  0.68652415  0.60683686  0.7534422   0.82908493
  0.7897455   0.7483579   0.6706778   0.14692694  0.55383176  0.6206703
  0.6837026   0.84704703  0.6218073   0.5916263   0.82493865  0.48621303
  0.5791372   0.60532206  0.74094534  0.8728761   0.85015285  0.84452623
  0.842315    0.7763183   0.7182678   0.63530886  0.80854     0.84282243
  0.84237456  0.82188547  0.30395344  0.7593723   0.7857087   0.8369282
  0.7934039   0.84106296  0.84491277  0.81855464  0.76013994  0.79317683
  0.8755051   0.6909448   0.71005666  0.6275869   0.6417991   0.63909084
  0.65692633  0.63526946  0.5711535   0.6871887   0.58168614  0.64728016
  0.6968675   0.61278343  0.63238347  0.7290494   0.6831201   0.65021604
  0.7166663   0.6403738   0.62909395  0.66113895  0.5959281   0.6268596
  0.6233578   0.69842935  0.68784034  0.53706914  0.5956083   0.62874126
  0.7210871   0.64941597  0.6932096   0.6391073   0.5914859   0.6563649
  0.76498276  0.7303461   0.71895283  0.65143794  0.6687832   0.7114753
  0.7075158   0.8174057   0.3972232   0.79169565  0.63125634  0.6687199
  0.78525275  0.82220924  0.50020784  0.82441074  0.7931108   0.74015933
  0.86302835  0.81614727  0.65293336  0.8219937   0.8458362   0.7987605
  0.6879581   0.6756087   0.61231655  0.6933414   0.61900455  0.41850716
  0.49885258  0.58936286  0.55421025  0.56034625  0.40157744  0.41688344
  0.26339802  0.4830732   0.57651174  0.58514315  0.6082684   0.58213276
  0.56030196  0.53566414  0.6526732  -0.04711854  0.51691395  0.6384287
  0.6105047   0.64502746  0.5267744   0.5910418   0.55216163  0.3123732
  0.48794708  0.67551464  0.6506874   0.50368345  0.62210417  0.4983094
  0.49152765  0.49991208  0.61675495  0.78335613  0.5264244   0.56686574
  0.6843047   0.478183    0.58927035  0.49752364  0.66081184  0.65507036
  0.3981002   0.7053473   0.6106772   0.6866091   0.58531755  0.45973474
  0.50042146  0.5470731   0.5006267   0.6186521   0.6011339   0.52038175]","[ 0.6557345   0.38134676  0.7829416   0.74651283 -2.3315384   0.57619405
  0.7818024   0.7255751   0.40965176  0.6593826   0.5308638   0.7180002
  0.43629223  0.5590332   0.49918848  0.47405314  0.62601256  0.3833441
  0.5142495   0.59337     0.574211    0.592427    0.50566864  0.43128717
  0.63174057  0.54666543  0.7258356   0.46741158  0.34372568  0.73896295
  0.54204774  0.36551416  0.6581185   0.56114805  0.50406754  0.48016846
  0.41313308  0.3923278   0.5003119   0.41422588  0.6600191   0.69734085
  0.6983036   0.39318645  0.692529    0.5358364   0.53759456  0.40974903
  0.71371555  0.7429811   0.7269883   0.52461994  0.4530776   0.32794374
  0.5445746   0.44002736  0.8135381   0.53202033  0.648496    0.6066978
  0.47828132  0.3374923   0.4721951   0.31782943  0.50590813  0.6347281
  0.6369809   0.69238317  0.6515757   0.572873    0.6847326   0.5727862
  0.5203004   0.6084293   0.5928558   0.55653167 -0.63780344  0.56987715
  0.7768872   0.5586536   0.5954653   0.56330097  0.2680347   0.5983336
  0.67320275 -1.9456496   0.6230996   0.63660324  0.51214427  0.59164226
  0.55636334  0.67992127  0.73623264  0.6660836   0.75513816  0.5375837
 -0.17353737  0.56002474  0.3972819   0.62685955  0.42789292 -1.4827752
  0.4221146   0.6727513   0.68318963  0.6693963   0.6047371   0.46588796
  0.48966825  0.5629915  -1.2680593   0.4352401   0.5260163   0.5612737
  0.7187972   0.4069978   0.41596746  0.54152215  0.49262762  0.347189
  0.3061732   0.31852543  0.6222825   0.49649954  0.45968926  0.4102503
  0.2762643   0.6735847   0.6629484   0.66175735  0.5787482   0.552919
  0.24143028  0.583284    0.6741363   0.37940758  0.522544    0.4764483
  0.14854336  0.6127621   0.59425646  0.56268466  0.6106037   0.6967573
  0.33064342  0.2557695   0.56503433 -0.10630774  0.550622    0.4617927
  0.5996657   0.7244968   0.7065233   0.43618786  0.71551794  0.5714848
  0.69234216  0.5677655   0.5746386   0.30077612  0.74685764  0.58713937
  0.34293872  0.6966107   0.61678123  0.6455024   0.70125043  0.61869
  0.6183665   0.5939261   0.48824817  0.8177393   0.58689123  0.6540483
  0.7408805   0.7507069   0.73316854  0.7504923   0.7858665   0.7238877
  0.7012026   0.5892079   0.72846365  0.76149267  0.5390912   0.72600013
  0.7822571   0.71537393  0.6660052   0.53273106  0.71454144  0.7078887
  0.62489986 -0.9904368   0.69047743  0.38712525  0.56025916  0.5504537
  0.6190746   0.5548874   0.751298    0.73661304  0.7192029   0.5077219
  0.6501192   0.52019525  0.6953721   0.47161645  0.7893525   0.5416115
  0.73172903  0.6293709   0.710603    0.6608007   0.63164175  0.667879
  0.6835364   0.75417256  0.6966806   0.78958976  0.49376833  0.5457808
  0.57535636  0.7889532   0.7476518   0.6161083   0.57586545  0.79917336
  0.70669866  0.39045548  0.18180156  0.2767074   0.31800574  0.27682853
  0.34537905  0.39058697  0.3420024   0.07124716  0.55754936  0.40306938
  0.22323501 -0.47776258  0.3856355   0.35452646  0.37782794  0.55874807
  0.51720476  0.5076175   0.43756813  0.26332253  0.41113     0.3360778
  0.44505358  0.5467626   0.48827595  0.43903512  0.48615336  0.386949
  0.14991975  0.35523975  0.52326363  0.5446826   0.517581    0.48802924
  0.47472388  0.6438281   0.5933654   0.59788215  0.5710072   0.5030638
  0.47542948  0.44324493  0.4194041   0.29620236  0.74294865  0.63834333
  0.4340664   0.42433292  0.4514987   0.48170346  0.47955197  0.439232
  0.4978751   0.56578696  0.5038111   0.5624024   0.5646932   0.49004942
  0.58815855  0.546237    0.61422646  0.39751792  0.4794311   0.4925871
 -0.44810677  0.2098242   0.59239876  0.5945611   0.6188828   0.56169176
  0.43826908  0.48127413  0.46086472  0.33116686  0.5594392   0.6838052
  0.6235275   0.5143898   0.39016086 -1.3692212   0.25381887  0.37414718
  0.4568302   0.71729475  0.3529638   0.26563132  0.68017614  0.06835032
  0.30334377  0.31294763  0.54813814  0.75745726  0.7201047   0.7107389
  0.7073614   0.6020509   0.5109941   0.34500486  0.65012205  0.7056202
  0.7061141   0.67430097 -0.42108464  0.5740019   0.6008457   0.69245446
  0.6202574   0.70533246  0.7072987   0.6638791   0.5708345   0.6230527
  0.7627754   0.46633953  0.47510582  0.38044077  0.41122872  0.40266448
  0.42763513  0.3998831   0.31946075  0.4666022   0.33013767  0.40239257
  0.47807086  0.37095678  0.3866235   0.52727723  0.46530962  0.41338277
  0.48638642  0.37683368  0.38240725  0.4235813   0.3497076   0.37988645
  0.3553512   0.4739647   0.4689036   0.24830389  0.33573794  0.38915074
  0.5116166   0.40787488  0.4747752   0.40496266  0.3362733   0.42291182
  0.58090436  0.52212375  0.51365924  0.41744447  0.42800152  0.50266504
  0.48508447  0.6677029  -0.3994527   0.625275    0.35489917  0.41962647
  0.6123527   0.6747201   0.1275577   0.67678475  0.6279324   0.5328386
  0.7447263   0.66150165  0.42590702  0.66407406  0.7139166   0.62853205
  0.4732269   0.4555912   0.36998457  0.474743    0.37638628  0.04173017
  0.14500201  0.32917076  0.2827875   0.29647952 -2.1307263   0.08383912
 -0.6095946   0.18780869  0.29041833  0.32996625  0.30933166  0.30653453
  0.2685415   0.17934549  0.4245959  -6.2704153   0.2113871   0.39300096
  0.32043803  0.4003688   0.21921474  0.3471849   0.27649486 -0.18983495
  0.01950675  0.44571304  0.40626156  0.20717573  0.38546437  0.18062723
  0.21359146  0.22080457  0.3751064   0.61329484  0.24638385  0.22539717
  0.45076084  0.18063521  0.29776078  0.17035925  0.38124037  0.4228921
  0.04728544  0.48385966  0.36617208  0.46747172  0.24029094  0.10520571
  0.1495769   0.24974471  0.21408105  0.3679185   0.28389698  0.07137382]","[ 0.86223392  0.73648683  0.90012023  0.8889431  -0.04331919  0.78816964
  0.892497    0.86346999  0.71561353  0.83729083  0.77784312  0.874496
  0.75239685  0.79280377  0.74221082  0.70789336  0.83536807  0.71554465
  0.78209128  0.80736027  0.79944278  0.78586643  0.74714895  0.66615831
  0.83750239  0.77974128  0.87518603  0.69944493  0.65910264  0.86683614
  0.74476116  0.62632183  0.83393295  0.79629144  0.77758258  0.71103006
  0.65596631  0.64660055  0.71392126  0.65263796  0.83079758  0.86155229
  0.87181013  0.64651631  0.83973988  0.73744099  0.74888607  0.66054146
  0.87055349  0.8815887   0.87997979  0.73901563  0.68378041  0.61450719
  0.75062496  0.67301786  0.92146998  0.77697397  0.84201158  0.80765879
  0.71598624  0.6281746   0.72445331  0.59183704  0.73457918  0.80886999
  0.81751372  0.84640959  0.81731402  0.79791414  0.85902429  0.77210179
  0.7389756   0.7949208   0.7863      0.76406622  0.19426601  0.81160229
  0.8970874   0.76198437  0.78502417  0.76753892  0.54580518  0.78517855
  0.85769442  0.57429465  0.81725358  0.81046485  0.7296759   0.77647019
  0.75948731  0.84643628  0.87563143  0.84227837  0.89357519  0.75227506
  0.31424443  0.77117206  0.73101774  0.82141655  0.7457197   0.26096601
  0.67365446  0.83291007  0.84321438  0.83664764  0.82407898  0.76876085
  0.7242238   0.78197065  0.51794115  0.72062934  0.73468924  0.7956884
  0.87744101  0.69050271  0.71853867  0.77470862  0.74672414  0.66207593
  0.58121888  0.6296256   0.8018684   0.77459314  0.71627481  0.70848067
  0.57881146  0.82910339  0.82343079  0.83179516  0.78037372  0.76480808
  0.61910828  0.77326681  0.83134091  0.70838832  0.75972374  0.71599275
  0.53916939  0.79259813  0.8149338   0.78391978  0.80358586  0.87757705
  0.67144906  0.69228605  0.81716698  0.54521055  0.77283852  0.70088137
  0.78796869  0.86738231  0.85357682  0.69081379  0.86362956  0.76879329
  0.84935478  0.76260306  0.79798019  0.6451456   0.87604248  0.78775628
  0.69986791  0.84407951  0.80197854  0.81861389  0.85317145  0.80492007
  0.79992199  0.8023368   0.71046573  0.91134287  0.84942863  0.81537698
  0.87767284  0.88680387  0.86955263  0.87979293  0.90641765  0.86227269
  0.85595342  0.78554831  0.86423664  0.89381056  0.74536749  0.87345427
  0.89818311  0.86518659  0.84060094  0.74963553  0.85697381  0.85508431
  0.81297151  0.23135673  0.85499079  0.76420732  0.77228579  0.7641051
  0.79837238  0.7681523   0.87854257  0.87673989  0.87280736  0.81724608
  0.81820455  0.72791443  0.84674762  0.78244177  0.90081667  0.79632196
  0.88519067  0.8243218   0.85046729  0.84131454  0.81202988  0.83306755
  0.83390052  0.87706209  0.85269362  0.89409466  0.75537272  0.74882319
  0.79277076  0.90794033  0.87271338  0.8328398   0.79151813  0.90136013
  0.84645944  0.75530749  0.59983422  0.5956792   0.60420249  0.5840842
  0.70783177  0.70720931  0.65785916  0.46624643  0.77317998  0.67206043
  0.57769141  0.60842422  0.72806866  0.64384432  0.67385838  0.77391375
  0.73774139  0.74355741  0.70454901  0.62184437  0.66085944  0.62353638
  0.69630444  0.76819656  0.71028795  0.68503659  0.73360173  0.64305139
  0.43065449  0.64221992  0.73414772  0.76701829  0.72974147  0.72595252
  0.69789636  0.81149795  0.78013783  0.78776253  0.76194074  0.71534932
  0.69660449  0.69364052  0.65876112  0.62819508  0.87486292  0.8123482
  0.6709047   0.66098086  0.67732394  0.6983747   0.69929219  0.67648192
  0.72889608  0.77195077  0.73923023  0.82905792  0.77362285  0.74720047
  0.78267311  0.74644814  0.80473152  0.67064091  0.74038692  0.7471196
  0.27553611  0.56021667  0.78746222  0.81528455  0.8018264   0.77596701
  0.69219796  0.72794417  0.70826025  0.64616553  0.75927124  0.83652979
  0.81361488  0.78276006  0.70283436  0.16070552  0.59444582  0.6418122
  0.7014624   0.86088624  0.67313964  0.62894581  0.84421829  0.50221943
  0.61507973  0.66773498  0.74790166  0.88671711  0.86477386  0.86272975
  0.86081752  0.79924959  0.74383501  0.69153314  0.81494427  0.85040582
  0.858542    0.83873258  0.31649923  0.79534567  0.82671444  0.84504562
  0.80315277  0.8526469   0.86073062  0.83680419  0.78419024  0.81833533
  0.88550263  0.69758703  0.71702383  0.63605627  0.65173699  0.65615704
  0.67250098  0.66032031  0.58675107  0.69611408  0.59818793  0.66002456
  0.7059136   0.62636982  0.67709866  0.73944697  0.69855506  0.65683636
  0.72041836  0.68089875  0.64177271  0.66736046  0.61110454  0.64201569
  0.65768474  0.70457122  0.69902305  0.57448387  0.61801009  0.64573783
  0.74663134  0.66350507  0.70890853  0.65365284  0.6182702   0.66973574
  0.78283928  0.74777758  0.7325673   0.66167138  0.69167288  0.73535727
  0.71470924  0.83414739  0.40488428  0.80276526  0.71001811  0.69947301
  0.82194009  0.84010067  0.50412464  0.83420271  0.80167615  0.75307093
  0.87323827  0.82354813  0.65705641  0.82575924  0.85067301  0.80703869
  0.69575734  0.68697564  0.6237081   0.70866196  0.64029427  0.47506731
  0.53946396  0.6157304   0.59475017  0.58429768  0.42097874  0.47366528
  0.29778723  0.53141908  0.61781492  0.61398574  0.63220407  0.59991511
  0.57942324  0.5516142   0.66501836 -0.05103848  0.57076647  0.65117579
  0.61990399  0.66497349  0.55951953  0.6061772   0.58993701  0.35491755
  0.50188075  0.69113329  0.67688294  0.53431771  0.63905709  0.53352139
  0.51139095  0.52550368  0.64558257  0.7904314   0.54427864  0.59475054
  0.69523287  0.50373668  0.61275248  0.54973021  0.68109448  0.67488054
  0.41841099  0.71347228  0.62038702  0.70090484  0.62782361  0.49215335
  0.53897908  0.59350535  0.52568706  0.64756409  0.66385098  0.58298094]","[ 0.73817284  0.4254213   0.8021867   0.78403511 -2.63316125  0.60141525
  0.79401624  0.74546569  0.46038727  0.69142706  0.56276718  0.76203973
  0.49542252  0.59392992  0.52663062  0.49264155  0.66225616  0.42788945
  0.57535024  0.63253328  0.62348363  0.61139127  0.53131917  0.44375627
  0.66858458  0.60667564  0.75257765  0.48412565  0.37357043  0.74740228
  0.54845091  0.37575193  0.68612297  0.60718808  0.54192329  0.50401282
  0.42418482  0.40927369  0.50823051  0.4186263   0.67592046  0.72443807
  0.72632528  0.40382518  0.69900905  0.54214793  0.55364888  0.41931877
  0.75124073  0.7649689   0.7572027   0.54089423  0.46266428  0.34440148
  0.55826115  0.45135599  0.82960731  0.57373677  0.69403222  0.64062378
  0.49085619  0.3565569   0.49029348  0.33006025  0.51871704  0.64465268
  0.65161506  0.69997003  0.65829499  0.62007351  0.72496303  0.58275612
  0.52705187  0.61464831  0.59875316  0.56249391 -0.64656972  0.61687677
  0.80128352  0.56843422  0.60456152  0.56944098  0.27039442  0.60645076
  0.7048679  -2.02358178  0.66261723  0.64908811  0.51747519  0.59630909
  0.56156286  0.69718084  0.76427332  0.68633587  0.78567589  0.5522487
 -0.1751561   0.56965809  0.40637947  0.66275456  0.51734251 -1.64783633
  0.42775382  0.68382611  0.69864966  0.69673041  0.66331451  0.57323527
  0.50569852  0.59860115 -1.32660594  0.4727503   0.53737193  0.61459832
  0.76581313  0.44865546  0.44819128  0.59368715  0.54028157  0.3958146
  0.33201936  0.35792803  0.6397118   0.57276991  0.49947448  0.49683668
  0.31689173  0.68582585  0.67715365  0.69031577  0.60481047  0.58378059
  0.30859352  0.59418778  0.68943968  0.4601431   0.57611291  0.51148067
  0.16987809  0.62371245  0.65999163  0.60833373  0.64480769  0.76836312
  0.40360056  0.31680514  0.65946329 -0.12965887  0.58993622  0.48590744
  0.61930693  0.74121986  0.72824733  0.44922909  0.74472542  0.58965919
  0.71875169  0.58087363  0.62741649  0.31218818  0.76330808  0.60949461
  0.36874621  0.70937596  0.63288397  0.65203475  0.70476575  0.62648918
  0.62264593  0.63253962  0.49360616  0.82382226  0.70803197  0.6576963
  0.74427627  0.75459169  0.7471308   0.77357799  0.82120045  0.74235535
  0.73125856  0.59246327  0.73383149  0.76806017  0.55313106  0.74775407
  0.80384128  0.74832607  0.68505726  0.53680312  0.71968744  0.71171822
  0.64854039 -1.07070246  0.72712379  0.40740725  0.5932293   0.5542492
  0.62549881  0.58860556  0.76837035  0.76005407  0.76154221  0.53839212
  0.66037905  0.52347337  0.70101446  0.47928284  0.79580362  0.55669026
  0.78323356  0.66848307  0.72269317  0.66616231  0.63648417  0.67186383
  0.69014458  0.76787925  0.72402175  0.7981838   0.56379891  0.55611357
  0.58542781  0.79762819  0.75374882  0.66814058  0.6224273   0.81128466
  0.71406131  0.49964867  0.22023909  0.32972593  0.33885167  0.30857699
  0.43546853  0.43381805  0.4085411   0.08823066  0.56718028  0.4457476
  0.25743292 -0.48985078  0.48266372  0.40421078  0.43417761  0.56830952
  0.53556352  0.53661616  0.44864536  0.31261698  0.43205048  0.37671067
  0.48387632  0.55274791  0.50133564  0.4479548   0.49317046  0.40733212
  0.15822887  0.40353014  0.52817767  0.55067033  0.52756117  0.50533381
  0.47945956  0.65473705  0.60154466  0.60531057  0.5773595   0.50756833
  0.47929255  0.44988718  0.42799548  0.34100326  0.74849448  0.64409848
  0.4469358   0.42821247  0.45757387  0.48622426  0.48859282  0.44425491
  0.50435263  0.59192783  0.53951336  0.6593996   0.59811536  0.54333349
  0.59447701  0.55648827  0.64600489  0.41752235  0.53365233  0.55148411
 -0.49736917  0.24106125  0.61335933  0.65777639  0.63229698  0.59959409
  0.45763978  0.51475136  0.49050965  0.37548323  0.56812888  0.69614096
  0.66178827  0.56277007  0.42847139 -1.6380696   0.29241035  0.40007043
  0.48087163  0.74092482  0.41364607  0.30020008  0.71234043  0.07292465
  0.34216452  0.38080874  0.55847879  0.78166936  0.74508654  0.74170866
  0.73877887  0.63814357  0.54801987  0.40877222  0.6604618   0.71837515
  0.73347868  0.7022281  -0.45656288  0.62967388  0.66519786  0.70595193
  0.63559368  0.7248953   0.73402967  0.69381125  0.60752757  0.66320435
  0.78029541  0.47534872  0.48447517  0.39077826  0.42406261  0.42445703
  0.44815255  0.43204242  0.33714721  0.47880164  0.34913464  0.41839411
  0.49056313  0.38758854  0.44323205  0.54242436  0.48657437  0.42184352
  0.49149266  0.42603732  0.39797665  0.43159086  0.36774638  0.39847815
  0.39556565  0.48233729  0.48427414  0.28410495  0.36146818  0.4104747
  0.54850627  0.42576457  0.49652292  0.42360565  0.36741782  0.44031762
  0.60834026  0.5473447   0.53329728  0.43066276  0.45780034  0.53697713
  0.49499853  0.69533411 -0.41500942  0.64288264  0.44898551  0.45910955
  0.67090813  0.70440367  0.12956316  0.69295731  0.64156864  0.55159078
  0.76245127  0.6735531   0.43130292  0.6701722   0.72210479  0.64162755
  0.48401744  0.47105058  0.38387902  0.49595536  0.40272199  0.05377181
  0.16957212  0.35928321  0.32567188  0.32236664 -2.34158208  0.10823321
 -0.77916284  0.2272815   0.33352201  0.36329702  0.33415538  0.32554792
  0.28718316  0.19018497  0.44081009 -7.35712428  0.25772638  0.40885123
  0.33038088  0.42551267  0.24731526  0.36519399  0.315621   -0.24506631
  0.02063672  0.46656208  0.43963077  0.23314315  0.40675915  0.20705643
  0.23120331  0.24399016  0.41099144  0.62442342  0.26337999  0.24811769
  0.46527285  0.20045703  0.32196485  0.20798763  0.40500275  0.44885645
  0.05223346  0.49507114  0.377909    0.48714064  0.27645827  0.1205662
  0.17351479  0.29393738  0.23605044  0.40311053  0.3462259   0.08957845]",0.5886815596757181,0.7850207824550611
TVSD,Model A (ResNet),features/layer3-15,monkeyF/V1,100000.0,0.6788251996040344,0.6974198882404763,0.36190611124038696,0.3727583290350365,"[ 0.56668884  0.6929096   0.8936858   0.8619611   0.56333494  0.7590828
  0.8828034   0.8344816   0.66198975  0.8082372   0.77918136  0.85301375
  0.68624115  0.7495625   0.70914567  0.6688484   0.80520886  0.6950754
  0.6557257   0.7695542   0.7500267   0.7744985   0.7228797   0.6363225
  0.808959    0.7050476   0.8638953   0.67247117  0.615296    0.85009587
  0.5720201   0.43545038  0.8120499   0.76362956  0.74917454  0.6930128
  0.6408991   0.5924461   0.6948602   0.64625984  0.8155278   0.84056824
  0.8458216   0.6208849   0.7611426   0.7245769   0.6913112   0.66565984
  0.7721512   0.8716957   0.86360276  0.61895585  0.5577349   0.57661986
  0.7211305   0.6841787   0.90918756  0.7592322   0.74788946  0.79650074
  0.68382174  0.5773736   0.7026381   0.60259676  0.71063375  0.80136204
  0.7944974   0.82565635  0.795276    0.7558924   0.8276285   0.66724914
  0.6864849   0.7815894   0.7820789   0.7460856   0.79581404  0.7910588
  0.85207087  0.7327169   0.78597957  0.76289     0.8235913   0.7731415
  0.81238145  0.7389585   0.56530297  0.75012654  0.70083004  0.75631225
  0.74377686  0.81707495  0.8470875   0.82031614  0.828793    0.6020382
  0.7149278   0.7510555   0.7052817   0.7947572   0.6698461   0.5963004
  0.67896813  0.81214225  0.82203     0.0540249   0.7736524   0.676063
  0.7962046   0.7500343   0.72970325  0.6889367   0.7037094   0.7549815
  0.85610014  0.41436195  0.46660018  0.7122295   0.5990317   0.5909592
  0.5767994   0.57627594  0.77566624  0.6579386   0.4333819   0.6030117
  0.54236734  0.77714187  0.81391746  0.7927105   0.46442723  0.6407426
  0.5417139   0.7625702   0.82184243  0.6390672   0.6268448   0.67661303
 -0.10101433  0.7900722   0.7533987   0.27871543  0.7677869   0.81277394
  0.56649876  0.57490915  0.725145    0.4475543   0.22268458  0.6544106
  0.7862964   0.8619935   0.8019016   0.655597    0.8127672   0.82212186
  0.82146704  0.74083304  0.7427428   0.65354705  0.8535328   0.7518376
  0.653705    0.8227774   0.73878103  0.78747666  0.82350653  0.7730222
  0.78212124  0.7712052   0.88038033  0.8933471   0.7294152   0.8123626
  0.86464167  0.88340175  0.8481328   0.7874932   0.87218523  0.73019654
  0.82579464  0.68716735  0.84201175  0.88589543  0.7222717   0.84503144
  0.8666279   0.8265152   0.83203465  0.6904392   0.8301713   0.8402808
  0.7720276   0.76059794  0.7948225   0.76409936  0.7142134   0.76181585
  0.77655065  0.7229935   0.7879896   0.8319957   0.8386961   0.67779815
  0.8072063   0.6896088   0.8355953   0.7129145   0.8895413   0.83446884
  0.8365928   0.7833616   0.8295616   0.8332533   0.7629423   0.82439923
  0.71500444  0.85052294  0.7919488   0.8758429   0.68881524  0.71980995
  0.7134972   0.89968586  0.86964536  0.5971177   0.7489329   0.7955856
  0.8400469   0.6401886   0.6405248   0.5365088   0.5873791   0.58736044
  0.63196295  0.37016365  0.57428086  0.60939527  0.74514216  0.6181268
  0.5852448   0.70843387  0.63938713  0.5883821   0.60525644  0.7474406
  0.7125972   0.7254346   0.67069757  0.47764271  0.66030055  0.5709538
  0.6222843   0.73924226  0.6830721   0.44586426  0.7062454   0.6206604
  0.43321314  0.5549091   0.7394096   0.7376608   0.5614414   0.3835992
  0.6998734   0.7945921   0.76117504  0.7785929   0.74437976  0.7049993
  0.6689122   0.66489285  0.67535067  0.3562752   0.87055117  0.81139123
  0.6827369   0.6518362   0.66597533  0.6970255   0.6852771   0.7247738
  0.70530057  0.72176176  0.70478296  0.6523232   0.74524426  0.68775845
  0.7413976   0.72106373  0.7659135   0.6796057   0.6795121   0.1246546
  0.45514566  0.5639113   0.7538685   0.7594759   0.7811488   0.74974936
  0.7121282   0.69712484  0.6327838   0.4249322   0.73614657  0.80227697
  0.7718792   0.7026599   0.21189606  0.56283444  0.24683154  0.60864574
  0.65360826  0.82342476  0.6153008   0.5617936   0.8073542   0.75568426
  0.5122904   0.6299114   0.7287815   0.80812407  0.83008164  0.8219865
  0.70158786  0.78119445  0.67871165  0.04961678  0.73779684  0.8359162
  0.8284734   0.78462166  0.78055745  0.546848    0.61035335  0.8221705
  0.8596019   0.8792192   0.8371432   0.66934615  0.7645133   0.6750724
  0.86661726  0.6881395   0.70016056  0.61655515  0.6236809   0.6283972
  0.6802573   0.6282769   0.41166124  0.67813504  0.58381575  0.64073163
  0.6885735   0.6242272   0.62829995  0.7264957   0.66645724  0.64480615
  0.6837546   0.67774147  0.64614546  0.65912986  0.5898404   0.6502538
  0.6348762   0.7036601   0.668148    0.53583974  0.6199651   0.61194056
  0.73398393  0.6580584   0.69771117  0.60362035  0.601804    0.65628976
  0.77146256  0.7441334   0.7384072   0.7433357   0.6806126   0.71187705
  0.711994    0.82095176  0.7611128   0.7838041   0.612171    0.67192173
  0.7859887   0.8190075   0.8240385   0.81066114  0.8059066   0.7430214
  0.8588621   0.82487565  0.8333705   0.84425914  0.8416955   0.7748368
  0.69558704  0.6875759   0.59947073  0.67846537  0.6030952   0.17334545
  0.5126271   0.5512117   0.5219266   0.52820534  0.5923114   0.42745203
  0.26182172  0.47127333  0.5668608   0.6149249   0.6003113   0.53698814
  0.5499146   0.5595896   0.6371444   0.5186664   0.47071508  0.6328035
  0.60992485  0.5135463  -0.0825616   0.5796923   0.5628783   0.22554088
  0.48267525  0.6777484   0.62276924  0.38780546  0.61529565  0.40456417
 -0.01996914  0.43363482  0.6087754   0.7657818   0.49228218  0.5652029
  0.505538    0.47411406  0.5674205   0.45753768  0.67597705  0.6523531
 -0.09857833  0.67718947  0.41223767  0.6716633   0.58443964  0.46709135
  0.45699844 -0.05682908  0.4340349   0.43931043  0.40290928  0.474845  ]","[-5.90811014e-01  3.80824983e-01  7.83346534e-01  7.38281250e-01
  2.25222170e-01  5.56677341e-01  7.76611865e-01  6.96114659e-01
  4.17019665e-01  6.46711648e-01  5.77054262e-01  7.25897193e-01
  4.21734810e-01  5.32805562e-01  4.86193359e-01  4.38264132e-01
  6.27421021e-01  4.24414635e-01  4.11558628e-01  5.74965417e-01
  5.55532455e-01  5.95199823e-01  5.07534027e-01  4.03969526e-01
  6.33721709e-01  4.96285200e-01  7.40046740e-01  4.47144330e-01
  3.35259020e-01  7.17531443e-01  3.26290607e-01  4.73051667e-02
  6.53927863e-01  5.63800514e-01  5.16344786e-01  4.75227356e-01
  4.05273497e-01  3.41513336e-01  4.81917739e-01  4.13265228e-01
  6.56508684e-01  6.90500736e-01  6.85210943e-01  3.66999805e-01
  5.15915751e-01  5.22459984e-01  4.68758583e-01  4.24852729e-01
  5.90395093e-01  7.46882856e-01  7.31022835e-01  3.66468668e-01
 -1.54033780e-01  2.94485569e-01  5.13267279e-01  4.64141011e-01
  7.97886372e-01  5.56054890e-01  2.60216892e-01  6.27987206e-01
  4.36712086e-01  2.95231521e-01  4.52784956e-01  3.44823122e-01
  4.89574254e-01  6.30648255e-01  6.12343371e-01  6.64613545e-01
  6.26619458e-01  5.54496527e-01  6.72956169e-01  4.33815777e-01
  4.29678321e-01  5.83731174e-01  5.89489758e-01  5.32412052e-01
  6.13010406e-01  5.83798409e-01  7.19541252e-01  5.24294138e-01
  6.01800442e-01  5.64699411e-01  6.59500480e-01  5.87656558e-01
  6.29418731e-01  4.71302748e-01  1.74486101e-01  5.45120239e-01
  4.73630369e-01  5.57492137e-01  5.34951329e-01  6.51074111e-01
  7.15642273e-01  6.52863145e-01  6.74961030e-01  3.16754758e-01
  4.92867529e-01  5.41460335e-01  4.37776923e-01  6.17189407e-01
  4.20741677e-01 -2.15844870e-01  4.44039583e-01  6.50812209e-01
  6.67099237e-01 -1.91037774e+00  5.89615464e-01  4.37648952e-01
  6.21527076e-01  5.51995575e-01  5.27892113e-01  4.32826102e-01
  4.91227746e-01  5.59217453e-01  7.27753282e-01 -1.44757724e+00
 -2.61667514e+00  5.02610564e-01 -2.71937847e-02  3.02708030e-01
  3.28346312e-01  2.90873349e-01  5.98324895e-01  3.95039141e-01
 -2.48479295e+00  3.41023266e-01  2.79019594e-01  5.95498443e-01
  6.60377502e-01  6.25052810e-01 -2.99100757e-01  4.04724717e-01
  2.31172264e-01  5.74120522e-01  6.71242118e-01  3.16967726e-01
  3.89843404e-01  4.56504405e-01 -2.63722515e+00  6.16696239e-01
  5.65805912e-01 -5.71382761e-01  5.88716149e-01  6.59548819e-01
  2.74437308e-01  2.33960569e-01  5.17666876e-01 -1.22693181e-01
 -1.23884249e+00  4.22828019e-01  6.11457944e-01  7.41419077e-01
  6.29197717e-01  3.98850918e-01  6.59141660e-01  6.72809362e-01
  6.73100114e-01  5.47027647e-01  5.49102068e-01  4.23123479e-01
  7.24290609e-01  5.59073448e-01  3.12022746e-01  6.72222614e-01
  5.42379081e-01  6.01525187e-01  6.56198442e-01  5.79622805e-01
  6.00784063e-01  5.85943937e-01  7.68413424e-01  7.85650194e-01
  3.15761864e-01  6.47680402e-01  7.20802724e-01  7.39410162e-01
  7.06861138e-01  6.19299889e-01  7.59974539e-01  5.21917045e-01
  6.80364966e-01  4.62680459e-01  6.92360640e-01  7.45424330e-01
  5.19936442e-01  6.99186087e-01  7.47154236e-01  6.82790756e-01
  6.90123677e-01  4.59959388e-01  6.68861747e-01  6.85112298e-01
  5.82232714e-01  5.68315387e-01  6.20047331e-01  5.83634138e-01
  5.05199909e-01  5.67193389e-01  5.91661096e-01  5.21108449e-01
  6.20277405e-01  6.83358788e-01  7.03407466e-01 -2.63834715e-01
  6.44202352e-01  4.71397042e-01  6.79665327e-01  4.83693123e-01
  7.65009522e-01  6.96094632e-01  6.99830770e-01  6.06837392e-01
  6.84556723e-01  6.55245781e-01  5.65023243e-01  6.51983500e-01
  4.83962357e-01  7.19841599e-01  6.25269115e-01  7.65223622e-01
  4.73420024e-01  5.11818945e-01  5.05635679e-01  7.79588521e-01
  7.45678544e-01  8.42672586e-03  5.58847785e-01  5.99133372e-01
  7.00307608e-01  2.94812858e-01  3.56780946e-01  2.64555097e-01
  3.15642357e-01  3.16672981e-01  3.23627174e-01 -1.72514915e-02
  2.99777150e-01  3.07235658e-01  5.31023145e-01  3.71753573e-01
  2.96309888e-01  3.89754951e-01  3.78448844e-01  3.32455516e-01
  3.48714292e-01  5.34614563e-01  4.98568714e-01  5.06613255e-01
  4.11909521e-01  1.42187893e-01  4.28718746e-01  3.09310198e-01
  3.84136438e-01  5.18225968e-01  4.62982178e-01  4.53293324e-04
  4.57985222e-01  3.82867754e-01  1.69988811e-01  2.96815157e-01
  5.30627131e-01  5.15346289e-01  9.21440721e-02 -1.55855536e-01
  4.81410146e-01  6.25501871e-01  5.72903872e-01  5.87717593e-01
  5.51556647e-01  4.93861616e-01  4.43859100e-01  4.15151417e-01
  4.49428141e-01 -2.46857285e-01  7.33678460e-01  6.37542367e-01
  4.65673685e-01  4.14232969e-01  4.43226933e-01  4.83033597e-01
  4.69360173e-01  5.07264853e-01  4.71164405e-01  4.79498744e-01
  4.92208242e-01  9.57949758e-02  5.53206801e-01  4.59493816e-01
  5.24775863e-01  5.19912958e-01  5.85968256e-01  4.53480482e-01
  4.48390603e-01 -1.71760726e+00  1.51363254e-01  2.51885474e-01
  5.64172864e-01  5.72214842e-01  5.98991036e-01  5.60397148e-01
  5.01549244e-01  4.74381506e-01  2.89984405e-01 -9.33368683e-01
  5.35406888e-01  6.40786350e-01  5.95679522e-01  4.83708620e-01
 -1.27072501e+00  1.87043250e-01 -4.49449778e-01  3.54668200e-01
  3.96423936e-01  6.77584052e-01  2.86791503e-01  2.16942966e-01
  6.51339293e-01  5.65953612e-01  1.31099224e-01  3.46869469e-01
  5.30835390e-01  6.47178531e-01  6.87348962e-01  6.72467291e-01
  4.12012696e-01  6.08726680e-01  4.58439171e-01 -1.25670218e+00
  5.02003729e-01  6.94153786e-01  6.83851600e-01  6.07632041e-01
  6.04092777e-01  2.77094483e-01  3.43189240e-01  6.73563659e-01
  7.34944224e-01  7.67996132e-01  6.95649445e-01  3.39033961e-01
  5.84408402e-01  4.50001061e-01  7.46892929e-01  4.62302983e-01
  4.60196555e-01  3.68186057e-01  3.87892365e-01  3.87679577e-01
  4.58250761e-01  3.89814138e-01 -4.73237395e-01  4.53132451e-01
  3.31081390e-01  3.95177364e-01  4.68323708e-01  3.84889603e-01
  3.78027618e-01  5.20224094e-01  4.40910935e-01  4.07189727e-01
  4.47762907e-01  4.33336735e-01  4.03517663e-01  4.26851332e-01
  3.45498204e-01  4.08485711e-01  3.73286545e-01  4.80323792e-01
  4.43118453e-01  2.62556493e-01  3.71301472e-01  3.71522188e-01
  5.34173727e-01  4.19800520e-01  4.83463645e-01  3.12757432e-01
  3.55011106e-01  4.23764288e-01  5.91450572e-01  5.45260966e-01
  5.43887854e-01  5.44003546e-01  4.50904071e-01  5.05020440e-01
  4.93981957e-01  6.73709095e-01  5.46938300e-01  5.98263860e-01
  3.11845481e-01  4.22396421e-01  6.10565960e-01  6.68374062e-01
  6.77542984e-01  6.53423190e-01  6.41789913e-01  5.37452936e-01
  7.36720026e-01  6.76724315e-01  6.89249516e-01  7.08676338e-01
  7.04556704e-01  5.74389458e-01  4.82212424e-01  4.68280792e-01
  3.53190422e-01  4.54118907e-01  3.55619073e-01 -3.26952100e-01
  1.88370883e-01  2.78435647e-01  2.40948200e-01  2.24074721e-01
  3.42620671e-01  9.83365178e-02 -5.23480296e-01  1.73305929e-01
  2.77060986e-01  3.51427794e-01  3.42133343e-01  2.62786686e-01
  2.57352412e-01  3.04117620e-01  4.02089238e-01  1.98078752e-01
  1.50733948e-01  3.86150897e-01  3.66036594e-01  7.15655684e-02
 -4.81812859e+00  3.35405886e-01  2.89667547e-01 -3.01240921e-01
  1.94707870e-01  4.51938570e-01  3.69506001e-01 -8.08756948e-01
  3.78147006e-01 -1.16521430e+00 -1.69618297e+00  1.43597066e-01
  3.66138399e-01  5.85857272e-01  2.07093477e-01  2.50349641e-01
  1.07581675e-01  1.88584208e-01  3.06042612e-01  5.65245152e-02
  4.49923694e-01  4.19259071e-01 -2.94036603e+00  4.47867334e-01
 -6.92284703e-01  4.46521521e-01  2.59673536e-01  6.32677674e-02
 -2.10582137e-01 -5.20591354e+00  1.51647627e-01 -1.59905314e+00
 -1.81922674e-01  6.86448216e-02]","[ 0.60125635  0.73185688  0.90460278  0.88335811  0.59866536  0.77551818
  0.88967252  0.84584232  0.7017873   0.82764345  0.80225304  0.87878486
  0.73126685  0.77260346  0.72837701  0.68183563  0.82819008  0.73435035
  0.69358777  0.79454427  0.78154411  0.78679716  0.7409873   0.64545543
  0.83221456  0.74273847  0.87966564  0.68438894  0.64145228  0.85493635
  0.57538881  0.44150657  0.82914725  0.79433852  0.77679702  0.71001122
  0.6494149   0.60510566  0.70033752  0.64968346  0.82529329  0.85674398
  0.86262537  0.62922869  0.76469534  0.72883174  0.70155765  0.67338827
  0.79218993  0.88450016  0.88136618  0.62848288  0.56360458  0.59091148
  0.73013617  0.69292993  0.91812291  0.78843675  0.77370177  0.81846762
  0.69275287  0.59345724  0.71597691  0.61408197  0.71957366  0.80760278
  0.80357204  0.83016764  0.79936607  0.78641609  0.85159452  0.67303116
  0.69092447  0.7855737   0.78595911  0.75007142  0.80126441  0.82303318
  0.86534611  0.73910311  0.79196005  0.76703648  0.82720872  0.77836817
  0.83126773  0.75361251  0.58295346  0.75744645  0.70446808  0.75928926
  0.74724427  0.82738055  0.86306815  0.83269363  0.84538507  0.61019459
  0.71825442  0.75748764  0.71331129  0.81719501  0.7365404   0.62861465
  0.6834884   0.81879969  0.83127891  0.0551169   0.81025609  0.74991644
  0.80913235  0.77339073  0.74635848  0.71801049  0.7112647   0.79003196
  0.88365509  0.43505115  0.48433619  0.74574554  0.62733641  0.630987
  0.60065197  0.61088054  0.7864539   0.706669    0.45174695  0.66360268
  0.58088023  0.78417163  0.82259128  0.8096347   0.47476915  0.65838159
  0.61244557  0.76966484  0.8311183   0.70378493  0.6581917   0.70104692
 -0.10802519  0.79710043  0.79397556  0.2898007   0.78899836  0.85351716
  0.62588552  0.63983937  0.78339851  0.49427016  0.23049733  0.67127978
  0.79906971  0.87188515  0.81413659  0.66532537  0.82918989  0.83509212
  0.83698792  0.74933615  0.77610236  0.66583007  0.86288164  0.76601696
  0.67785582  0.83028179  0.74836283  0.79145119  0.82556804  0.77787925
  0.78482294  0.79588004  0.88519776  0.89666362  0.80116583  0.81462495
  0.86662092  0.88568453  0.85617051  0.79951344  0.89157715  0.73945218
  0.84330716  0.68906303  0.84510832  0.88970744  0.73161647  0.8575983
  0.8785026   0.8453367   0.84385152  0.69307298  0.8331553   0.84255056
  0.7864953   0.79081731  0.81564202  0.78385992  0.73492799  0.76443777
  0.78056944  0.74463617  0.79689238  0.84513023  0.86303005  0.69797004
  0.81355081  0.69177826  0.83897853  0.71868558  0.89316891  0.84600514
  0.86553497  0.80733569  0.83658889  0.83662693  0.76586124  0.82685493
  0.71845233  0.85821703  0.80733922  0.88059645  0.73604309  0.72659177
  0.71971491  0.90461863  0.87318408  0.62182096  0.77862208  0.80159137
  0.84441151  0.72419334  0.70499227  0.58565655  0.60632549  0.62012757
  0.70961374  0.39011145  0.62766461  0.67814891  0.75155028  0.65002818
  0.62847561  0.71734017  0.71531563  0.62825954  0.64882279  0.75380865
  0.72513412  0.7458678   0.67913402  0.52043372  0.6768919   0.60448427
  0.64885832  0.74327743  0.69214672  0.4503707   0.7113241   0.63679774
  0.44505642  0.59142417  0.74287346  0.7417043   0.56682854  0.39034079
  0.70335558  0.80129555  0.76640331  0.78341479  0.74850883  0.70814864
  0.67162428  0.6698562   0.68223279  0.38227034  0.87379429  0.81504068
  0.69278398  0.65480921  0.67044091  0.70028864  0.69170661  0.72890619
  0.70987385  0.73824716  0.72932756  0.70633961  0.76698141  0.72418451
  0.74536932  0.72779842  0.78547679  0.69649586  0.71690778  0.13189651
  0.47951156  0.60443099  0.76708948  0.79883095  0.78956906  0.77463257
  0.72769546  0.72096312  0.65281839  0.45247177  0.74184177  0.8094811
  0.79520857  0.73496133  0.22205571  0.61561619  0.2649324   0.62937802
  0.67058634  0.83687802  0.666096    0.59723132  0.82622288  0.78056179
  0.54408428  0.69485967  0.73562365  0.8209383   0.84435747  0.83970418
  0.71699911  0.80426976  0.70287084  0.05400782  0.74364078  0.84343747
  0.84437402  0.80070493  0.81277526  0.57275356  0.64220736  0.83014479
  0.87016416  0.89132863  0.85281558  0.68426913  0.78870199  0.69648476
  0.87651331  0.69475477  0.70703063  0.62487565  0.63333824  0.64517787
  0.6963851   0.65305199  0.42290324  0.68694284  0.60037796  0.6533471
  0.69751188  0.63806734  0.67272641  0.73685684  0.68151573  0.65137138
  0.68733439  0.72063114  0.65916788  0.66533246  0.60486185  0.66597547
  0.66983745  0.70984795  0.67901054  0.57316882  0.64328297  0.62848296
  0.75998504  0.672335    0.71351205  0.61735825  0.62905553  0.66965905
  0.78947033  0.76189397  0.75239006  0.75501279  0.70390718  0.73577249
  0.71923298  0.83776607  0.77579206  0.79476339  0.68855148  0.7028221
  0.82271042  0.83682928  0.83049101  0.8202898   0.81461015  0.75598296
  0.86902274  0.83235566  0.83863296  0.84812667  0.84650859  0.78286705
  0.70347274  0.69914416  0.6106233   0.69345724  0.62383772  0.19677263
  0.55435988  0.57587241  0.56010499  0.55078294  0.62092756  0.48567337
  0.29600513  0.51843828  0.60747255  0.64523549  0.62393385  0.55339146
  0.56868139  0.5762521   0.64919584  0.56181586  0.51975455  0.64543829
  0.61931523  0.52942656 -0.08769376  0.59453706  0.60138685  0.25625891
  0.49645839  0.69341868  0.64784084  0.41139197  0.63206303  0.43315185
 -0.02077612  0.45583354  0.63723003  0.77269836  0.50897844  0.5930059
  0.51361129  0.4994503   0.5900319   0.50554841  0.69672517  0.67208111
 -0.10360773  0.6849901   0.4187923   0.68564785  0.62688194  0.50002872
  0.4922103  -0.06165238  0.45576184  0.45984109  0.44494534  0.53196635]","[-6.65087251e-01  4.24839212e-01  8.02601609e-01  7.75389786e-01
  2.54358359e-01  5.81044260e-01  7.88744599e-01  7.15197647e-01
  4.68667699e-01  6.78140352e-01  6.11733527e-01  7.70421125e-01
  4.78892145e-01  5.66065055e-01  5.12921108e-01  4.55449192e-01
  6.63746161e-01  4.73732446e-01  4.60458110e-01  6.12913943e-01
  6.03202287e-01  6.14252842e-01  5.33279184e-01  4.15648835e-01
  6.70681263e-01  5.50764922e-01  7.67312349e-01  4.63133668e-01
  3.64368632e-01  7.25726011e-01  3.30145053e-01  4.86301475e-02
  6.81754027e-01  6.10058175e-01  5.55122560e-01  4.98826343e-01
  4.16114981e-01  3.56264397e-01  4.89545203e-01  4.17655445e-01
  6.72325471e-01  7.17332168e-01  7.12707257e-01  3.76929981e-01
  5.20743197e-01  5.28613959e-01  4.82757239e-01  4.34775221e-01
  6.21436422e-01  7.68986145e-01  7.61404901e-01  3.77836930e-01
 -1.57292981e-01  3.09264217e-01  5.26166975e-01  4.76090457e-01
  8.13646451e-01  5.99655911e-01  2.78488866e-01  6.63103669e-01
  4.48194031e-01  3.11908861e-01  4.70139393e-01  3.58092721e-01
  5.01969610e-01  6.40509065e-01  6.26411513e-01  6.71896116e-01
  6.33081401e-01  6.00182950e-01  7.12494674e-01  4.41366769e-01
  4.35253881e-01  5.89697718e-01  5.95353628e-01  5.38115893e-01
  6.21435927e-01  6.31946166e-01  7.42136775e-01  5.33473215e-01
  6.10993430e-01  5.70854664e-01  6.65306593e-01  5.95628875e-01
  6.59024428e-01  4.90180576e-01  1.85552184e-01  5.55810973e-01
  4.78560399e-01  5.61889593e-01  5.39950734e-01  6.67601407e-01
  7.42898739e-01  6.72713473e-01  7.02256407e-01  3.25395657e-01
  4.97464918e-01  5.50774351e-01  4.47801827e-01  6.52530698e-01
  5.08696318e-01 -2.39872515e-01  4.49971697e-01  6.61525852e-01
  6.82195155e-01 -1.98838610e+00  6.46728125e-01  5.38489579e-01
  6.41874010e-01  5.86909725e-01  5.52265055e-01  4.70128265e-01
  5.01832362e-01  6.12346720e-01  7.75355011e-01 -1.59574189e+00
 -2.81938148e+00  5.51027208e-01 -2.98243540e-02  3.45103830e-01
  3.56064245e-01  3.26855299e-01  6.15083167e-01  4.55723556e-01
 -2.69984699e+00  4.12998762e-01  3.20052210e-01  6.06320524e-01
  6.74527636e-01  6.52027234e-01 -3.12569891e-01  4.27314754e-01
  2.95481829e-01  5.84852980e-01  6.86479813e-01  3.84416439e-01
  4.29808413e-01  4.90070341e-01 -3.01600002e+00  6.27716896e-01
  6.28393956e-01 -6.17737493e-01  6.21694083e-01  7.27330701e-01
  3.34992460e-01  2.89791835e-01  6.04179748e-01 -1.49643464e-01
 -1.32729545e+00  4.44908022e-01  6.31485407e-01  7.58532757e-01
  6.48544159e-01  4.10775839e-01  6.86047863e-01  6.94206074e-01
  6.98775648e-01  5.59657026e-01  5.99534542e-01  4.39177636e-01
  7.40243982e-01  5.80360088e-01  3.35503688e-01  6.84540975e-01
  5.56539351e-01  6.07612510e-01  6.59487912e-01  5.86929495e-01
  6.04941831e-01  6.24038529e-01  7.76845923e-01  7.91494444e-01
  3.80938548e-01  6.51292859e-01  7.24106476e-01  7.43236485e-01
  7.20322407e-01  6.38350028e-01  7.94144337e-01  5.35232081e-01
  7.09527780e-01  4.65236772e-01  6.97462442e-01  7.51853247e-01
  5.33477412e-01  7.20136564e-01  7.67769867e-01  7.14242019e-01
  7.09865684e-01  4.63475206e-01  6.73678777e-01  6.88818578e-01
  6.04259105e-01  6.14372050e-01  6.52955684e-01  6.14211486e-01
  5.34929919e-01  5.71104294e-01  5.97800851e-01  5.52773987e-01
  6.34372456e-01  7.05105126e-01  7.44816926e-01 -2.79772315e-01
  6.54368837e-01  4.74367658e-01  6.85180234e-01  4.91555826e-01
  7.71261717e-01  7.15474296e-01  7.49090063e-01  6.44549188e-01
  6.96203742e-01  6.60562326e-01  5.69354943e-01  6.55873502e-01
  4.88641120e-01  7.32924336e-01  6.49807728e-01  7.73552453e-01
  5.40564620e-01  5.21508770e-01  5.14486683e-01  7.88160558e-01
  7.51759457e-01  9.13838935e-03  6.04033666e-01  6.08213116e-01
  7.07603677e-01  3.77259020e-01  4.32213626e-01  3.15245167e-01
  3.36333365e-01  3.52991054e-01  4.08042843e-01 -1.91609268e-02
  3.58100671e-01  3.80472790e-01  5.40195862e-01  4.11115988e-01
  3.41702312e-01  3.99616407e-01  4.73668861e-01  3.79046757e-01
  4.00721922e-01  5.43763035e-01  5.16265960e-01  5.35554569e-01
  4.22337196e-01  1.68805723e-01  4.50534219e-01  3.46706774e-01
  4.17645283e-01  5.23898906e-01  4.75365349e-01  4.62502680e-04
  4.64595739e-01  4.03035884e-01  1.79410237e-01  3.37163459e-01
  5.35610319e-01  5.21011498e-01  9.39208279e-02 -1.61381872e-01
  4.86212535e-01  6.36100309e-01  5.80801103e-01  5.95019721e-01
  5.57692575e-01  4.98283748e-01  4.47465653e-01  4.21372663e-01
  4.58634563e-01 -2.84194690e-01  7.39155087e-01  6.43290295e-01
  4.79480172e-01  4.18020179e-01  4.49190814e-01  4.87566885e-01
  4.78208882e-01  5.13065773e-01  4.77294429e-01  5.01652871e-01
  5.27088253e-01  1.12316672e-01  5.85949114e-01  5.09455511e-01
  5.30413416e-01  5.29670215e-01  6.16284677e-01  4.76301138e-01
  4.99101322e-01 -1.92297592e+00  1.68003301e-01  2.89384284e-01
  5.84134730e-01  6.33054216e-01  6.11974088e-01  5.98212123e-01
  5.23716814e-01  5.07379286e-01  3.08637530e-01 -1.05827100e+00
  5.43723295e-01  6.52346031e-01  6.32231463e-01  5.29203198e-01
 -1.39549957e+00  2.23769439e-01 -5.17785651e-01  3.79241826e-01
  4.17286381e-01  6.99905914e-01  3.36097292e-01  2.45175521e-01
  6.82139944e-01  6.03829972e-01  1.47876789e-01  4.22086359e-01
  5.40849618e-01  6.67865580e-01  7.11194451e-01  7.01769407e-01
  4.30312248e-01  6.45219555e-01  4.91656922e-01 -1.48897888e+00
  5.09987762e-01  7.06701433e-01  7.10353406e-01  6.32797983e-01
  6.54990256e-01  3.03969649e-01  3.79945719e-01  6.86692912e-01
  7.53116242e-01  7.89296995e-01  7.21940158e-01  3.54319904e-01
  6.21973976e-01  4.79000655e-01  7.64048113e-01  4.71234197e-01
  4.69271881e-01  3.78190553e-01  3.99997961e-01  4.08661128e-01
  4.80237081e-01  4.21163702e-01 -4.99437473e-01  4.64979712e-01
  3.50132668e-01  4.10891985e-01  4.80561287e-01  4.02146037e-01
  4.33377572e-01  5.35168607e-01  4.61060660e-01  4.15523724e-01
  4.52463668e-01  4.89918047e-01  4.19946561e-01  4.34922725e-01
  3.63319849e-01  4.28477062e-01  4.15530693e-01  4.88808720e-01
  4.57643759e-01  3.00412530e-01  3.99757227e-01  3.91880170e-01
  5.72689877e-01  4.38213280e-01  5.05609351e-01  3.27155635e-01
  3.87891041e-01  4.41205168e-01  6.19384557e-01  5.71599544e-01
  5.64681581e-01  5.61229301e-01  4.82297435e-01  5.39493310e-01
  5.04077854e-01  7.01588838e-01  5.68238873e-01  6.15110852e-01
  3.94517976e-01  4.62140122e-01  6.68950509e-01  6.97778435e-01
  6.88195313e-01  6.69037494e-01  6.55727054e-01  5.56367523e-01
  7.54254437e-01  6.89053096e-01  6.97981757e-01  7.15184059e-01
  7.12637540e-01  5.86356894e-01  4.93207851e-01  4.84170757e-01
  3.66454187e-01  4.74409735e-01  3.80501697e-01 -4.21297267e-01
  2.20289703e-01  3.03906861e-01  2.77487702e-01  2.43639811e-01
  3.76526262e-01  1.26948812e-01 -6.69094518e-01  2.09730609e-01
  3.18182180e-01  3.86926460e-01  3.69589387e-01  2.79086531e-01
  2.75217331e-01  3.22498216e-01  4.17443964e-01  2.32407252e-01
  1.83777130e-01  4.01724897e-01  3.77394327e-01  7.60600106e-02
 -5.43575093e+00  3.52803983e-01  3.30657719e-01 -3.88885191e-01
  2.05986682e-01  4.73078819e-01  3.99856209e-01 -9.10126590e-01
  3.99037540e-01 -1.33570735e+00 -1.83604311e+00  1.58675481e-01
  4.01165512e-01  5.96487983e-01  2.21379275e-01  2.75585425e-01
  1.11045210e-01  2.09278304e-01  3.30919885e-01  6.90094582e-02
  4.77967050e-01  4.45000373e-01 -3.24805060e+00  4.58244840e-01
 -7.14474525e-01  4.65308957e-01  2.98758234e-01  7.25051344e-02
 -2.44283140e-01 -6.12710711e+00  1.67209987e-01 -1.75200532e+00
 -2.21863374e-01  8.61533912e-02]",0.5509340915748547,0.7591612493908909
TVSD,Model A (ResNet),features/layer3-20,monkeyF/V1,100000.0,0.6611036658287048,0.6794312424706951,0.353450208902359,0.36608902636844554,"[ 0.7596047   0.66841805  0.8854286   0.8697501   0.5869215   0.7594021
  0.88436526  0.8148408   0.6754807   0.7920022   0.7790314   0.41259933
  0.6757398   0.73774725  0.7077688   0.60780525  0.79749244  0.66359824
  0.7846404   0.24992548  0.5781398   0.72998714  0.7181736   0.64562386
  0.80527735  0.70900625  0.8390082   0.6660637   0.5845107   0.8386318
  0.7513956   0.6269082   0.723857    0.74523205  0.4655699   0.69198626
  0.6478778   0.5523519   0.7064171   0.66012883  0.8023365   0.8453642
  0.8401632   0.6380181   0.79600227  0.71437675  0.7247679   0.6646968
  0.8257137   0.87125814  0.8545637   0.6938807   0.63277125  0.4680292
  0.7498733   0.50119525  0.9142115   0.57778543  0.8091579   0.5662302
  0.6460769   0.5633408   0.7037252   0.578974    0.7170533   0.5631821
  0.6605053   0.7961266   0.7978308   0.75212115  0.7557061   0.7195994
  0.70135385  0.78113455  0.777567    0.73177093  0.7595063   0.7829878
  0.8881734   0.7307506   0.7673616   0.69369596  0.8276074   0.7595208
  0.8104024   0.81792134  0.7670834   0.72992796  0.7097475   0.76092947
  0.70144755  0.81076115  0.84781086  0.8238156   0.80462146  0.68225414
  0.75575495  0.7603343   0.7426535   0.7867969   0.62268865  0.8098553
  0.34308168  0.81894296  0.7638593   0.7875053   0.78828275  0.685898
  0.78552455  0.7751648   0.73801816  0.6410477   0.45504844  0.6617465
  0.8570846   0.6462202   0.60232115  0.6964335   0.6493997   0.5613357
  0.5632197   0.5910007   0.75933284  0.67943096 -0.03618074  0.5351344
  0.48114905  0.82609457  0.78848803  0.77699727  0.6758406   0.70649475
  0.52960694  0.7514618   0.799481    0.14370772  0.7041979   0.6153443
  0.29690555  0.4761528   0.74266243  0.701982    0.7764345   0.8125259
  0.5661922   0.556672    0.6293987   0.40623903  0.576239    0.65736115
  0.7695326   0.8510509   0.8161547   0.6317979   0.7789036   0.82806224
  0.8100978   0.7214161   0.40833452  0.555475    0.844939    0.7752752
  0.5806151   0.822199    0.72015125  0.76033413  0.77106994  0.76964736
  0.7265269   0.5809237   0.8729959   0.8925362   0.7228453   0.7954179
  0.8529113   0.8743996   0.6054883   0.86421365  0.8563028   0.74980414
  0.7515955   0.7433854   0.5956111   0.8767347   0.6992389   0.7453437
  0.55606467  0.829439    0.8026103   0.682153    0.806681    0.82424843
  0.73018456  0.74627626  0.79525626  0.7733099   0.5198941   0.76220495
  0.74515784  0.1225905   0.8335665   0.83204395  0.8198232   0.7884752
  0.8155789   0.695571    0.8137666   0.8717226   0.8772559   0.7327694
  0.844276    0.7793607   0.82638824  0.8368214   0.6731981   0.80059373
  0.8066515   0.8489028   0.778308    0.8696078   0.66603994  0.6929798
  0.57744914  0.89412796  0.8634965   0.7728854   0.75579417  0.87195873
  0.8303443   0.6375574   0.6047409   0.48667496  0.5744641   0.5571267
  0.6263929   0.6741681   0.50369406  0.63480425  0.6385259   0.5695177
  0.54904854  0.7468317   0.6424512   0.5598953   0.63786584  0.70528674
  0.6912118   0.6296022   0.7424386   0.53540075  0.53207177  0.529588
  0.39032197  0.6703662   0.66188663  0.6792357   0.6696945   0.6045048
  0.41746598  0.51834726  0.7130902   0.7001964   0.7039328   0.68618506
  0.67076045  0.75373244  0.4290022   0.756207    0.6902561   0.6153528
  0.6515491  -0.09344552  0.6140847   0.03681926  0.8590749   0.7847396
  0.55618316  0.62509996  0.6424688   0.64964586  0.6185295   0.5150623
  0.62366444  0.7252133   0.6770604   0.779691    0.72343695  0.6459941
  0.7013148   0.71998334  0.76215434  0.66978294  0.6732909   0.66947305
  0.61296237  0.5430427   0.73853916  0.59106725  0.77947384  0.6079119
  0.655156    0.6852611   0.44620815  0.51535577  0.72226745  0.7928066
  0.6134332   0.73232156  0.658845    0.58919793  0.38775122  0.5768006
  0.65495926  0.7974957   0.27223307  0.5218344   0.7887145   0.70654315
  0.45871803  0.60581326  0.71242064  0.8491055   0.82803226  0.81233734
  0.733671    0.5829354   0.43696073  0.61951333  0.781828    0.82376856
  0.8161288   0.6810219   0.68985     0.74468523  0.7465027   0.8236285
  0.86051875  0.86342233  0.8185111   0.80133885  0.7395357   0.74008656
  0.83969647  0.6428859   0.6822211   0.5985735   0.5910066   0.6155695
  0.61099887  0.6176647   0.60644144  0.6670151   0.54285747  0.6151635
  0.6278482   0.6128632   0.5933335   0.7120609   0.6463357   0.6065764
  0.64693     0.63584745  0.62456244  0.64781415  0.5561323   0.62795043
  0.59274536  0.6698733   0.52415764  0.45334813  0.5749646   0.57070464
  0.6811168   0.6326778   0.6739752   0.66470206  0.5204594   0.6025623
  0.737427    0.684699    0.67933315  0.7058064   0.44502902  0.45634067
  0.6767488   0.7292753   0.738239    0.7441966   0.5980653   0.6484401
  0.7654349   0.62007374  0.77810174  0.7547412   0.7043723   0.7111627
  0.7855652   0.804485    0.8043798   0.8010147   0.81245214  0.754826
  0.6613191   0.6576871   0.5865424   0.6623213   0.57405454  0.3768682
  0.48219422  0.5314051   0.44184387  0.5512545   0.57857025  0.23651952
  0.23951116  0.41956392  0.5952393   0.5801005   0.52422816  0.57036936
  0.51943296  0.36986235  0.6267091   0.47492975  0.4577299   0.624834
  0.30135694  0.61053467  0.4387547   0.44793713  0.5692301   0.24517658
  0.4202138   0.6757691   0.5751925   0.10442889  0.61081904  0.49050334
  0.4266403   0.5083355   0.5734286   0.77123535  0.33234933  0.5041379
  0.6399652   0.2745931   0.5454471   0.24127018  0.6285138   0.623096
  0.20627436  0.6560314   0.61365026  0.65531564  0.4236128   0.47692668
  0.44616574  0.543937    0.3667189   0.56476617  0.5239679   0.42615816]","[ 0.5742457   0.37566078  0.769248    0.74889076 -0.17334235  0.5619709
  0.77678394  0.6639657   0.37682194  0.6225964   0.58469176 -0.55581546
  0.37608755  0.5127654   0.48860484  0.35205543  0.61609054  0.36697596
  0.5904052  -0.27859163  0.30887592  0.4674747   0.50388205  0.41548288
  0.62929255  0.50261056  0.6937537   0.4376099   0.17207444  0.6974651
  0.5640948   0.38516212  0.47520518  0.5349108   0.07847703  0.47332996
  0.41140294  0.29000515  0.49683732  0.42943794  0.6292307   0.6940762
  0.67577434  0.38782024  0.62925905  0.50768197  0.5165607   0.42398453
  0.6792337   0.7416231   0.7124368   0.47708374  0.38940132  0.17922193
  0.5554194   0.2443434   0.8096581   0.13547528  0.64773077  0.2794881
  0.39165598  0.28355873  0.45206398  0.32788217  0.5005119   0.23508453
  0.21083224  0.6119104   0.6263279   0.5446482   0.5390663   0.5073381
  0.46671277  0.59509635  0.59051245  0.5153674   0.54642016  0.56404006
  0.78247064  0.52188987  0.5747566   0.45301813  0.6657258   0.56551623
  0.6308184   0.65930057  0.5879055   0.5182763   0.4836712   0.570364
  0.48078203  0.6419351   0.71260023  0.65184915  0.62272954  0.4237184
  0.5553917   0.55608624  0.5328212   0.59848005 -0.02298367  0.6553334
 -1.1199374   0.65712476  0.54038894  0.61713696  0.62025887  0.45736468
  0.60298     0.6002549   0.54257107  0.35695666 -0.0488714   0.42572826
  0.72687554  0.39248145 -0.02339053  0.4765947   0.333386    0.2526753
  0.30319536  0.31862706  0.5731554   0.43022776 -4.8990393   0.25719833
  0.20165831  0.6795465   0.6205838   0.6012895   0.4455316   0.49796957
  0.21773684  0.5598016   0.63687843 -0.6408489   0.4929704   0.26127833
 -0.06706083  0.1168837   0.5475136   0.48614728  0.60156375  0.65975267
  0.2677312   0.19974095  0.34809428 -0.14531493  0.21526778  0.42125398
  0.5860931   0.7171612   0.6569953   0.369591    0.5800961   0.68220854
  0.6542249   0.51494193 -0.02957928 -0.3668232   0.7103026   0.59618104
  0.18760729  0.66947174  0.517405    0.556442    0.5741966   0.5612502
  0.5232706  -0.18983877  0.75243556  0.77849716  0.5168636   0.6209564
  0.7022675   0.71418333  0.22058594  0.74175215  0.7309874   0.43780297
  0.56035864  0.52788174  0.21089101  0.718387    0.48328346  0.5502958
 -0.7448931   0.6861057   0.63087404  0.43231297  0.63958824  0.655704
  0.5222772   0.5446799   0.630361    0.5978651   0.16760445  0.55771095
  0.5407119  -1.5964262   0.6906384   0.6812135   0.67054915  0.61917865
  0.6560042   0.47692782  0.6399051   0.74274516  0.73525584  0.5290905
  0.70944774  0.59821975  0.67629933  0.64915735  0.44909728  0.6134461
  0.64044666  0.7171329   0.60503787  0.7525883   0.44035834  0.47020143
  0.25662893  0.76505363  0.7306447   0.576553    0.5704963   0.7544623
  0.6824037   0.36332732  0.3052702  -0.31559074  0.30502534  0.2738058
  0.11753935  0.44937015  0.22317147  0.35509104  0.32522476  0.2333588
  0.23282486  0.5199706   0.39114136  0.28769213  0.39487296  0.4865361
  0.4699381   0.22943646  0.5133106   0.22619414  0.2762555   0.2574674
 -0.04579663  0.43143898  0.43594474  0.4524337   0.42385203  0.36363405
  0.1540044   0.24593246  0.4978035   0.47736263  0.48741657  0.4521364
  0.44650412  0.5648049   0.10992587  0.55654407  0.4654323   0.37820256
  0.42180365 -0.98029935  0.3177849  -3.6706681   0.715047    0.597966
  0.2962197   0.37695217  0.41261607  0.4213735   0.3788615   0.24849284
  0.37237155  0.52467716  0.4564103   0.59505403  0.52230465  0.35964805
  0.4788717   0.51824045  0.5803859   0.446638    0.44246614  0.44542181
  0.36861324  0.21672308  0.5398588  -0.61485445  0.5992383  -0.03141677
  0.3308493   0.46125168  0.11734831  0.17386281  0.5155096   0.62707317
 -0.1865933   0.520141    0.3875504   0.28711814 -0.8735119   0.30200458
  0.426673    0.63108253 -0.54991627  0.20353568  0.6220138   0.42507052
  0.15777951  0.31598365  0.50596255  0.7177497   0.6840515   0.65729916
  0.45872915  0.01622939 -1.9991596   0.31790352  0.6089276   0.6762166
  0.66436017  0.4632733   0.40929896  0.553187    0.51430684  0.6731503
  0.72867286  0.7400031   0.66710705  0.63177305  0.5462579   0.53796476
  0.6987003   0.4057616   0.43793052  0.34326398  0.34313434  0.37261224
  0.36553383  0.37553835  0.3632627   0.43733555  0.28154433  0.3644477
  0.38921642  0.3721624   0.32451224  0.49744338  0.4136086   0.35923654
  0.4045663   0.37765157  0.37639874  0.4120621   0.30197465  0.3804686
  0.3243521   0.43609035  0.25388288  0.15127891  0.30746675  0.31604666
  0.45594698  0.38614154  0.4512182   0.43638706  0.23963487  0.3420239
  0.5418915   0.45917952  0.45869923  0.4923932   0.07719964 -0.79140234
  0.44752777  0.52811974  0.5397804   0.5373825   0.2914995   0.38793647
  0.57993305  0.3752669   0.6019973   0.53990674  0.35524017  0.4795453
  0.6091048   0.6392463   0.6469662   0.6377809   0.6561947   0.55860543
  0.43549407  0.42621487  0.33927357  0.4305156   0.3185014   0.0084393
  0.15797675  0.26076204  0.1225087   0.29077274  0.33120143 -0.3442726
 -0.54372895  0.09932107  0.3187825   0.31448954 -1.1827743   0.14873314
  0.2097454  -0.06609428  0.39061993  0.14928395  0.12041396  0.3766001
 -0.05306339  0.35919768  0.11017501  0.06941092  0.3003102  -0.4425553
  0.0771659   0.44844168  0.31050408 -0.7052814   0.37298697  0.20594054
  0.13071483  0.23682761  0.24097532  0.59163487 -0.71404445  0.04442877
  0.39614964 -0.35679972  0.27553868 -0.54642415  0.37386543  0.38398904
 -0.22347128  0.42281306  0.37056774  0.42312908 -4.765292    0.00695258
  0.13543636  0.25213337  0.07505655  0.30618846  0.19904035 -0.01065111]","[ 0.8059399   0.7059887   0.8962447   0.89134041  0.6237312   0.77584439
  0.89124655  0.82593413  0.71608933  0.81101865  0.80209863  0.42506471
  0.72007652  0.76042502  0.7269628   0.6196072   0.82025343  0.70109459
  0.82994604  0.25804142  0.60243421  0.74157896  0.73616334  0.6548903
  0.82842706  0.74690873  0.85432424  0.67786794  0.60935827  0.84340701
  0.75582064  0.63562716  0.73909745  0.77520116  0.48273573  0.70895953
  0.65648632  0.56415472  0.71198548  0.66362592  0.81194405  0.86163224
  0.85685451  0.64659212  0.79971771  0.7185717   0.73551028  0.67241405
  0.8471425   0.88405617  0.87214121  0.70456095  0.63943061  0.47962938
  0.75923791  0.50760596  0.92319624  0.60001045  0.83708481  0.58184637
  0.65451508  0.5790335   0.71708468  0.59000898  0.72607396  0.56756799
  0.66804952  0.80047654  0.80193404  0.78249255  0.7775894   0.72583508
  0.70588961  0.78511654  0.78142483  0.7356803   0.76470799  0.81463594
  0.90201112  0.73711967  0.7732004   0.69746638  0.83124246  0.76465541
  0.82924267  0.83414126  0.7910341   0.73705077  0.71343182  0.76392465
  0.70471762  0.82098711  0.86380516  0.83624588  0.82072964  0.69149728
  0.75927155  0.76684594  0.75110858  0.80901001  0.68468763  0.8537423
  0.34536577  0.82565615  0.77245368  0.80342296  0.82557867  0.76082582
  0.79827886  0.79930382  0.75486318  0.66810053  0.459934    0.69246845
  0.8846712   0.67848615  0.62521607  0.72920621  0.68008434  0.59935698
  0.58651074  0.62648947  0.76989334  0.7297532  -0.03771394  0.58890497
  0.51531489  0.83356714  0.79689086  0.79358601  0.69089031  0.72594383
  0.59875781  0.7584531   0.80850446  0.15826087  0.73941299  0.63756563
  0.31751217  0.48038851  0.78266104  0.72990175  0.79788483  0.85325672
  0.62554683  0.61954249  0.67996058  0.4486424   0.59645598  0.67430639
  0.78203357  0.860817    0.8286072   0.64117316  0.79464205  0.84112622
  0.82540389  0.72969636  0.42667448  0.56591481  0.85419371  0.78989654
  0.60206565  0.82969811  0.72949142  0.76417167  0.77300018  0.77448323
  0.72903657  0.59951044  0.87777293  0.89584975  0.79394971  0.79763305
  0.85486369  0.87665912  0.61122649  0.87740491  0.87534159  0.75930832
  0.76753449  0.74543615  0.59780151  0.88050726  0.70828569  0.75642804
  0.56368399  0.84832707  0.81400926  0.68475513  0.80958056  0.82647491
  0.74386811  0.77592661  0.81608713  0.79330864  0.53497282  0.7648282
  0.74901417  0.12626022  0.84298418  0.84517922  0.84360955  0.81194095
  0.82198922  0.69775921  0.81706144  0.87877919  0.8808334   0.74289976
  0.87348399  0.80321235  0.83338866  0.84020943  0.67577368  0.80297852
  0.81054129  0.85658226  0.79343331  0.87432748  0.71170624  0.69950885
  0.58248126  0.89903026  0.86701018  0.80486027  0.78575534  0.87854107
  0.83465853  0.72121689  0.66560681  0.5312576   0.59299389  0.58820717
  0.70335928  0.71049845  0.55051624  0.7064246   0.64401713  0.59891034
  0.58960564  0.75622075  0.7187436   0.597842    0.68377942  0.71129567
  0.70337251  0.64733609  0.75177746  0.58336618  0.54544111  0.56068917
  0.40699028  0.67402544  0.67067981  0.68610087  0.67451032  0.62022209
  0.42887876  0.55245642  0.71643072  0.7040345   0.71068716  0.69824449
  0.67409779  0.7600912   0.43194888  0.76089025  0.69408496  0.61810166
  0.65419081 -0.09414308  0.62034252  0.03950573  0.86227526  0.78826919
  0.56436791  0.62795101  0.64677677  0.65268722  0.62433275  0.51799895
  0.62770838  0.74177752  0.70063956  0.84425425  0.74453803  0.68020821
  0.70507178  0.72670793  0.78162163  0.68642895  0.71034423  0.70836662
  0.64577688  0.58206288  0.75149128  0.6216956   0.78787605  0.62808769
  0.66947783  0.70869367  0.46033558  0.54875561  0.72785528  0.79992571
  0.63197367  0.76598654  0.69043424  0.64445201  0.41618612  0.59644813
  0.67197244  0.81052536  0.29470686  0.55475145  0.80714757  0.72980293
  0.48718707  0.66827682  0.71910916  0.86256955  0.84227283  0.82984704
  0.74978701  0.60015443  0.45251463  0.67433972  0.78802069  0.8311805
  0.8317925   0.6949816   0.71832379  0.77996284  0.78546227  0.83161692
  0.87109226  0.87531423  0.83383471  0.81920458  0.76293409  0.76356111
  0.8492851   0.64906616  0.68891516  0.60665134  0.60015798  0.63200757
  0.62548465  0.64202132  0.62300266  0.67567845  0.55825773  0.62727556
  0.63599833  0.62645134  0.6352875   0.72221622  0.66093958  0.61275238
  0.65031695  0.67608593  0.63714988  0.65391028  0.57029531  0.64313288
  0.62538657  0.67576406  0.53267925  0.48493046  0.59658993  0.58613232
  0.70524513  0.64640376  0.68923857  0.67983013  0.5440274   0.61483712
  0.75464029  0.70104101  0.69219736  0.71689389  0.46026053  0.47165857
  0.68362946  0.74421193  0.75247709  0.75460206  0.67268584  0.67826062
  0.80119637  0.63356666  0.78419454  0.76370566  0.7119793   0.72356846
  0.7948587   0.81178013  0.80945921  0.80468414  0.81709802  0.76264889
  0.66881629  0.66875254  0.59745447  0.67695647  0.59379828  0.42780094
  0.52144944  0.55517966  0.47416431  0.57481733  0.60652255  0.26873479
  0.27078171  0.4615538   0.63788417  0.60869451  0.54485682  0.58779238
  0.53715952  0.38087546  0.63856318  0.51444064  0.50541658  0.63730966
  0.30599662  0.62941409  0.46602839  0.4594079   0.60817316  0.27856895
  0.43221329  0.69139363  0.59834876  0.11078031  0.62746443  0.52516373
  0.44388142  0.53435828  0.60023109  0.77820114  0.3436213   0.52893702
  0.65018524  0.28926713  0.5671829   0.26658735  0.64780512  0.64193922
  0.21679834  0.66358834  0.62340737  0.66895983  0.45437578  0.5105576
  0.48054294  0.59010308  0.38507611  0.59115986  0.57863419  0.47742275]","[ 0.64643935  0.41907815  0.78815653  0.78653256 -0.19576703  0.58656952
  0.78891937  0.68216737  0.42349147  0.65285314  0.61983002 -0.58990719
  0.42705835  0.54477393  0.51546516  0.36586011  0.65175969  0.40961929
  0.66055443 -0.29697907  0.33538033  0.48243909  0.52944196  0.42749505
  0.66599379  0.55778465  0.71931375  0.45325831  0.18701518  0.70543052
  0.57075839  0.3959502   0.49542628  0.57879817  0.08437069  0.49683473
  0.42240839  0.3025314   0.50470092  0.43399996  0.64439028  0.72104655
  0.70289198  0.39831377  0.63514705  0.51366187  0.53198686  0.43388674
  0.71494588  0.76357074  0.74204641  0.49188341  0.39764066  0.18821611
  0.56937847  0.25063409  0.82565071  0.14609808  0.69321329  0.2951168
  0.40195332  0.29957668  0.46939078  0.34049984  0.51318417  0.23876031
  0.21567595  0.61861547  0.63278681  0.58952316  0.57073833  0.51616883
  0.4727689   0.60117906  0.5963865   0.52088863  0.55393043  0.61055829
  0.80704232  0.53102685  0.58353649  0.45795605  0.67158675  0.57318819
  0.66048996  0.68570857  0.62519108  0.52844055  0.48870573  0.57486299
  0.4852752   0.65823041  0.73974084  0.67166865  0.64791268  0.4352772
  0.56057233  0.56565185  0.54502255  0.63275001 -0.02778833  0.72828449
 -1.13489914  0.66794232  0.55261751  0.64233713  0.68033978  0.56274809
  0.62271978  0.63822148  0.56762174  0.38772018 -0.04992643  0.46617519
  0.77441986  0.43265331 -0.02520253  0.52250521  0.36563584  0.28806376
  0.32879013  0.35804223  0.58920871  0.49631771 -5.32304169  0.31148195
  0.23131417  0.69189597  0.63388123  0.62723842  0.46559483  0.52576414
  0.27830882  0.57026636  0.65133604 -0.77721744  0.54350754  0.28048965
 -0.07669253  0.11897246  0.6080782   0.52558709  0.63526137  0.7275555
  0.32680662  0.2474062   0.40626806 -0.17723422  0.23063783  0.44325179
  0.6052898   0.73371493  0.67719645  0.3806411   0.60377569  0.70390416
  0.67918041  0.52683054 -0.032296   -0.38074121  0.72594786  0.61888054
  0.20172548  0.68173969  0.53091323  0.56207311  0.57707498  0.5683253
  0.52689194 -0.20218096  0.76069272  0.7842882   0.62354985  0.62441982
  0.70548632  0.71787911  0.22478672  0.76456901  0.76385392  0.44897211
  0.58437757  0.53079829  0.212445    0.72458274  0.49586986  0.56678495
 -0.76544631  0.71770969  0.64892112  0.43561746  0.64419444  0.65925121
  0.5420354   0.58882111  0.66381676  0.62918803  0.17746763  0.56155647
  0.54632293 -1.69343426  0.70633234  0.70289157  0.71002425  0.6565817
  0.66635693  0.47993329  0.64509738  0.7548189   0.74126486  0.5438207
  0.75938395  0.63539601  0.68780586  0.65442449  0.45254024  0.61710619
  0.64663826  0.73016643  0.62878251  0.76077958  0.50281384  0.47910335
  0.26112114  0.77346585  0.73660302  0.6252447   0.61662405  0.76589602
  0.68951322  0.46493396  0.36981218 -0.37605949  0.32502038  0.30520759
  0.14819858  0.49910748  0.26659088  0.43973567  0.33084258  0.25806755
  0.26849186  0.53312673  0.48955488  0.32801011  0.45376475  0.49486182
  0.48661907  0.24254348  0.5263053   0.26853809  0.29031283  0.28859601
 -0.04979155  0.43616188  0.44760475  0.4616256   0.42996987  0.38278902
  0.1625399   0.2793639   0.50247845  0.48261029  0.49681511  0.46816828
  0.45095829  0.57437491  0.11144115  0.56345888  0.4706101   0.38158906
  0.425231   -0.99498962  0.32429465 -4.22586025  0.72038455  0.60335713
  0.30500215  0.38039853  0.41816807  0.42532809  0.38600405  0.25133452
  0.37721625  0.54891865  0.4887535   0.69768261  0.55321798  0.39875331
  0.48401612  0.52796632  0.61041353  0.46911431  0.49250683  0.49867944
  0.40913657  0.24898718  0.55896039 -0.68022738  0.61222669 -0.03353674
  0.34547223  0.49333615  0.12489669  0.19712894  0.52351695  0.63838547
 -0.19804299  0.56906218  0.42560462  0.34349416 -1.00632363  0.32292934
  0.44912735  0.65187248 -0.64445901  0.23002343  0.65142771  0.4535183
  0.17797152  0.38450311  0.51550755  0.74069257  0.70778261  0.68594034
  0.47910361  0.01720234 -2.1440154   0.37666173  0.61861219  0.68844001
  0.69010661  0.48246041  0.4437842   0.60684016  0.56939047  0.6862715
  0.74668982  0.76052757  0.69231905  0.66025765  0.58137119  0.57263303
  0.71474857  0.41360049  0.44656675  0.35259129  0.3538431   0.39277833
  0.3830717   0.40573983  0.38337421  0.4487698   0.29774511  0.37894034
  0.39938688  0.38884822  0.3720266   0.51173347  0.43251061  0.36658907
  0.40881356  0.426962    0.39172351  0.41985385  0.31755125  0.3990888
  0.36105841  0.44379389  0.2622051   0.17309068  0.33103034  0.33336479
  0.48882266  0.40307799  0.47188685  0.45647672  0.26182905  0.3561006
  0.56748485  0.48135997  0.47623605  0.50798472  0.08257452 -0.84542374
  0.45667424  0.54997464  0.56080219  0.55251507  0.36877812  0.4244378
  0.63538836  0.39177636  0.61146192  0.55280844  0.36295458  0.49642194
  0.6236019   0.65089228  0.65516277  0.6436376   0.66372084  0.57024401
  0.44542422  0.44067743  0.3520147   0.44975178  0.34078692  0.01087454
  0.18474538  0.28461647  0.141087    0.31616156  0.36397698 -0.44444323
 -0.69497565  0.12019593  0.36609598  0.34625698 -1.2776914   0.1579586
  0.22430554 -0.07008896  0.40553668  0.17515595  0.14681054  0.39178889
 -0.05470989  0.38175591  0.12429804  0.07301139  0.34280638 -0.57131417
  0.08163588  0.46941836  0.33600803 -0.79368139  0.39359244  0.23607357
  0.14149303  0.2616957   0.26402854  0.60237042 -0.76330093  0.04890728
  0.40890346 -0.39595277  0.29793638 -0.66711646  0.39716814  0.40756486
 -0.24685567  0.43261003  0.38244556  0.44093228 -5.48253894  0.00796769
  0.15711123  0.29674872  0.082759    0.33547592  0.2427392  -0.01336779]",0.5172736523855395,0.7384230826094532
TVSD,Model A (ResNet),features/layer3-25,monkeyF/V1,100000.0,0.6709474921226501,0.6896723948171816,0.41625353693962097,0.4339046606559612,"[0.7844434  0.4651655  0.8796971  0.87230814 0.5807342  0.7471718
 0.87353235 0.80347914 0.6384369  0.6526744  0.78246635 0.8355483
 0.6815268  0.71899444 0.68390733 0.62076837 0.7969075  0.6720118
 0.7776479  0.76026577 0.7190402  0.7581842  0.6930267  0.6486367
 0.80625665 0.6923429  0.85089314 0.64242125 0.5660592  0.835231
 0.6322711  0.65042245 0.7868518  0.7477915  0.78777254 0.69070405
 0.6227489  0.6026668  0.68744755 0.67166764 0.8123031  0.84047294
 0.8587689  0.6054221  0.8094604  0.7250681  0.7071836  0.6496388
 0.73790634 0.87482584 0.8465575  0.53347087 0.6285375  0.57781243
 0.7378671  0.6730606  0.91510886 0.7583373  0.8013099  0.7879216
 0.6671264  0.56512386 0.67532915 0.6071823  0.613464   0.7973753
 0.78386825 0.8078806  0.77021194 0.7490886  0.76410437 0.69695497
 0.6826171  0.77133024 0.77145576 0.5459005  0.7778584  0.79201907
 0.8744646  0.6945645  0.7440581  0.73498225 0.8186549  0.68580693
 0.79767823 0.8089929  0.7433054  0.7540804  0.6965788  0.7431059
 0.69942856 0.7860155  0.8269258  0.8098045  0.8320521  0.657293
 0.7330803  0.73247313 0.7274513  0.7659877  0.6695523  0.79078275
 0.6696682  0.8024683  0.80257004 0.7811699  0.7629346  0.68215036
 0.7804723  0.7298384  0.57518005 0.6859594  0.6641993  0.7193734
 0.8350088  0.646826   0.6883102  0.6853419  0.66022056 0.5260059
 0.5548343  0.56807905 0.7627955  0.64974093 0.6476989  0.4895698
 0.46581256 0.7839376  0.7885481  0.76857966 0.68909746 0.6918772
 0.5134857  0.7481906  0.7992943  0.56800675 0.69493955 0.63263416
 0.49050656 0.783829   0.75196874 0.21476458 0.7501117  0.7839404
 0.53178877 0.48038402 0.7273196  0.45259774 0.64494836 0.61501676
 0.7775065  0.8434155  0.81656283 0.61419344 0.7800259  0.70837927
 0.79190046 0.730121   0.7573436  0.5850935  0.8313547  0.66645914
 0.64707714 0.791981   0.70042694 0.75931895 0.7988836  0.7497724
 0.7711828  0.72340924 0.8382829  0.8750853  0.5535456  0.7978939
 0.8527189  0.86030495 0.81333584 0.84501624 0.8720726  0.81209296
 0.81363773 0.6564353  0.73887753 0.8611387  0.66991466 0.8500252
 0.8441169  0.8028606  0.8035956  0.65401864 0.79831064 0.817096
 0.71500415 0.72298205 0.7869677  0.562269   0.6914207  0.7359656
 0.72470146 0.70372975 0.8353051  0.8101192  0.670948   0.7779884
 0.8007953  0.6886395  0.71678835 0.8513128  0.8597577  0.76736397
 0.815193   0.77102274 0.72506136 0.840375   0.73612803 0.7830793
 0.7909072  0.8382351  0.76488477 0.8532681  0.6631689  0.67568314
 0.7440551  0.88270515 0.8509317  0.63844585 0.7423233  0.8551145
 0.822547   0.64433086 0.5843492  0.51159364 0.57259285 0.53198415
 0.6021293  0.61757433 0.5240054  0.61779124 0.7193786  0.5911257
 0.5077085  0.7384387  0.59811175 0.5325393  0.62247396 0.71079826
 0.6709359  0.6700609  0.74065095 0.5072567  0.56690097 0.5175359
 0.5889306  0.5631378  0.6412247  0.661065   0.6547333  0.5804951
 0.36234778 0.5046273  0.69037867 0.7048426  0.67460626 0.679592
 0.67010146 0.75729924 0.7099436  0.7492251  0.63873804 0.667251
 0.6343358  0.62299377 0.4610895  0.51409185 0.8429886  0.7880934
 0.603065   0.5720447  0.59936446 0.6102345  0.65301454 0.7232122
 0.6541562  0.7142399  0.6884659  0.7620947  0.7248379  0.66621727
 0.71216285 0.70635027 0.76383626 0.67779815 0.66286993 0.65629333
 0.5469412  0.5566605  0.7143514  0.7431811  0.76481897 0.7348354
 0.7244627  0.6726933  0.5594876  0.56833464 0.70732397 0.7765913
 0.75645185 0.6919485  0.6231776  0.55668586 0.5029246  0.5384559
 0.6531479  0.8012925  0.605681   0.47432682 0.7778693  0.74098194
 0.5110734  0.57061714 0.7124954  0.7903534  0.80532855 0.7942667
 0.6124386  0.7378989  0.3862751  0.6361915  0.77047074 0.8073711
 0.8035892  0.7845792  0.73090297 0.71737796 0.765838   0.82112396
 0.85011214 0.8372108  0.8041174  0.7811687  0.73489004 0.7013953
 0.84527963 0.63380307 0.6811909  0.5984145  0.5783732  0.56625026
 0.6188388  0.5976916  0.54550195 0.66845405 0.53987736 0.5819073
 0.6331158  0.5789617  0.588324   0.67205733 0.64371943 0.591898
 0.6214031  0.61279035 0.6150309  0.64170593 0.5637938  0.60697234
 0.5880788  0.66839904 0.61552095 0.4397243  0.55741477 0.5776898
 0.67931926 0.63096243 0.6538381  0.60817206 0.52623117 0.60926116
 0.72224534 0.68051845 0.67001444 0.68851393 0.6627212  0.63996357
 0.64114475 0.7458703  0.73959446 0.7156299  0.55378    0.63878924
 0.73357457 0.7790467  0.77190244 0.6751396  0.7488667  0.7065726
 0.8127817  0.7996003  0.79452026 0.80243605 0.7960535  0.7199313
 0.6198328  0.64789134 0.55761933 0.6350359  0.53329295 0.3518746
 0.50075585 0.47317013 0.49151447 0.5030978  0.56885654 0.4389476
 0.2893113  0.3838969  0.56383115 0.5678049  0.5986832  0.52197236
 0.50694656 0.5215175  0.60493493 0.44935244 0.4177188  0.6269898
 0.07349461 0.57756984 0.44530118 0.55017006 0.5166462  0.23329355
 0.3898813  0.66408056 0.55094254 0.4168752  0.60788673 0.48100665
 0.4254243  0.4709136  0.59177846 0.74552125 0.52945375 0.41640544
 0.6212014  0.44311935 0.48034987 0.01781119 0.11893746 0.60969585
 0.34745097 0.6515699  0.5853491  0.63375586 0.57888806 0.47659534
 0.4247943  0.42998844 0.37488395 0.51357335 0.53063506 0.3869757 ]","[ 0.59749544  0.10754859  0.7571867   0.75604486  0.25225103  0.54454154
  0.75798446  0.64484084  0.39290226  0.41541666  0.5915681   0.6976475
  0.41344255  0.49206358  0.45797408  0.36920255  0.6163122   0.39198565
  0.5956508   0.5730705   0.51006234  0.5709152   0.46946847  0.42008847
  0.63115174  0.47881812  0.7172245   0.40894842  0.26095885  0.6911546
  0.39471465  0.40936726  0.6159893   0.5433799   0.5822995   0.46741015
  0.37996978  0.35539943  0.47217053  0.43840694  0.6526412   0.68337464
  0.71698976  0.3590294   0.64623106  0.5222558   0.49422836  0.4122427
  0.12999779  0.7403311   0.7041266   0.27911848  0.38813454  0.295731
  0.5391791   0.45212954  0.80578536  0.56897604  0.6405899   0.6188427
  0.41927075  0.26822793  0.42037994  0.3619982   0.2641799   0.6297365
  0.59500116  0.64280313  0.5800115   0.53931683  0.563066    0.4763888
  0.438569    0.58188117  0.57494366 -0.40578127  0.58261335  0.5743835
  0.75992477  0.4532472   0.53606415  0.5174662   0.64909315  0.45497042
  0.60046154  0.6442988   0.5493146   0.5604675   0.4625113   0.54564375
  0.47391152  0.6050682   0.68022585  0.62981564  0.6872035   0.41381383
  0.5255101   0.5132524   0.50891274  0.5659132   0.3973902   0.6237917
  0.42550826  0.63415986  0.63757896  0.6094905   0.5758579   0.46053672
  0.59435046  0.5283615   0.0574128   0.4235062   0.43987834  0.514575
  0.6866102   0.39372075  0.4539966   0.46017092  0.41894257  0.21868467
  0.30343068  0.29357713  0.5814971   0.37793308  0.4168821  -0.12466574
  0.1882292   0.61056393  0.61993086  0.59056723  0.47261155  0.4783455
  0.20502019  0.5544355   0.6338879  -0.09730768  0.48186725  0.39839673
  0.20519859  0.60047007  0.5652322  -0.81223536  0.5613111   0.61274946
  0.23628819  0.10579377  0.5196419  -0.1317159   0.40032583  0.36223394
  0.5968323   0.7051046   0.6664485   0.3474667   0.60746753  0.49874437
  0.62686735  0.5285538   0.57218343  0.3394984   0.68567455  0.29963523
  0.2917781   0.62002456  0.48977792  0.5547876   0.6139461   0.53444225
  0.5703354   0.5186961   0.700359    0.7431389  -0.5343673   0.61783075
  0.69684064  0.68963814  0.645015    0.70990777  0.75477695  0.65517247
  0.65925574  0.42550087  0.53808177  0.689586    0.44052148  0.71455324
  0.70448565  0.64238906  0.64319813  0.39476663  0.6244892   0.63889897
  0.4981243   0.50686115  0.6150718   0.25315428  0.4737196   0.51866174
  0.5092169   0.49354273  0.6896715   0.64550954  0.41739267  0.6011853
  0.6335716   0.465661    0.5045562   0.7098117   0.703774    0.58692133
  0.6609452   0.5917506   0.52365035  0.6467315   0.5168048   0.586864
  0.61575747  0.69782794  0.5844806   0.72326696  0.43646586  0.44680542
  0.5230887   0.74219334  0.70676184  0.24073666  0.5495218   0.7299808
  0.6674981   0.37027448  0.2916097   0.21990728  0.30344003  0.2545787
  0.30683208  0.37656158  0.23358047  0.34354097  0.49288672  0.3302455
  0.17862791  0.5097064   0.33703947  0.27204794  0.3726949   0.48230934
  0.4451139   0.43736959  0.50918436  0.19447267  0.3195908   0.25354522
  0.3407982   0.31452322  0.40992153  0.4293617   0.41223496  0.33595538
  0.10570908  0.23671126  0.4700619   0.46933037  0.4527868   0.44373137
  0.44443506  0.5712532   0.4993598   0.5494626   0.40598243  0.44447565
  0.40084875  0.3710609   0.11935127  0.1960935   0.6880313   0.6012
  0.35632223  0.30760872  0.3554533   0.371863    0.42586118  0.5170058
  0.4106952   0.5028799   0.47173488  0.5731759   0.5249602   0.42599666
  0.49635386  0.49832743  0.5809915   0.4569294   0.4226634   0.3953575
  0.2795862   0.23891109  0.5070305   0.5445183   0.57830817  0.53934515
  0.5193395   0.44612724  0.28776228  0.28602666  0.49423194  0.60244983
  0.57082665  0.4600315   0.3503666   0.24679339  0.20228457  0.25158066
  0.42493832  0.64154375  0.33998072  0.11561704  0.6050376   0.5456159
  0.18986297  0.25082666  0.5075606   0.6195966   0.64722425  0.62993556
  0.3471369   0.54433644 -0.00922728  0.27047306  0.59178424  0.64915407
  0.6439937   0.6111654   0.52807117  0.5108801   0.56459     0.6667883
  0.70428723  0.6966479   0.64473206  0.5997135   0.53973615  0.36967403
  0.7090907   0.39673412  0.4385332   0.3428858   0.32653588  0.31698143
  0.38239175  0.35491318  0.24458486  0.4408545   0.28150588  0.3288728
  0.3981322   0.33121794  0.32046753  0.4465626   0.4111874   0.33908957
  0.37474638  0.34797233  0.36417574  0.40916616  0.31496775  0.35578018
  0.32319432  0.43697846  0.37657106  0.14508659  0.29127562  0.32975376
  0.4570831   0.38531172  0.42432642  0.36650282  0.2563023   0.35807848
  0.520813    0.45626903  0.4483052   0.46656913  0.41989917  0.408373
  0.40410405  0.555069    0.54620314  0.50228965  0.23097432  0.37362862
  0.5242375   0.6048674   0.5951848   0.26637954  0.5582471   0.4724871
  0.65795773  0.6321987   0.6306938   0.6404711   0.6299351   0.4892215
  0.3817261   0.41252172  0.30430955  0.38946682  0.26553828 -0.0436492
  0.17992985  0.1886338   0.19114137  0.22255564  0.3177238   0.12318379
 -0.4800521   0.04664403  0.28094625  0.27230334  0.32239658 -0.24560666
  0.20214409  0.26012903  0.36348665  0.08102727  0.08598608  0.37859333
 -1.0880513   0.30311948  0.11857533  0.30138618  0.22896612 -0.30217934
  0.09931409  0.43202573  0.17321408  0.08445799  0.36936098  0.17508465
  0.14176255  0.17300588  0.32392144  0.55408126  0.25252455 -0.4090463
  0.3779832   0.15647966  0.19410461 -5.2968664  -0.8407736   0.364663
  0.02741045  0.41814595  0.3365606   0.39797354  0.27973878  0.10128748
  0.07086104  0.07661045  0.07420427  0.24821979  0.16081291 -0.05421579]","[0.83229373 0.49131166 0.89044316 0.89396196 0.61715583 0.76334931
 0.88032936 0.81441779 0.67681852 0.66834548 0.8056353  0.86079172
 0.72624316 0.74109576 0.70245423 0.63282202 0.81965178 0.70998355
 0.82254983 0.78495421 0.74925552 0.77022377 0.71038652 0.65794637
 0.82943452 0.72935456 0.86642613 0.65380646 0.59012238 0.83998684
 0.63599463 0.65946846 0.80341862 0.77786357 0.81681815 0.70764587
 0.63102353 0.61554477 0.69286642 0.67522585 0.82203    0.85664683
 0.87582985 0.61355808 0.81323866 0.72932582 0.71766532 0.65718119
 0.75705638 0.88767627 0.86397032 0.5416821  0.63515228 0.59213361
 0.74708181 0.68166961 0.92410241 0.78750742 0.82896592 0.80965188
 0.67583949 0.58086624 0.68814954 0.61875494 0.62118149 0.80358502
 0.79282152 0.81229474 0.77417311 0.77933753 0.78623089 0.70299439
 0.68703172 0.77526225 0.77528325 0.54881691 0.78318577 0.82403228
 0.8880887  0.70061818 0.74971958 0.73897707 0.82225064 0.69044319
 0.81622269 0.82503578 0.76651366 0.76143891 0.70019477 0.74603091
 0.70268922 0.79592936 0.84252611 0.82202338 0.84870944 0.666198
 0.73649142 0.73874615 0.73573334 0.78761329 0.73621736 0.8336362
 0.67412655 0.80904644 0.8116     0.79695946 0.79903125 0.75666879
 0.79314456 0.75256592 0.58830835 0.71490753 0.67133037 0.75277072
 0.86188489 0.67912222 0.71447367 0.71759267 0.6914165  0.56163421
 0.57777855 0.60219144 0.77340417 0.69786417 0.67514588 0.53876206
 0.49888938 0.79102881 0.79695158 0.78498869 0.70444237 0.71092386
 0.58053165 0.75515144 0.80831567 0.62552829 0.72969168 0.65547988
 0.52454999 0.79080166 0.79246857 0.22330635 0.77083483 0.82323821
 0.58753683 0.53463858 0.78574782 0.49984004 0.66757598 0.63087046
 0.79013696 0.85309396 0.82902154 0.62330745 0.79578702 0.71955506
 0.8068627  0.73850118 0.79135895 0.59608997 0.8404606  0.67902829
 0.6709831  0.7992045  0.70951129 0.76315136 0.80088348 0.75448342
 0.77384669 0.74655485 0.84286995 0.87833403 0.60799642 0.80011593
 0.85467085 0.86252805 0.82104378 0.85791448 0.89146199 0.82238669
 0.83089245 0.65824622 0.74159482 0.86484418 0.67858206 0.8626663
 0.85568321 0.82114346 0.81500858 0.65651346 0.80118013 0.81930315
 0.72840323 0.75170689 0.80758145 0.57680995 0.71147423 0.73849856
 0.72845193 0.72479577 0.84474243 0.82290836 0.69041491 0.80114201
 0.80708946 0.69080592 0.71969054 0.85820421 0.86326384 0.77797256
 0.84339484 0.79461919 0.73120342 0.84377744 0.73894437 0.78541194
 0.7947211  0.84581802 0.77974924 0.85789908 0.70863835 0.68204921
 0.75053907 0.88754482 0.85439428 0.66485887 0.77175044 0.8615697
 0.82682072 0.72887917 0.64316272 0.55845899 0.5910623  0.56166199
 0.67611433 0.65085489 0.57271569 0.68749214 0.72556514 0.62163358
 0.54521188 0.74772224 0.66913872 0.56863199 0.66727962 0.71685415
 0.6827399  0.68893437 0.74996732 0.55270075 0.58114547 0.54792933
 0.6140803  0.56621173 0.64974337 0.6677465  0.65944155 0.59558813
 0.37225372 0.53783362 0.69361281 0.70870621 0.68107921 0.69153557
 0.67343553 0.76368809 0.71481998 0.75386511 0.64228111 0.67023168
 0.63690773 0.62764434 0.4657882  0.55160186 0.84612905 0.79163805
 0.61193968 0.57465374 0.60338339 0.61309135 0.65914134 0.72733564
 0.65839786 0.73055349 0.71244224 0.82520087 0.74597984 0.70150243
 0.71597794 0.71294753 0.78334651 0.69464336 0.69934976 0.69442122
 0.57622134 0.59665913 0.72687934 0.7816918  0.77306321 0.75922362
 0.74029956 0.69569615 0.57720156 0.60516801 0.71279619 0.78356478
 0.77931494 0.72375749 0.6530567  0.60889101 0.53980552 0.55679731
 0.670114   0.81438415 0.65568209 0.50424714 0.79604886 0.76537546
 0.54279174 0.62945173 0.71918461 0.80288587 0.81917867 0.81138689
 0.6258916  0.75969531 0.40002483 0.69249388 0.77657348 0.81463549
 0.81901226 0.80066162 0.76107126 0.75136196 0.8058067  0.8290881
 0.86055778 0.84874165 0.81917149 0.79858474 0.75814146 0.72364259
 0.85493202 0.63989599 0.68787484 0.60649017 0.58732898 0.58137134
 0.63351044 0.62126062 0.56039898 0.67713612 0.55519308 0.59336454
 0.64133433 0.59179817 0.62992381 0.6816421  0.65826418 0.59792457
 0.62465643 0.6515697  0.62742622 0.64774457 0.57815188 0.62164759
 0.62046303 0.67427683 0.62552792 0.47035753 0.57838004 0.59330633
 0.7033839  0.64465118 0.6686454  0.62201355 0.55006052 0.62167243
 0.73910426 0.69676068 0.68270219 0.6993298  0.68540343 0.6614451
 0.6476634  0.76114683 0.7538587  0.72563592 0.62287508 0.66816591
 0.76784749 0.79599892 0.7779467  0.6831586  0.75695422 0.71889829
 0.82239718 0.80685112 0.79953739 0.80611199 0.80060564 0.72739255
 0.62685971 0.65879195 0.56799329 0.6490681  0.55163475 0.39942952
 0.54152217 0.49433932 0.52746827 0.52460218 0.59633954 0.49873469
 0.32708373 0.42231722 0.60422586 0.59579284 0.62224168 0.53791699
 0.524247   0.53704635 0.61637715 0.48673548 0.46123708 0.63950849
 0.07462613 0.5954299  0.47298179 0.56425882 0.55199184 0.26506748
 0.40101465 0.67943485 0.57312253 0.44222976 0.62445221 0.51499598
 0.44261628 0.49502069 0.61943866 0.75225479 0.54741073 0.43688892
 0.63112181 0.46679925 0.49949157 0.01968017 0.12258807 0.62813384
 0.36517768 0.65907542 0.5946562  0.64695116 0.6209272  0.5102029
 0.45752481 0.46648324 0.3936499  0.5375746  0.58599692 0.43352685]","[ 0.67261203  0.11997863  0.77579876  0.79404626  0.28488384  0.56837725
  0.76982618  0.66251823  0.44156334  0.43560496  0.62711962  0.74043871
  0.46947604  0.52277982  0.48315051  0.3836796   0.65199419  0.43753515
  0.66642325  0.61089399  0.55383041  0.58919086  0.49328272  0.4322338
  0.6679614   0.53138039  0.74364925  0.42357192  0.28361718  0.69904793
  0.39937739  0.42083332  0.64220112  0.58796213  0.62603048  0.49062094
  0.39013436  0.37075028  0.47964372  0.44306425  0.66836479  0.70992917
  0.7457613   0.36874393  0.65227787  0.52840735  0.50898763  0.42187069
  0.13683271  0.76224051  0.73339083  0.28777704  0.39634708  0.31057216
  0.55273001  0.46376975  0.82170146  0.61359023  0.68557099  0.65344783
  0.43029413  0.28337987  0.43649235  0.37592874  0.27086856  0.63958304
  0.60867088  0.64984671  0.58599279  0.58375256  0.59614808  0.48468083
  0.44425994  0.5878288   0.58066284 -0.41012849  0.59062108  0.62175478
  0.78378844  0.46118241  0.54425296  0.5231066   0.65480764  0.46114268
  0.62870519  0.6701059   0.5841527   0.5714592   0.46732559  0.54994774
  0.47834048  0.62042766  0.70613342  0.64896521  0.71499399  0.42510245
  0.53041195  0.52208117  0.52056663  0.59831833  0.48046328  0.69323159
  0.43119281  0.64459938  0.65200686  0.63437845  0.63163792  0.56665102
  0.61380771  0.56178077  0.06006357  0.46000515  0.44937443  0.56346295
  0.73152082  0.43401946  0.48916642  0.50449934  0.45946865  0.24931257
  0.32904531  0.32989355  0.59778402  0.43598973  0.45296244 -0.15097737
  0.21591019  0.6216598   0.63321433  0.61605342  0.49389424  0.50504475
  0.26205454  0.56479996  0.64827761 -0.11801414  0.53126614  0.42769012
  0.2346705   0.61120075  0.6277568  -0.8781298   0.59275392  0.67572177
  0.28842566  0.13103991  0.60648481 -0.16064807  0.42890897  0.38114973
  0.6163807   0.72138005  0.68694029  0.35785533  0.63226439  0.51460546
  0.65077933  0.54075665  0.62473582  0.35237965  0.70077736  0.3110438
  0.31373554  0.6313864   0.5025649   0.56040192  0.61702374  0.54117939
  0.57428243  0.55241867  0.70804466  0.74866693 -0.64466655  0.62127672
  0.70003457  0.6932069   0.65729849  0.73174508  0.78871306  0.67188709
  0.68751374  0.42785177  0.54204673  0.69553332  0.4519942   0.73596418
  0.72392397  0.67197931  0.66159776  0.39778413  0.62898665  0.64235525
  0.5169688   0.54793752  0.64771605  0.26641736  0.50159705  0.52223801
  0.51450112  0.52353322  0.70534346  0.66605141  0.4419645   0.63750144
  0.64357034  0.46859546  0.50865022  0.72135007  0.70952571  0.60326155
  0.70746741  0.62852485  0.53255971  0.65197896  0.52076685  0.59036547
  0.62171037  0.71051059  0.60741846  0.73113913  0.49836929  0.4552644
  0.53224521  0.7503542   0.71252539  0.26106763  0.59395363  0.74104354
  0.67445236  0.47382394  0.35326351  0.26204261  0.32333115  0.28377542
  0.38686687  0.41824029  0.27902501  0.42543236  0.50140068  0.36521291
  0.20599235  0.52260281  0.42184064  0.31017349  0.42827904  0.49056275
  0.46091371  0.46235521  0.52207459  0.2308783   0.33585327  0.28419964
  0.37052658  0.31796626  0.42088551  0.43808485  0.41818512  0.35365233
  0.11156787  0.26888919  0.47447631  0.47448973  0.4615176   0.45946522
  0.4488686   0.58093243  0.50624324  0.55628944  0.41049889  0.44845557
  0.40410582  0.37662144  0.12179615  0.22575283  0.6931672   0.60662026
  0.36688662  0.3104211   0.36023615  0.37535296  0.43388982  0.52291812
  0.41603849  0.52611432  0.50516406  0.67203118  0.55603072  0.47231614
  0.50168609  0.50767959  0.61105044  0.4799236   0.47046449  0.44262909
  0.31032237  0.27447837  0.52497051  0.6024129   0.59084292  0.57573955
  0.54229337  0.47715966  0.30627247  0.32430241  0.50190878  0.61331793
  0.60585358  0.50329917  0.38476966  0.2952516   0.23304061  0.26901173
  0.44730138  0.66267832  0.39843091  0.13066322  0.63364876  0.58213117
  0.21416089  0.30521715  0.51713576  0.63940199  0.66967773  0.6573844
  0.36255501  0.57696915 -0.00989587  0.32046469  0.60119617  0.66088829
  0.66895084  0.63647769  0.57256349  0.56042995  0.62505906  0.67978547
  0.72170123  0.71596986  0.66909845  0.62675264  0.57443021  0.39349707
  0.72537762  0.40439861  0.4471813   0.35220282  0.33672662  0.33413674
  0.40073845  0.38345594  0.25812593  0.45238074  0.29770446  0.34195075
  0.40853564  0.34606802  0.36738967  0.45939102  0.42997876  0.34602976
  0.37868059  0.39340751  0.37900286  0.41690314  0.33121456  0.37319212
  0.35976963  0.44469769  0.38891496  0.16600553  0.31359836  0.34782299
  0.4900407   0.40221178  0.44376327  0.38337526  0.28004015  0.37281593
  0.54541079  0.47830889  0.46544463  0.48134294  0.44913387  0.43624868
  0.41236305  0.57803915  0.56747508  0.51643403  0.29220728  0.40878371
  0.57436702  0.63147787  0.6045423   0.27274498  0.57037001  0.48911534
  0.67361755  0.64371629  0.63868418  0.6463525   0.63716006  0.49941447
  0.39043022  0.42651964  0.31573763  0.40686888  0.28411796 -0.05624459
  0.21041837  0.20588997  0.22012772  0.24198809  0.34916562  0.15902572
 -0.61358611  0.05644747  0.3226441   0.29980944  0.34826875 -0.26084088
  0.21617655  0.275851    0.37736724  0.09506989  0.10483554  0.39386252
 -1.12181241  0.32215591  0.13377517  0.31701961  0.26136657 -0.39009663
  0.10506705  0.45223452  0.18744141  0.09504396  0.38976614  0.20070287
  0.1534517   0.19117237  0.35490981  0.56413538  0.2699443  -0.45027904
  0.39015218  0.17365079  0.20988279 -6.46682029 -0.89317828  0.38705226
  0.03027872  0.42783479  0.34734839  0.41471831  0.3218436   0.11607589
  0.08220145  0.09016677  0.08181925  0.27196244  0.19611902 -0.06804408]",0.5420850759555239,0.7252358141146928
TVSD,Model A (ResNet),features/layer3-30,monkeyF/V1,100000.0,0.6651524901390076,0.6836827490038938,0.40398386120796204,0.4219077264091881,"[0.77345914 0.637042   0.8712891  0.8303045  0.5633886  0.7405309
 0.85766953 0.7737498  0.58179206 0.73475957 0.78641677 0.8286679
 0.63488925 0.7086048  0.656073   0.6044594  0.77982324 0.68185616
 0.7502656  0.6765632  0.6692608  0.73388886 0.6721317  0.599715
 0.7890598  0.70547533 0.842457   0.64364177 0.5126654  0.82926106
 0.72553176 0.6073271  0.61535764 0.7550411  0.7518716  0.6878639
 0.6445348  0.49509126 0.4755333  0.6551611  0.81549793 0.8459316
 0.8561273  0.4915098  0.7970552  0.729445   0.71156734 0.6265248
 0.8404245  0.8583634  0.8478892  0.68686026 0.5496097  0.5893402
 0.7433122  0.6559072  0.9122446  0.7247995  0.7949441  0.7760521
 0.6741537  0.5799899  0.6753442  0.4914279  0.5788063  0.78484863
 0.77138    0.80289996 0.7385954  0.7569623  0.81333774 0.69943583
 0.6793952  0.7668138  0.7639152  0.71539086 0.770053   0.7847262
 0.86954117 0.7177122  0.72825193 0.72903085 0.81111556 0.7241735
 0.7982046  0.81064403 0.7183276  0.7420304  0.69019216 0.7316897
 0.67899495 0.7900797  0.7830672  0.8126068  0.79884654 0.6630353
 0.72098583 0.7207314  0.7319957  0.7538667  0.6857494  0.8188862
 0.6746857  0.7932328  0.71783596 0.7797276  0.46929172 0.6360527
 0.7712328  0.7167012  0.7358468  0.713774   0.67070955 0.7401927
 0.83177364 0.66194785 0.62351626 0.6944739  0.65586066 0.5051614
 0.5334748  0.5743984  0.7688664  0.6673176  0.6587094  0.37343338
 0.44688797 0.80740726 0.7873329  0.76420605 0.6725821  0.6517375
 0.49873623 0.75914484 0.7921334  0.6142327  0.68295133 0.605116
 0.45968637 0.75475025 0.7127383  0.7020045  0.5172052  0.7633876
 0.5164078  0.54274994 0.72712684 0.42574224 0.65942734 0.61817145
 0.7874548  0.84186345 0.7198064  0.62525165 0.74746394 0.77026844
 0.7769165  0.6883587  0.74944544 0.61905175 0.81151223 0.7336497
 0.6279436  0.75521994 0.71268296 0.7640545  0.8049756  0.75099444
 0.7587136  0.72213256 0.8516341  0.8628427  0.6919843  0.7797392
 0.8576442  0.85773766 0.8036132  0.84581935 0.82165736 0.80595773
 0.80850375 0.7647499  0.8115703  0.85701466 0.62664545 0.8323043
 0.84274757 0.7916113  0.7991674  0.6760208  0.78841686 0.79151005
 0.7070262  0.7021498  0.75861    0.7282123  0.6959329  0.72553265
 0.7020558  0.679497   0.82576084 0.7959103  0.7593984  0.77736187
 0.78804135 0.67167324 0.7795481  0.8465613  0.83341044 0.7427285
 0.79776657 0.7686674  0.8089484  0.7984063  0.7111239  0.78058594
 0.7823767  0.8266105  0.77617633 0.8481684  0.6715037  0.66982925
 0.441212   0.88361084 0.8476553  0.73651475 0.7151312  0.84886384
 0.8204866  0.61015934 0.5842097  0.4542694  0.53629154 0.5221314
 0.43308714 0.55859953 0.46978083 0.5797267  0.7038236  0.5588086
 0.44395655 0.7341144  0.56042343 0.48201945 0.5574562  0.65704244
 0.6493331  0.63956773 0.7249714  0.47738957 0.52792424 0.46459955
 0.5606823  0.6671782  0.6197098  0.64599067 0.645919   0.5423799
 0.33165994 0.45417085 0.69660985 0.6257925  0.6572863  0.6931692
 0.6372602  0.7337516  0.7076008  0.74542946 0.652657   0.64962363
 0.62143415 0.6264089  0.59779    0.5367267  0.836876   0.7987141
 0.58383256 0.5748128  0.59325445 0.61622906 0.6167684  0.710103
 0.67108154 0.7159563  0.7061275  0.78014225 0.71461123 0.65661263
 0.7200867  0.68292534 0.74509394 0.66308725 0.66588634 0.5456686
 0.49324578 0.60115385 0.66680515 0.73974365 0.77380645 0.76084805
 0.71703404 0.66755193 0.56265724 0.55482274 0.69429874 0.7694591
 0.4975656  0.728382   0.66790134 0.5242681  0.49297595 0.54074705
 0.31437555 0.80337185 0.59225893 0.53893846 0.79476136 0.7350206
 0.50578684 0.5765866  0.67713696 0.8270528  0.8056108  0.80734694
 0.78828865 0.7512568  0.6667292  0.55742407 0.7436627  0.7909357
 0.792792   0.79726326 0.73656887 0.70821893 0.2901408  0.81417614
 0.8291575  0.81364733 0.7905978  0.79024565 0.74252146 0.67584133
 0.8350741  0.60182154 0.6453112  0.598783   0.5835953  0.55548286
 0.6312302  0.5382027  0.5628986  0.65946764 0.5011952  0.5796141
 0.63890594 0.5872948  0.5462347  0.665329   0.6168895  0.5802541
 0.62421787 0.60451037 0.59975755 0.6156805  0.5420525  0.5618736
 0.59485006 0.6416675  0.59709334 0.4033338  0.5380864  0.53922355
 0.6709529  0.63025695 0.63326126 0.47105187 0.49266008 0.5821809
 0.7138893  0.6603093  0.6637429  0.6728478  0.65446895 0.60118765
 0.63393044 0.7351458  0.7256126  0.7351574  0.5575938  0.6442143
 0.7010357  0.7566943  0.77169347 0.7691904  0.74377096 0.58601195
 0.802517   0.80197567 0.77584904 0.7977145  0.79958683 0.7412853
 0.6216245  0.6379859  0.5328865  0.63920116 0.54245996 0.3454923
 0.5218854  0.4960342  0.47213936 0.47851482 0.58695906 0.38934416
 0.32921097 0.46357155 0.5615572  0.5798378  0.57879186 0.55738616
 0.52419466 0.5485714  0.6248914  0.4443472  0.4074692  0.62383634
 0.5591691  0.5514293  0.4553911  0.5546142  0.5380303  0.20931277
 0.39492917 0.6595006  0.5872233  0.44351763 0.6108107  0.51431644
 0.42390013 0.46660542 0.59173447 0.7576134  0.53566617 0.53008807
 0.64210916 0.44989002 0.49146774 0.41373414 0.48481074 0.61418253
 0.36590117 0.65884227 0.593101   0.63539135 0.5935255  0.4563711
 0.25683823 0.47868872 0.31198034 0.54230094 0.5430012  0.41986153]","[ 0.5936433  -0.03599954  0.74161357  0.6733121   0.19747388  0.53864515
  0.7310991   0.59633934  0.30846316  0.53324944  0.60017234  0.68655825
  0.35170746  0.47787815  0.40652114  0.34539258  0.59363735  0.4138494
  0.54708564 -1.0799732   0.43154377  0.5351026   0.42727387  0.3593192
  0.6082901   0.49761754  0.7082255   0.41113514  0.15939128  0.68074864
  0.36605513  0.35285354  0.33532965  0.55862576  0.54403496  0.46209085
  0.41186112  0.23267817  0.22359473  0.41884756  0.6546476   0.6947764
  0.718903    0.21959376  0.62498295  0.52704114  0.49826497  0.3705538
  0.7037342   0.719851    0.7108629   0.4674446   0.29791337  0.309209
  0.54578674  0.42940068  0.8025849   0.5176374   0.6309162   0.6021937
  0.43918335  0.30612457  0.42549306 -0.4808091   0.29350215  0.6078421
  0.5802371   0.63950765  0.5363525   0.55717474  0.65058506  0.47995234
  0.43471557  0.5784551   0.5686891   0.49220175  0.56829345  0.5689819
  0.7517482   0.507746    0.51887405  0.5090138   0.63463885  0.51040614
  0.6046767   0.6480423   0.51082087  0.54516405  0.45208687  0.5285429
  0.4428596   0.61278117  0.5949737   0.63969755  0.62736464  0.42287993
  0.5090594   0.4953906   0.5219628   0.5476711   0.44957674  0.67021704
  0.43424153  0.62034315  0.36975938  0.607286   -2.4068055   0.3924902
  0.58548844  0.51013964  0.54064316  0.48098475  0.44923127  0.53885096
  0.6858673   0.42142004  0.25330758  0.46584898  0.4129985   0.19486457
  0.28073382  0.29925632  0.5909791   0.40426928  0.42949855 -1.8696373
  0.15394437  0.64689815  0.6167932   0.58251584  0.44353026  0.4222414
  0.16626757  0.5663446   0.622412    0.29067641  0.46315753  0.35694027
  0.16653198  0.5601032   0.5074816   0.48371118 -2.145112    0.58253944
  0.21463162  0.20149583  0.5211525  -0.23090518  0.41977316  0.3663354
  0.6116643   0.70510125  0.51567316  0.36165118  0.5578736   0.59323597
  0.60251343  0.47219133  0.5582967   0.37876236  0.65495193  0.5261303
  0.28345215  0.56763107  0.5006664   0.56134295  0.6221119   0.53487873
  0.55377984  0.5158682   0.7204671   0.7325318   0.46006972  0.5948999
  0.7057148   0.688231    0.63411444  0.71026886  0.66851723  0.64836514
  0.6483022   0.5496551   0.6390676   0.68735874  0.36040384  0.69040793
  0.70308065  0.62503797  0.6380764   0.42660636  0.6131153   0.59790444
  0.48128211  0.45982242  0.5688293   0.52303314  0.48130643  0.50523543
  0.483427    0.4607681   0.6776689   0.6301218   0.52808094  0.6021633
  0.6105679   0.44390714  0.5838815   0.7040889   0.6613672   0.5443918
  0.63374287  0.5888356   0.6510705   0.6062738   0.47849053  0.580495
  0.6031702   0.6810478   0.60218656  0.71645594  0.44871253  0.44056296
 -0.32231402  0.743783    0.7036036   0.5251382   0.50395405  0.71868575
  0.66582215  0.33100277  0.29350603  0.11900759  0.26400322  0.2396316
 -0.00267088  0.29966885  0.16790098 -0.04698741  0.47985613  0.29773033
  0.08544922  0.5010832   0.28322923  0.20063812  0.280967    0.4190138
  0.4155454   0.39509058  0.48776883  0.15289772  0.27797163  0.18311596
  0.30333024  0.42998916  0.38224715  0.40914905  0.4018008   0.28978556
  0.08093965  0.1647979   0.47873092  0.3830706   0.42613876  0.4598856
  0.4055165   0.5373002   0.49877203  0.5453115   0.4257968   0.4219461
  0.38402265  0.3702579   0.35589963  0.23414063  0.68387306  0.6166494
  0.33458477  0.314488    0.3494315   0.37960196  0.37804306  0.4964878
  0.42240465  0.5114666   0.49791867  0.59339213  0.5096457   0.4144795
  0.502182    0.46337986  0.5518154   0.43455     0.4276018   0.2550804
  0.20079678  0.31917548  0.4113984   0.5463103   0.5881236   0.57648313
  0.5050204   0.43541074  0.28511828  0.27201307  0.47542912  0.59012043
  0.14431721  0.5224029   0.4174037   0.16630137  0.19444793  0.25738376
 -0.02138603  0.644591    0.3263753   0.21517509  0.6307579   0.53633726
  0.22162712  0.25643504  0.45764822  0.6814518   0.6485977   0.6503299
  0.62093073  0.5640857   0.44202518 -0.1701715   0.55157     0.62231815
  0.6280513   0.63181996  0.5393167   0.49367934 -0.46640956  0.65506774
  0.66952074  0.6589493   0.62373734  0.61492205  0.55120564  0.44406444
  0.6926153   0.35564882  0.39018494  0.34162682  0.3365143   0.3012005
  0.39608425  0.28246123  0.30952096  0.4283703   0.23648942  0.3225609
  0.40307838  0.33867663  0.26514918  0.43591076  0.37593216  0.32812476
  0.37507933  0.34365368  0.34308702  0.34499234  0.28975827  0.29968423
  0.33547443  0.40147382  0.35217786  0.07796603  0.26889652  0.2860673
  0.44735283  0.38098705  0.39598817  0.13918763  0.21704084  0.32403743
  0.5071696   0.42890608  0.43863356  0.44291067  0.4253114   0.35558903
  0.39301878  0.53998893  0.52551943  0.53759515  0.22999704  0.39479607
  0.4784723   0.5718051   0.5946197   0.58466595  0.5513569  -0.77665746
  0.64340687  0.6359603   0.58316004  0.6290401   0.63398314  0.541348
  0.38465738  0.40218103  0.2764687   0.4007932   0.28162056 -0.06121969
  0.223504    0.2207641   0.16083181  0.18633735  0.33712357  0.0611288
 -0.32200134  0.11105359  0.27693886  0.28994465  0.29682624  0.29516345
  0.24722874  0.29349452  0.38866448  0.11215752  0.0985201   0.37691247
  0.30652243  0.27845693  0.13603085  0.3058083   0.26726794 -0.322348
  0.08456463  0.4252435   0.33053815  0.17759126  0.37211776  0.24086785
  0.15326113  0.19196731  0.34384888  0.57301056  0.2626019   0.18859988
  0.403426    0.17766523  0.21923643  0.07818502 -0.81777287  0.37325096
  0.03809541  0.42356336  0.3456596   0.39887124  0.27025253  0.11016172
 -0.13728201  0.16710919  0.00401121  0.27086985  0.01327223  0.00626135]","[0.82063946 0.67284904 0.88193244 0.85091565 0.59872237 0.75656461
 0.8643431  0.78428375 0.61676828 0.75240159 0.80970269 0.85370345
 0.67654564 0.73038677 0.67386504 0.61619638 0.80207994 0.72038416
 0.79358644 0.69853354 0.69738429 0.74554264 0.68896812 0.60832251
 0.81174332 0.74318906 0.85783599 0.65504862 0.53445883 0.83398291
 0.7298045  0.61577374 0.6283137  0.7854047  0.77959351 0.70473604
 0.65309892 0.50567052 0.47928174 0.65863186 0.82526307 0.86221053
 0.87313581 0.49811498 0.80077554 0.73372841 0.72211404 0.63379886
 0.86223505 0.87097201 0.8653294  0.69743248 0.55539388 0.6039471
 0.75259487 0.66429682 0.92121002 0.75267956 0.82238044 0.79745504
 0.68295854 0.59614641 0.6881649  0.50079429 0.58608778 0.79096077
 0.78019064 0.8072869  0.742394   0.78752919 0.83688994 0.70549676
 0.68378895 0.7707228  0.76770525 0.71921272 0.77532697 0.81644464
 0.8830886  0.72396764 0.73379317 0.73299332 0.81467819 0.72906911
 0.8167613  0.82671963 0.74075597 0.74927129 0.69377498 0.73456978
 0.68216036 0.80004482 0.79784011 0.82486798 0.81483911 0.67201805
 0.72434064 0.72690383 0.74032946 0.77515006 0.75402713 0.86326263
 0.67917747 0.79973523 0.72591255 0.795488   0.49149526 0.70553543
 0.78375505 0.73901966 0.75264228 0.74389596 0.67791053 0.77455657
 0.8585456  0.69499907 0.64721683 0.72715444 0.6868506  0.53937782
 0.55553576 0.60889025 0.77955952 0.71674269 0.68662299 0.41095617
 0.47862098 0.81471079 0.79572341 0.78052171 0.68755923 0.66967918
 0.56385631 0.76620762 0.80107394 0.67643551 0.71710395 0.62696799
 0.49159074 0.76146426 0.75112521 0.72992511 0.53149387 0.80165517
 0.57054345 0.6040481  0.78553957 0.47018135 0.68256295 0.63410647
 0.80024688 0.85152411 0.73078882 0.63452976 0.76256712 0.78242064
 0.79159564 0.69625955 0.78310606 0.63068646 0.82040082 0.747486
 0.65114265 0.76210816 0.72192628 0.76791079 0.80699075 0.75571311
 0.76133444 0.74523733 0.85629421 0.86604597 0.76005297 0.78191069
 0.85960743 0.85995412 0.81122899 0.85872985 0.83992585 0.8161737
 0.82564959 0.7668596  0.81455491 0.86070239 0.63475302 0.84468188
 0.85429509 0.80963798 0.81051748 0.67859955 0.79125079 0.79364809
 0.72027576 0.73004696 0.77848097 0.74704477 0.71611735 0.7280297
 0.70568908 0.69983762 0.83509035 0.80847514 0.78143158 0.80049686
 0.79423525 0.67378627 0.7827044  0.85341424 0.83680912 0.75299648
 0.82536554 0.79219177 0.81580108 0.80163882 0.71384456 0.78291113
 0.78614947 0.83408828 0.79126024 0.85277169 0.71754464 0.67614017
 0.44505689 0.88845548 0.85110454 0.76698495 0.74348044 0.85527183
 0.8247496  0.6902237  0.64300915 0.49588348 0.55359006 0.55125957
 0.48630158 0.58870198 0.51345052 0.64513305 0.70987641 0.5876486
 0.47675072 0.74334356 0.62697484 0.51468817 0.59758188 0.66264034
 0.66075703 0.65758233 0.73409055 0.5201579  0.54118937 0.49188415
 0.58462567 0.67082002 0.62794265 0.65251982 0.65056389 0.55648192
 0.34072693 0.48405696 0.69987319 0.62922277 0.66359305 0.70535135
 0.64043086 0.73994179 0.71246107 0.75004597 0.65627725 0.65252558
 0.62395376 0.63108494 0.60388175 0.57588825 0.83999365 0.80230653
 0.5924242  0.57743452 0.5972324  0.61911397 0.62255515 0.71415169
 0.67543295 0.73230907 0.73071895 0.84474289 0.73545488 0.69138911
 0.72394423 0.68930382 0.76412546 0.67956685 0.70253217 0.57736965
 0.51965135 0.64434957 0.67849923 0.77807621 0.78214757 0.7860996
 0.73270852 0.69037897 0.58047157 0.59078042 0.69967019 0.77636857
 0.51260408 0.76186587 0.69992479 0.57343315 0.52912728 0.5591665
 0.32254175 0.81649749 0.64115198 0.57293446 0.81333572 0.75921785
 0.53717707 0.63603669 0.68349422 0.84016716 0.81946575 0.82474907
 0.8056044  0.77344782 0.69046187 0.60675561 0.74955311 0.79805223
 0.80800783 0.81360566 0.76697103 0.74176904 0.3052831  0.8220729
 0.83934563 0.82485367 0.8053988  0.80786406 0.76601433 0.69727811
 0.84460998 0.60760702 0.65164306 0.60686368 0.59263192 0.57031641
 0.6461956  0.55942587 0.5782707  0.66803299 0.51541355 0.59102622
 0.64719961 0.60031608 0.58485844 0.67481779 0.630828   0.58616206
 0.62748593 0.64276574 0.61184507 0.62147425 0.55585693 0.57545848
 0.62760717 0.64731021 0.60680072 0.43143192 0.55832472 0.55380021
 0.69472117 0.64393039 0.64760257 0.48177262 0.51496922 0.59404054
 0.73055317 0.67606921 0.67631189 0.68341758 0.67686872 0.6213676
 0.64037575 0.75020269 0.73960716 0.74543645 0.62716473 0.67384043
 0.73378837 0.77316013 0.77773609 0.77832646 0.75180347 0.59623455
 0.81201105 0.80924802 0.78074827 0.80136878 0.80415915 0.74896787
 0.62867174 0.64871983 0.54280034 0.65332543 0.56111705 0.39218469
 0.56437186 0.51822631 0.50667588 0.49896845 0.61531665 0.44237499
 0.37219271 0.50996571 0.60178896 0.60841888 0.60156763 0.57441258
 0.54208371 0.5649058  0.63671109 0.48131383 0.44991969 0.63629208
 0.56777806 0.56848099 0.48369893 0.56881675 0.57483892 0.23782058
 0.40620665 0.67474899 0.61086388 0.47049257 0.62745586 0.55065953
 0.44103051 0.49049198 0.61939262 0.76445618 0.55383384 0.55616373
 0.65236346 0.47393174 0.51105248 0.45714844 0.49969129 0.63275621
 0.3845692  0.66643155 0.60253139 0.64862071 0.63662765 0.48855252
 0.27662769 0.51931689 0.32759746 0.56764474 0.59965321 0.47036866]","[ 0.66827562 -0.04016022  0.75984282  0.70715509  0.22302038  0.56222276
  0.74252083  0.61268713  0.34666643  0.55916414  0.63624093  0.72866927
  0.39937405  0.50770889  0.42886903  0.358936    0.62800655  0.46193953
  0.61208781 -1.15125297  0.46857422  0.55223184  0.44894775  0.36970762
  0.64376642  0.55224352  0.7343187   0.42583683  0.17323079  0.68852313
  0.37037931  0.36273669  0.34959872  0.60445885  0.58489228  0.4850375
  0.42287883  0.2427283   0.22713363  0.42329708  0.67041954  0.72177399
  0.74775132  0.22553547  0.63083094  0.53324907  0.51314478  0.37920812
  0.7407346   0.74115432  0.74040707  0.48194525  0.30421692  0.32472653
  0.55950373  0.44045573  0.81843777  0.55822602  0.67521801  0.63586783
  0.45073027  0.32341724  0.44180145 -0.49931175  0.30093323  0.6173463
  0.59356761  0.64651512  0.54188359  0.60308183  0.68880918  0.48830638
  0.44035649  0.5843677   0.57434607  0.49747481  0.57610436  0.61590768
  0.77535511  0.51663534  0.52680027  0.51456205  0.64022608  0.51733045
  0.63311864  0.67399938  0.54321764  0.55585564  0.45679265  0.53271198
  0.44699835  0.62833641  0.61763428  0.65914758  0.65273522  0.43441587
  0.51380785  0.50391213  0.53391555  0.57903164  0.54355925  0.74482496
  0.44004275  0.63055521  0.37812674  0.63208389 -2.63993893  0.48292561
  0.60465558  0.54240637  0.56560482  0.52243736  0.45892926  0.59004528
  0.73072931  0.46455387  0.2729306   0.51072437  0.45294958  0.22215635
  0.30443246  0.33627528  0.60753163  0.46637159  0.46667083 -2.26423809
  0.17658343  0.65865433  0.63000945  0.60765456  0.46350336  0.44580913
  0.21252137  0.57693172  0.63654124  0.35253051  0.51063838  0.38318544
  0.19045035  0.57011249  0.56361793  0.52295336 -2.26527413  0.64240706
  0.26199052  0.24957986  0.60824789 -0.28162486  0.44974483  0.38546536
  0.63169852  0.72137663  0.53152897  0.3724639   0.58064604  0.61210209
  0.62549642  0.48309295  0.60957364  0.39313337  0.66937803  0.54616265
  0.30478305  0.5780328   0.51373763  0.56702364  0.62523051  0.54162138
  0.55761231  0.54940687  0.72837343  0.7379809   0.55503311  0.59821797
  0.70894942  0.69179247  0.64619035  0.73211727  0.69857495  0.66490609
  0.67609069  0.55269193  0.64377669  0.69328687  0.36979002  0.71109538
  0.7224802   0.65382898  0.65632954  0.42986723  0.61753086  0.60113895
  0.49948945  0.49708674  0.59901931  0.55043552  0.50963036  0.50871913
  0.48844358  0.48876702  0.69306813  0.65017402  0.55916896  0.63853851
  0.62020361  0.44670452  0.5886192   0.71553429  0.66677233  0.55954798
  0.6783504   0.62542868  0.66214776  0.61119297  0.48215884  0.58395847
  0.60900144  0.69342548  0.6258193   0.72425397  0.51235289  0.44890376
 -0.32795604  0.75196133  0.70934142  0.56948777  0.54470148  0.72957728
  0.67275893  0.42356966  0.35556076  0.14181003  0.28130917  0.26711407
 -0.00336756  0.33283689  0.20056717 -0.05818801  0.48814501  0.32925493
  0.09853939  0.51376144  0.35449142  0.2287561   0.32287072  0.42618408
  0.43029565  0.41766093  0.50011692  0.18152044  0.29211629  0.20525526
  0.32979023  0.43469618  0.39247094  0.41746155  0.40760037  0.30505045
  0.08542563  0.18720011  0.48322674  0.38728169  0.43435572  0.47619225
  0.4095618   0.54640419  0.50564738  0.55208676  0.43053369  0.42572429
  0.38714301  0.37580641  0.36319015  0.26955463  0.68897791  0.62220895
  0.34450468  0.31736326  0.35413332  0.38316453  0.38517019  0.50216547
  0.42790029  0.53509775  0.53320334  0.69573408  0.53980979  0.45954669
  0.50757684  0.47207615  0.58036483  0.456418    0.47596143  0.28557953
  0.22287128  0.36669192  0.42595473  0.60439544  0.60087112  0.61538357
  0.52734137  0.46569773  0.3034584   0.30841354  0.4828139   0.60076611
  0.15317277  0.5715368   0.45838925  0.19895486  0.22401246  0.27521692
 -0.0225115   0.66582593  0.38248642  0.24317758  0.66058532  0.57223155
  0.24999009  0.31204168  0.46628177  0.70323439  0.67109885  0.67866739
  0.64850938  0.59790239  0.4740536  -0.20162436  0.56034235  0.63356728
  0.65239062  0.65798768  0.58475652  0.5415609  -0.51636327  0.66783647
  0.68607511  0.67722569  0.64731027  0.64264689  0.58663695  0.47268146
  0.70852377  0.36251958  0.3978796   0.35090964  0.34701645  0.31750174
  0.41508789  0.30517727  0.32665712  0.43957015  0.25009763  0.33538786
  0.41361106  0.35386112  0.30397172  0.4484332   0.39311234  0.33484053
  0.37901704  0.38852496  0.35705553  0.35151585  0.30470471  0.31435082
  0.37343945  0.40856586  0.36372216  0.08920737  0.28950418  0.30174269
  0.47960883  0.39769742  0.41412694  0.14559532  0.23714243  0.33737385
  0.53112303  0.44962419  0.45540324  0.45693534  0.45492291  0.37986166
  0.40105122  0.56233501  0.54598584  0.55273373  0.29097092  0.43194283
  0.52422556  0.59696105  0.6039683   0.59863722  0.56333021 -0.80399038
  0.65872037  0.64754641  0.59054822  0.63481655  0.64125454  0.552627
  0.39342836  0.41582806  0.28685124  0.41870134  0.30132552 -0.07888522
  0.26137602  0.24095954  0.18522176  0.2026074   0.37048517  0.07891502
 -0.41157104  0.13439434  0.31804192  0.31923274  0.32064641  0.31347153
  0.26439089  0.31123307  0.40350655  0.13159525  0.12011721  0.39211388
  0.3160335   0.29594451  0.15346826  0.32167112  0.3050884  -0.41613325
  0.08946319  0.44513504  0.35768765  0.19985056  0.39267521  0.27611141
  0.1658984   0.21212484  0.37674364  0.58340816  0.28071681  0.20761116
  0.41641408  0.19716115  0.2370575   0.09545426 -0.86874394  0.3961675
  0.04208178  0.43337772  0.35673905  0.41565379  0.31092952  0.12624581
 -0.15925226  0.19667939  0.00442285  0.29677902  0.01618611  0.00785837]",0.5337278145557414,0.7168683207996968
TVSD,Model A (ResNet),features/layer3-5,monkeyF/V1,100000.0,0.7481116652488708,0.7693789859478577,0.535261332988739,0.5619993109157926,"[0.8202733  0.6790562  0.8987739  0.8811153  0.58804    0.78251433
 0.8958292  0.8639742  0.69769025 0.8063736  0.7648647  0.8604555
 0.696897   0.7860885  0.75510746 0.7422807  0.83157545 0.6927849
 0.75104237 0.80633384 0.7857053  0.8031588  0.7581078  0.70152754
 0.8302656  0.7736736  0.8478676  0.7224483  0.6608712  0.88201654
 0.7724093  0.608209   0.8259596  0.7852929  0.7697291  0.7115776
 0.67395955 0.6865006  0.707803   0.6459014  0.84207124 0.8588705
 0.86842483 0.65140045 0.84205574 0.7509441  0.73558354 0.6725377
 0.8628842  0.8936773  0.87772167 0.74811465 0.70300573 0.6200388
 0.76313883 0.6449058  0.91943204 0.76283157 0.8414772  0.78434587
 0.7442676  0.61773795 0.730127   0.59293926 0.76283497 0.82078683
 0.822721   0.8545682  0.8248963  0.81411487 0.86189926 0.7907499
 0.7621417  0.8121857  0.8028023  0.78650373 0.8479544  0.8129458
 0.9039826  0.7695234  0.8098347  0.81036186 0.853284   0.82066506
 0.84616584 0.8719016  0.83347225 0.82881117 0.76008147 0.815118
 0.78284305 0.85297143 0.8854138  0.8591033  0.8898236  0.7629657
 0.77641755 0.79676557 0.8093363  0.82362264 0.7016847  0.2807548
 0.744566   0.85467756 0.86030394 0.84686625 0.74337    0.72405064
 0.83290863 0.7770661  0.80454606 0.760947   0.7566421  0.79594386
 0.8479703  0.64809394 0.72544914 0.7922651  0.7190052  0.6328554
 0.6100913  0.6409372  0.8028366  0.7247132  0.7023487  0.6525136
 0.5770902  0.8380996  0.824356   0.8286684  0.7721697  0.76659775
 0.53672135 0.7770244  0.824332   0.66399884 0.7560621  0.71501195
 0.5639367  0.8064207  0.7638123  0.7623712  0.80405176 0.8372215
 0.6362085  0.6077654  0.7394569  0.4555155  0.77106833 0.69882727
 0.7845508  0.8760565  0.8355361  0.69547987 0.88164455 0.8725129
 0.8628791  0.780432   0.7876219  0.6496144  0.87827355 0.80937237
 0.71928483 0.8553362  0.82179344 0.81446046 0.8536961  0.83203423
 0.81910646 0.7983663  0.91283256 0.91472125 0.68827516 0.8317121
 0.89912015 0.90748096 0.8917761  0.8732567  0.8928747  0.8753643
 0.8628577  0.81220865 0.8716896  0.9078282  0.76805747 0.88119626
 0.89828324 0.86377066 0.8590493  0.7593153  0.86071396 0.863315
 0.7974831  0.8030557  0.85665023 0.8384567  0.76899695 0.8136663
 0.79715174 0.742599   0.86651456 0.8862231  0.86359435 0.8311054
 0.8225112  0.76620907 0.86155343 0.8993392  0.90616375 0.8682549
 0.8522779  0.81854486 0.8664776  0.8505991  0.8259306  0.85205275
 0.85387254 0.8818103  0.8473075  0.9060349  0.68986714 0.77192414
 0.7807369  0.9124978  0.89279413 0.5549672  0.79994166 0.9038744
 0.8583466  0.7127464  0.70266855 0.57653207 0.61248535 0.57190347
 0.69649327 0.7451406  0.6604553  0.6345513  0.7963388  0.68410474
 0.5715403  0.7930909  0.70090526 0.650966   0.66589504 0.798865
 0.7868134  0.7372545  0.44098574 0.5956936  0.66154015 0.62573975
 0.6811518  0.79878575 0.7634035  0.74505275 0.78285193 0.6692374
 0.46108845 0.5859017  0.7584097  0.7946267  0.7349165  0.7575493
 0.74685866 0.8472673  0.7993887  0.8152712  0.78184605 0.75038433
 0.7571405  0.7085584  0.7131823  0.62036526 0.89162236 0.8280692
 0.72447157 0.68292356 0.71931076 0.6975947  0.6185471  0.81414044
 0.76457894 0.7367377  0.7587789  0.7866767  0.79533273 0.74563384
 0.8159041  0.7795423  0.82320297 0.7099462  0.61289024 0.7225514
 0.7065908  0.6560168  0.809172   0.82438004 0.8318202  0.805301
 0.80010676 0.7573291  0.7473734  0.6666383  0.80071855 0.8652145
 0.8086395  0.7912446  0.70421016 0.6173683  0.6272574  0.7076199
 0.74213827 0.8799643  0.6581979  0.6305197  0.819229   0.8504308
 0.6451997  0.61078876 0.7682985  0.90066594 0.8920793  0.8793638
 0.8723945  0.8200542  0.75181186 0.68127495 0.8285174  0.87609655
 0.8792177  0.8700359  0.81464994 0.80774546 0.79613554 0.8651169
 0.90661454 0.89669234 0.88671106 0.8607607  0.80618674 0.8320707
 0.89591247 0.7175349  0.7282162  0.6463261  0.64481515 0.6913458
 0.6790658  0.65467405 0.7049122  0.6920808  0.6045651  0.68773866
 0.72987205 0.62429357 0.66803485 0.7567746  0.71955293 0.6910778
 0.74222076 0.7189675  0.66919243 0.7032915  0.5930334  0.65382147
 0.69338804 0.7332855  0.71638435 0.5658934  0.6077817  0.6638823
 0.76766944 0.6948309  0.72325367 0.710158   0.5581106  0.68357486
 0.7892619  0.77180713 0.7709428  0.7721947  0.69352454 0.74506104
 0.7490429  0.8477433  0.8273668  0.8169412  0.69444656 0.7030526
 0.83622986 0.8723222  0.8630988  0.8601516  0.83049536 0.7751329
 0.8963186  0.8493791  0.8123158  0.87955976 0.8788548  0.8317145
 0.7358026  0.700832   0.6663724  0.7394009  0.6668503  0.47462437
 0.565083   0.6311603  0.61296326 0.59528965 0.6438883  0.49075365
 0.23600121 0.5643479  0.60328156 0.700628   0.6581715  0.6059984
 0.59631556 0.6373972  0.70820993 0.47361407 0.5153242  0.67319727
 0.6767699  0.6760295  0.5706974  0.64547116 0.51064664 0.33552238
 0.55768514 0.68391085 0.676131   0.57313335 0.6886015  0.5611056
 0.52872026 0.53401977 0.6462432  0.7944738  0.55260104 0.596319
 0.7319516  0.5469728  0.6174752  0.51124287 0.73940736 0.70518243
 0.46176007 0.74038506 0.6796164  0.72483325 0.5903047  0.5875399
 0.60144395 0.63184637 0.5724893  0.6666787  0.59625757 0.5702644 ]","[ 0.6715017   0.42749304  0.80479956  0.7724418   0.27339214  0.59453094
  0.7992555   0.7464237   0.45796698  0.64510965  0.5401175   0.735999
  0.42907864  0.5812537   0.5569252   0.5451262   0.67053205  0.43227828
  0.54075867  0.6311437   0.6033957   0.6412704   0.5603774   0.4889922
  0.66818285  0.59784317  0.7071323   0.51276636  0.37909728  0.7713299
  0.5955374   0.35664755  0.6789832   0.5888126   0.548371    0.50493896
  0.44988608  0.4623564   0.49933642  0.4122514   0.70280313  0.72417784
  0.72268176  0.401985    0.70106375  0.5607127   0.5301021   0.44736242
  0.7365333   0.78859526  0.75447583  0.55904174  0.4905432   0.35347044
  0.5743326   0.4132195   0.8377503   0.5486774   0.69680864  0.60620165
  0.5341252   0.34106475  0.49286157  0.34074306  0.565757    0.6664779
  0.6689186   0.71978885  0.6736281   0.6547965   0.7340586   0.6181394
  0.57208383  0.6491005   0.632281    0.59986687  0.7046062   0.6365848
  0.8149111   0.58609545  0.64595085  0.64829636  0.7126727   0.66975266
  0.69424963  0.7521828   0.6912286   0.68205696  0.5701377   0.653414
  0.6000029   0.7161375   0.78360057  0.725008    0.7822334   0.5766674
  0.5904215   0.61988986  0.6403777   0.6625651   0.45730704 -1.0582476
  0.53023946  0.7238747   0.73279047  0.71553916  0.23546511  0.50865525
  0.6797814   0.59359396  0.64686555  0.5505078   0.56868494  0.62134385
  0.7165766   0.38252085  0.50248826  0.6244761   0.4965269   0.3644058
  0.37115753  0.39218068  0.6387477   0.4859826   0.46908456  0.398669
  0.31761408  0.70070326  0.67905277  0.6857476   0.588827    0.58719593
  0.21332133  0.6011741   0.6792196   0.4024377   0.5684679   0.509635
  0.2833295   0.6456113   0.57894254  0.5713054   0.6457104   0.7006773
  0.34555012  0.22623771  0.52212745 -0.13578904  0.58714324  0.44122934
  0.6148911   0.7656778   0.6979776   0.45803618  0.7759302   0.7593939
  0.7392148   0.6064925   0.61816585  0.41586602  0.768861    0.6480167
  0.42644852  0.7285849   0.66365945  0.6528819   0.7190112   0.67795336
  0.65595007  0.6250985   0.83019966  0.8328231   0.46930933  0.686937
  0.785955    0.80105567  0.78387904  0.76254404  0.797168    0.764899
  0.7443824   0.6366017   0.75368446  0.80508333  0.5892987   0.7728151
  0.80667406  0.7454214   0.7371145   0.5611056   0.7343496   0.7337645
  0.6324805   0.6306664   0.72770417  0.7012315   0.58798194  0.6504028
  0.6251962   0.5504689   0.75056314  0.7792236   0.7447028   0.6803684
  0.6621588   0.58194435  0.7283151   0.8040228   0.8046737   0.7517144
  0.72607887  0.6557096   0.75050604  0.6876035   0.6574122   0.7067057
  0.7249002   0.7773027   0.7160495   0.82022214  0.44732183  0.59217334
  0.5826807   0.8138244   0.79081666 -4.0357003   0.6357896   0.8167661
  0.7353585   0.46715492  0.467301    0.3158825   0.3469677   0.3013186
  0.42845047  0.550964    0.4201014   0.3524899   0.605927    0.46439487
  0.2631573   0.5922234   0.451989    0.41554177  0.4242484   0.6104586
  0.60865355  0.5317868   0.14404947  0.288019    0.4326321   0.37853992
  0.4614631   0.6013452   0.57809746  0.53156155  0.56064135  0.4422769
  0.19341445  0.32449597  0.5663169   0.5950247   0.535218    0.5546198
  0.5459024   0.71278226  0.633286    0.6471439   0.6100619   0.5576611
  0.55818224  0.47521508  0.50105476  0.3290736   0.7816308   0.6706313
  0.52449733  0.452415    0.5157452   0.48630315  0.10326171  0.6459991
  0.5569936   0.3204137   0.5686524   0.6018814   0.6322654   0.54589117
  0.6424607   0.60724735  0.6750432   0.49472255 -0.6408694   0.5141854
  0.49247426  0.37324166  0.6486648   0.6709001   0.68371844  0.64731383
  0.63248056  0.5587453   0.5558238   0.41132915  0.6362903   0.7458182
  0.6530514   0.6120586   0.45015466  0.30269897  0.3641162   0.4935218
  0.54464245  0.7735066   0.39873093  0.31564438  0.63542825  0.7209611
  0.39717627  0.3023638   0.58998334  0.80893886  0.793599    0.7710005
  0.75949794  0.67142415  0.56136644  0.38845867  0.6862366   0.7632307
  0.767882    0.7536093   0.6618866   0.6447222   0.6157568   0.74148244
  0.8062609   0.79758006  0.7795676   0.72890306  0.6490016   0.688993
  0.79852974  0.5038209   0.5065255   0.41031164  0.40989882  0.47327834
  0.45753855  0.42454517  0.49018753  0.4659946   0.35098624  0.45897585
  0.5269169   0.3837794   0.43142372  0.5703194   0.51559854  0.46675348
  0.5274782   0.4959002   0.4359979   0.48628002  0.3453555   0.41572434
  0.4553097   0.52293307  0.5082644   0.2816434   0.34803104  0.4335699
  0.583151    0.469927    0.51804125  0.49917942  0.28308624  0.46166027
  0.61892235  0.58514845  0.59054106  0.5850315   0.46356028  0.5513797
  0.542415    0.71855026  0.68029624  0.6660471   0.44852358  0.4804142
  0.6980947   0.7594614   0.7439091   0.73629665  0.6888659   0.58747506
  0.80303526  0.7164016   0.6405387   0.77096266  0.7699863   0.6810934
  0.54100657  0.48962474  0.43885016  0.5412379   0.43140817  0.13143831
  0.22658354  0.37293994  0.3532362   0.32815737  0.4035679   0.13847476
 -0.7042879   0.2955348   0.30931437  0.47399646  0.39084655  0.33413112
  0.29716152  0.39617366  0.49958986  0.09202921  0.17671251  0.43228632
  0.44925892  0.43483382  0.27609318  0.4122556  -0.00835884 -0.16113555
  0.2651946   0.45601928  0.4400198   0.31126165  0.4689085   0.25984728
  0.25324976  0.24881375  0.39111137  0.6311087   0.2751816   0.26431513
  0.5132309   0.25612348  0.3511129   0.16239417  0.5376035   0.48837638
  0.1335395   0.53827286  0.45378327  0.52090895  0.2655431   0.2860855
  0.32154125  0.35141063  0.30088955  0.43362087  0.24221355  0.20542139]","[0.87030922 0.71722483 0.90975302 0.90298777 0.62491982 0.79945705
 0.90279969 0.87573646 0.73963405 0.82573511 0.78751244 0.88645145
 0.74262183 0.81025227 0.77558524 0.75669382 0.85530919 0.73193044
 0.79440806 0.83251827 0.81872202 0.81591257 0.77709782 0.71159634
 0.85413364 0.8150331  0.86334537 0.73525177 0.68896488 0.88703878
 0.77695813 0.61666792 0.84334981 0.81687306 0.79810941 0.72903141
 0.68291462 0.70116997 0.71338233 0.6493231  0.85215457 0.87539844
 0.88567764 0.66015433 0.84598614 0.75535376 0.7464862  0.68034596
 0.88527767 0.90680465 0.8957755  0.7596297  0.71040425 0.63540657
 0.77266912 0.65315469 0.92846808 0.79217455 0.87051957 0.80597752
 0.75398817 0.63494598 0.74398764 0.6042404  0.77243158 0.82717885
 0.83211805 0.85923744 0.82913869 0.84698964 0.88685767 0.79760211
 0.76707059 0.81632598 0.80678533 0.7907055  0.85376186 0.84580485
 0.9180666  0.77623037 0.81599672 0.81476639 0.85703184 0.826213
 0.86583754 0.88919195 0.85949581 0.8368989  0.76402708 0.8183265
 0.78649259 0.86372978 0.90211752 0.87206606 0.9076375  0.7733023
 0.7800303  0.80358919 0.81855058 0.84687541 0.77154906 0.29596924
 0.74952301 0.86168368 0.86998348 0.86398372 0.77854097 0.80314627
 0.84643231 0.80126436 0.82290956 0.79305967 0.76476568 0.832896
 0.87526358 0.68045343 0.7530243  0.82954748 0.75297879 0.67572101
 0.63532064 0.67942463 0.81400214 0.77838929 0.73211156 0.71807855
 0.61806872 0.84568076 0.83314109 0.84636033 0.78936447 0.7877014
 0.60680115 0.7842535  0.83363597 0.73124141 0.79387079 0.7408325
 0.60307654 0.81359434 0.80495001 0.79269275 0.82626508 0.87919024
 0.70290299 0.67640638 0.79886014 0.50306236 0.79812079 0.7168414
 0.79729571 0.88610952 0.84828432 0.70580009 0.89945896 0.88627814
 0.87918242 0.7893896  0.8229972  0.6618235  0.88789338 0.82463679
 0.74585847 0.86313755 0.83245189 0.81857118 0.85583319 0.83726209
 0.82193591 0.82391018 0.91782756 0.91811714 0.75597898 0.83402835
 0.90117833 0.90982596 0.90022741 0.88658598 0.91272664 0.88646003
 0.88115622 0.81444929 0.87489534 0.91173459 0.77799464 0.89430094
 0.91059172 0.88344055 0.87124987 0.7622118  0.86380776 0.86564699
 0.81242781 0.83496196 0.87908925 0.86014022 0.79130049 0.81646666
 0.80127715 0.76482858 0.87630451 0.90021366 0.88865068 0.85583986
 0.82897602 0.76861949 0.86504176 0.90661936 0.90985912 0.88025828
 0.88176268 0.84359569 0.87381763 0.85404294 0.82909051 0.85459082
 0.85799007 0.88978744 0.86377375 0.91095227 0.73716712 0.77919696
 0.78754056 0.91750083 0.89642705 0.57792666 0.83165293 0.91069766
 0.86280629 0.80627209 0.77339065 0.62934621 0.63224156 0.60380829
 0.78207304 0.7852956  0.72184961 0.7061431  0.8031872  0.71941122
 0.61375881 0.80306147 0.78413917 0.695085   0.71382616 0.80567123
 0.80065601 0.75802063 0.44653273 0.64906053 0.67816264 0.66248766
 0.71023971 0.80314594 0.77354531 0.75258315 0.7884815  0.68663771
 0.47369378 0.62445616 0.76196252 0.79898245 0.74196814 0.77086291
 0.75057462 0.85441518 0.80487946 0.82032025 0.78618294 0.75373639
 0.76021035 0.71384768 0.72044992 0.66562937 0.89494399 0.83179367
 0.73513284 0.68603834 0.72413397 0.70086053 0.6243505  0.81878233
 0.76953659 0.75356518 0.78520398 0.85181844 0.81853085 0.78512518
 0.82027491 0.7868232  0.84422959 0.7275904  0.64661953 0.76452861
 0.74441762 0.70315471 0.82336282 0.86709835 0.84078666 0.8320279
 0.81759723 0.78322608 0.77103605 0.70984268 0.80691331 0.87298381
 0.83307995 0.82761831 0.73797449 0.67526413 0.67325598 0.73172355
 0.761416   0.89434131 0.71253442 0.67029259 0.8383752  0.87842743
 0.68524222 0.67376533 0.77551164 0.91494759 0.90742136 0.89831821
 0.89155774 0.84427734 0.7785731  0.74156719 0.83507989 0.88397932
 0.89609224 0.88786999 0.84827492 0.84601039 0.83768543 0.87350773
 0.91775445 0.90904245 0.90331143 0.87995122 0.83169393 0.85846287
 0.90614304 0.72443276 0.73536153 0.65504838 0.65479975 0.70980743
 0.69516536 0.68049009 0.72416254 0.70106973 0.62171593 0.70127966
 0.73934655 0.63813515 0.71527092 0.7675676  0.73581112 0.69811419
 0.74610663 0.76446609 0.68267934 0.70990966 0.60813612 0.66962943
 0.73157143 0.73973388 0.72803112 0.60531617 0.63064136 0.68182884
 0.79486384 0.70990527 0.739633   0.7263206  0.58338354 0.69749998
 0.80768513 0.79022819 0.78554179 0.78432509 0.71726102 0.77007036
 0.7566586  0.86510632 0.8433239  0.8283638  0.78109256 0.7353846
 0.87529888 0.8913041  0.86985716 0.87036807 0.83946446 0.78865459
 0.90692237 0.85708133 0.81744532 0.88358899 0.88388041 0.84033425
 0.74414421 0.71262333 0.67876962 0.75573927 0.68978564 0.53876861
 0.6110862  0.65939784 0.65780091 0.6207347  0.67499629 0.55759702
 0.2668135  0.62082776 0.64650262 0.735163   0.68407088 0.62450977
 0.61666587 0.65637652 0.72160558 0.5130155  0.56901107 0.68663857
 0.68718943 0.6969342  0.60617287 0.66200038 0.54558182 0.3812196
 0.57361023 0.69972363 0.70335087 0.60799159 0.70736653 0.60075496
 0.55008657 0.56135741 0.67644914 0.80164951 0.57134307 0.62565266
 0.74364066 0.57620256 0.64208128 0.56488904 0.76210238 0.72650806
 0.48531875 0.74891364 0.69042237 0.73992486 0.6331729  0.62897082
 0.64778538 0.68547363 0.601147   0.69783518 0.65846591 0.63886421]","[ 0.75592229  0.47690097  0.82458196  0.81126737  0.30875991  0.62055479
  0.81174198  0.76688586  0.51468636  0.6764605   0.57257698  0.78114253
  0.48723128  0.61753749  0.5875413   0.5665015   0.70935314  0.48250986
  0.6050091   0.67280006  0.65517264  0.66179819  0.58880311  0.50312964
  0.70715223  0.66347142  0.73318522  0.53110226  0.41201325  0.78013885
  0.60257246  0.36663697  0.70787554  0.63712239  0.58955398  0.53001337
  0.461921    0.48232705  0.50723958  0.41663086  0.71973526  0.75231789
  0.75168171  0.41286178  0.70762363  0.56731724  0.54593265  0.45781063
  0.77525815  0.81193299  0.78583263  0.57638383  0.50092259  0.37120923
  0.58876702  0.42385797  0.8542978   0.59169993  0.74573732  0.64009988
  0.54816832  0.36033116  0.51175207  0.35385565  0.58008118  0.67689896
  0.68428653  0.72767601  0.68057481  0.70874688  0.7771871   0.62889871
  0.57950726  0.65573519  0.63857054  0.60629337  0.71429063  0.68908604
  0.84050152  0.59635652  0.65581827  0.65536282  0.71894694  0.67883871
  0.72690475  0.78231114  0.73506704  0.69543326  0.57607226  0.65856809
  0.60561023  0.73431644  0.81344534  0.74705191  0.81386688  0.5923986
  0.59592885  0.63055299  0.65504207  0.70050469  0.55290555 -1.17605068
  0.53732316  0.73579108  0.74937293  0.74475748  0.25827326  0.62585675
  0.70203538  0.63113923  0.67673153  0.59795208  0.5809617   0.68037553
  0.76344725  0.42167322  0.54141458  0.68463206  0.54455803  0.4154427
  0.40248944  0.44069467  0.65663815  0.5606374   0.50968293  0.48281106
  0.3643224   0.71343725  0.69360307  0.71534136  0.61534313  0.61997075
  0.27266496  0.61241231  0.69463839  0.48807386  0.62674471  0.5471075
  0.32402305  0.65714867  0.64298372  0.61765385  0.68188097  0.77268593
  0.42179646  0.28022603  0.60938578 -0.1656159   0.62906508  0.46427026
  0.63503102  0.78335144  0.71943887  0.47173064  0.80760375  0.78354415
  0.76741227  0.62049478  0.67494151  0.43164481  0.78579608  0.67268983
  0.45854046  0.74193607  0.68098607  0.65948896  0.72261553  0.6864996
  0.66048962  0.66573872  0.83931019  0.83901826  0.56617988  0.69076839
  0.78955738  0.805201    0.79880702  0.78600047  0.8330101   0.78441295
  0.7762892   0.64011892  0.75923814  0.81202678  0.60464613  0.79597181
  0.82893198  0.77975762  0.75820074  0.56539456  0.73963827  0.73773401
  0.65640781  0.681776    0.76632629  0.7379699   0.62258351  0.65488743
  0.63168397  0.58391857  0.76761878  0.80402064  0.78854332  0.72146779
  0.67260865  0.5856116   0.73422477  0.81709263  0.81125003  0.77264256
  0.7771857   0.69645858  0.76327512  0.69318256  0.66245216  0.71092219
  0.73190824  0.79142974  0.74415077  0.82914958  0.51076495  0.60338444
  0.59288036  0.8227729   0.79726567 -4.3765279   0.68719662  0.82914401
  0.74301972  0.59779756  0.56610048  0.37640716  0.36971215  0.33587572
  0.54020849  0.61194597  0.50183476  0.43651447  0.61639357  0.51356643
  0.30347101  0.60720765  0.56571216  0.47377695  0.48752127  0.62090495
  0.63025837  0.5621662   0.14769614  0.34193668  0.45464669  0.42430659
  0.50171727  0.60792801  0.59355957  0.54236105  0.56873359  0.46557449
  0.20413421  0.36860713  0.57163526  0.60156582  0.54553827  0.57428553
  0.55134811  0.72485957  0.64201557  0.65518437  0.61684867  0.56265452
  0.56271772  0.48233641  0.51131874  0.37884631  0.78746539  0.67667754
  0.54004784  0.45655129  0.52268488  0.49086712  0.10520847  0.65338652
  0.5642403   0.33521768  0.60894957  0.70568747  0.66968689  0.60524702
  0.64936252  0.61864362  0.70996815  0.51961864 -0.71334848  0.57566489
  0.54661418  0.42880707  0.67161618  0.74223196  0.69853795  0.69099385
  0.66043506  0.59761142  0.59157694  0.46637274  0.64617373  0.75927264
  0.69312376  0.66962494  0.49435608  0.36213431  0.41947766  0.52771608
  0.57330513  0.79898845  0.46728158  0.35672176  0.6654765   0.76921131
  0.44800533  0.36792988  0.6011134   0.83479658  0.82113052  0.80459611
  0.79323106  0.71167571  0.60204213  0.46025762  0.69715075  0.77702697
  0.79764029  0.7848211   0.71765343  0.7072533   0.681706    0.75593558
  0.82619626  0.81970145  0.80902984  0.76176693  0.6907192   0.73339402
  0.81687096  0.51355419  0.51651448  0.42146079  0.42269121  0.49889257
  0.47949069  0.45868787  0.51732602  0.47817814  0.3711829   0.47722748
  0.54068558  0.40098607  0.49459182  0.58670302  0.5391615   0.47630658
  0.53301586  0.56065052  0.45374921  0.49547516  0.3631698   0.43606995
  0.50683624  0.53217069  0.5249252   0.32225142  0.3747034   0.45732787
  0.6251986   0.49053836  0.54177083  0.52215981  0.30930474  0.48066083
  0.64815382  0.61341378  0.61311842  0.60355641  0.49583481  0.58901705
  0.55350078  0.74828565  0.70679046  0.68480285  0.56743043  0.52561686
  0.76484909  0.79287306  0.75560486  0.75389131  0.70382535  0.60815008
  0.82214802  0.72945321  0.64865381  0.77804235  0.77881755  0.69528401
  0.55334262  0.50623896  0.45533081  0.56542135  0.46159375  0.1693661
  0.26497737  0.40705638  0.40680404  0.35681043  0.44350481  0.1787658
 -0.90019656  0.357649    0.35522259  0.52187612  0.42221181  0.35485624
  0.31778991  0.42011804  0.51866788  0.10797855  0.21545059  0.44972103
  0.46319896  0.46214214  0.31148479  0.43364001 -0.00954168 -0.20801699
  0.28055648  0.47735042  0.4761618   0.35027521  0.49481309  0.29786789
  0.27413168  0.27494044  0.42852756  0.64256052  0.29416427  0.29095866
  0.52975412  0.28422893  0.3796538   0.19826324  0.57111186  0.51836128
  0.14751328  0.55074514  0.4683284   0.54282625  0.30551126  0.3278552
  0.37299985  0.41359322  0.33176739  0.47509745  0.29539097  0.25781623]",0.6967717889435758,0.8366054721977079
TVSD,Model A (ResNet),features/layer4-1,monkeyF/V1,100000.0,0.6062108278274536,0.6232677231210836,0.3230803310871124,0.3367976002904066,"[0.71660995 0.51318663 0.8044999  0.81531984 0.5675748  0.7282294
 0.78676313 0.6453455  0.5355917  0.6245466  0.75785863 0.78522074
 0.6524716  0.6479433  0.6812665  0.5080882  0.7641693  0.63675654
 0.6193344  0.47007185 0.60632646 0.6639893  0.69005555 0.49570566
 0.7861117  0.67323506 0.7694165  0.6164817  0.4881502  0.74383104
 0.67972124 0.56737167 0.7358903  0.6941284  0.59876263 0.5692889
 0.54458857 0.4811587  0.6175257  0.59307784 0.76092654 0.75876397
 0.79730487 0.5016845  0.6469154  0.6052501  0.6774202  0.56798875
 0.79993755 0.7970347  0.7808112  0.58442414 0.5398422  0.5556284
 0.64238757 0.5889359  0.845412   0.625731   0.70310843 0.6437266
 0.5549383  0.4488618  0.5810752  0.4974364  0.6516312  0.71624255
 0.7106985  0.7297751  0.67260665 0.6726502  0.79132354 0.6167133
 0.6157546  0.6673466  0.6629398  0.66392344 0.69596606 0.70394427
 0.8278784  0.6561704  0.64645994 0.64790535 0.70899206 0.67717636
 0.7042113  0.75369173 0.73109585 0.64895445 0.5800353  0.65439445
 0.6319571  0.7197768  0.7973609  0.77248085 0.8267996  0.6164734
 0.662942   0.67220414 0.6662628  0.8055274  0.6904831  0.77832675
 0.52076644 0.7042153  0.74362886 0.76404035 0.76772493 0.58945227
 0.7357626  0.70545715 0.730421   0.62804025 0.6022181  0.66832685
 0.82151586 0.66473484 0.6508295  0.62918687 0.47979388 0.43355334
 0.48115423 0.5254491  0.68961936 0.505143   0.569494   0.47747114
 0.45193905 0.72702783 0.7150137  0.6843451  0.5849587  0.56450707
 0.39718065 0.68634844 0.68766034 0.59174323 0.64491534 0.5450709
 0.38963085 0.67115706 0.5796799  0.60866463 0.6878045  0.71318257
 0.4962045  0.44099605 0.6030575  0.40047666 0.67499006 0.5085227
 0.6823751  0.75601655 0.77304304 0.6199636  0.67142296 0.70055383
 0.69716334 0.51302844 0.65649843 0.3949326  0.7570515  0.70477957
 0.6425529  0.6711594  0.23779358 0.6356503  0.67174923 0.56566775
 0.6410502  0.68424845 0.7325276  0.795809   0.68691665 0.7276154
 0.6996364  0.6764388  0.7009785  0.7997161  0.7593032  0.74980015
 0.75794506 0.6086426  0.72200733 0.6855743  0.603609   0.78867984
 0.7819792  0.40281388 0.77282274 0.5096412  0.66396534 0.64407486
 0.6070618  0.6718115  0.7169736  0.69402915 0.5757609  0.56383216
 0.5625465  0.34966105 0.7582169  0.75330514 0.76635045 0.7274789
 0.6953934  0.48765293 0.6532978  0.72505975 0.70686847 0.6492277
 0.77207565 0.74607456 0.7452061  0.6389364  0.5718899  0.45970634
 0.63714695 0.7657722  0.7350223  0.79435813 0.5930489  0.53212506
 0.5746587  0.7768944  0.77003235 0.66220546 0.6762347  0.7912066
 0.72393763 0.44393778 0.42084885 0.23187034 0.44857183 0.44804665
 0.46951824 0.52760184 0.42204309 0.5902778  0.6438312  0.375732
 0.48416224 0.43302765 0.5032378  0.46368542 0.3293129  0.64211774
 0.5224173  0.30908784 0.6768367  0.44443223 0.4947466  0.46021098
 0.42874008 0.6410348  0.4842427  0.58137137 0.61804926 0.41167632
 0.22567259 0.4604185  0.6376535  0.6390907  0.567213   0.63889
 0.48604196 0.6236685  0.6466156  0.5963358  0.6030107  0.56101924
 0.4588217  0.5407403  0.48327318 0.52885556 0.7653467  0.7348836
 0.5344757  0.522872   0.5041696  0.5851085  0.48883513 0.65662736
 0.6395026  0.6989621  0.7142304  0.7119309  0.65845984 0.6075469
 0.6696874  0.6334273  0.68087584 0.6760808  0.658794   0.6517671
 0.5384469  0.45926347 0.6816153  0.7175168  0.7358218  0.7159665
 0.69135845 0.6227384  0.579009   0.53515184 0.6488487  0.74484
 0.7340006  0.6958635  0.5978201  0.491762   0.491564   0.5087427
 0.5528514  0.7591448  0.479556   0.47614634 0.7414982  0.68582624
 0.5016481  0.5096293  0.6399592  0.79591346 0.77629685 0.761903
 0.7420126  0.70965236 0.6324819  0.5601105  0.706204   0.7658256
 0.64682364 0.73625505 0.7159256  0.65645295 0.06965626 0.7683595
 0.7914275  0.7648493  0.7498315  0.73463935 0.7401489  0.7276783
 0.7759561  0.5543979  0.5724531  0.5093777  0.519789   0.55925965
 0.5880013  0.5240981  0.5157039  0.58221024 0.4799506  0.51920485
 0.6104529  0.5041277  0.504803   0.57275265 0.58652097 0.5231174
 0.58265615 0.6197126  0.528958   0.6152086  0.573133   0.5430116
 0.5151346  0.6320383  0.55796236 0.22906181 0.55458516 0.5078729
 0.6207795  0.54918    0.57092315 0.56489867 0.47044337 0.5264145
 0.6466779  0.63259035 0.6088605  0.6138093  0.5568907  0.56982046
 0.6432747  0.6524555  0.6946284  0.6685967  0.55805683 0.5928426
 0.6887468  0.7216297  0.7382325  0.6988485  0.6489698  0.597049
 0.73689514 0.73110276 0.73282474 0.7265978  0.7143555  0.40391058
 0.5639578  0.54506767 0.50774956 0.61367905 0.49352267 0.30090314
 0.41245827 0.46546847 0.4773448  0.54000485 0.17058678 0.3496022
 0.25799698 0.39795846 0.40821546 0.56897277 0.5536768  0.48587823
 0.49773753 0.50325435 0.5492825  0.37933016 0.5422597  0.54293007
 0.419671   0.49276683 0.46267366 0.57404596 0.47288185 0.32873982
 0.37625557 0.6035124  0.5483751  0.46327883 0.5155814  0.35280222
 0.40862525 0.41924834 0.5555101  0.7006302  0.4083096  0.532163
 0.6137837  0.411907   0.45020506 0.41110873 0.5778019  0.57709765
 0.44894496 0.6176901  0.563911   0.60232836 0.5525422  0.54690605
 0.48503795 0.29770002 0.44585863 0.4898469  0.3748735  0.4148776 ]","[ 5.03262997e-01  2.02059090e-01  6.37317657e-01  6.59491539e-01
  2.55580664e-01  5.05250692e-01  6.11169100e-01  4.13896382e-01
  2.03647733e-01  3.88676465e-01  5.52978754e-01  6.11399233e-01
  3.86513591e-01  3.79576504e-01  4.36972022e-01  2.34438062e-01
  5.55148482e-01  3.46048295e-01  3.52892756e-01  1.64236665e-01
  3.30886304e-01  4.35252726e-01  4.54975724e-01  2.44033277e-01
  5.91167867e-01  4.49924707e-01  5.81611872e-01  3.69219542e-01
  1.61207080e-01  5.49609303e-01  4.61173415e-01  3.16962600e-01
  5.37648559e-01  4.50140238e-01  3.06633770e-01  3.14596415e-01
  2.84298837e-01  2.14644730e-01  3.80283177e-01  3.42156291e-01
  5.77276886e-01  5.66986918e-01  6.16731167e-01  1.66881859e-01
  4.17693734e-01  3.63680840e-01  4.45732594e-01  3.16587627e-01
  6.39409661e-01  6.23564124e-01  5.93584776e-01  3.27292264e-01
  2.61392534e-01  2.11948395e-01  3.90392184e-01  3.42110574e-01
  7.05496192e-01  3.52009475e-01  4.82025087e-01  4.03846025e-01
  2.51749754e-01  1.03688180e-01  2.80941308e-01  2.37698793e-01
  4.10631418e-01  5.04076838e-01  4.83103275e-01  5.09261370e-01
  4.46330249e-01  4.23195004e-01  6.20669961e-01  3.70256007e-01
  3.47853959e-01  4.29925561e-01  4.21483815e-01  4.11281228e-01
  4.52035427e-01  4.48513210e-01  6.82929516e-01  4.15335238e-01
  4.04871583e-01  3.89880598e-01  4.91467297e-01  4.40401852e-01
  4.52030778e-01  5.63796043e-01  5.27100205e-01  4.09035742e-01
  3.03505242e-01  4.17680860e-01  3.76695931e-01  5.04566550e-01
  6.24436677e-01  5.84998965e-01  6.78138971e-01  3.66634786e-01
  4.25669014e-01  4.19875979e-01  4.13129508e-01  6.47017717e-01
  4.44492817e-01  6.03937030e-01  2.03395724e-01  4.86217082e-01
  5.46579480e-01  5.80951929e-01  5.82738936e-01  3.23098898e-01
  5.34784913e-01  4.95249748e-01  5.32648802e-01  3.31189811e-01
  3.59830916e-01  4.42129433e-01  6.65967226e-01  4.30145919e-01
  4.07156527e-01  3.86415064e-01 -6.84193373e-01  7.61262774e-02
  2.18352973e-01  2.43973255e-01  4.65460956e-01  1.64450288e-01
  3.11600089e-01  1.72329903e-01  1.51896894e-01  5.28407633e-01
  5.08147597e-01  4.58370626e-01  3.19614410e-01  3.02073002e-01
 -3.25527191e-02  4.70006168e-01  4.71488297e-01  2.99237907e-01
  4.02213931e-01  2.76144743e-01  7.18132257e-02  4.50126708e-01
  3.23698163e-01  3.53708386e-01  4.64943111e-01  5.08301020e-01
  1.68060422e-01  9.73734260e-02  3.05582404e-01 -1.17338657e-01
  4.52168465e-01  2.01413631e-01  4.65235770e-01  5.70198894e-01
  5.97384572e-01  3.60297799e-01  4.41257775e-01  4.89014208e-01
  4.74020541e-01  2.53046453e-01  4.23696935e-01 -1.21115327e-01
  5.69711030e-01  4.93080676e-01  3.97699654e-01  4.44276869e-01
 -3.34432483e-01  3.77699435e-01  4.34713066e-01  3.18399608e-01
  4.04070139e-01  4.51228499e-01  4.76569235e-01  6.30150914e-01
  4.54747975e-01  5.23024559e-01  4.80725765e-01  4.47183788e-01
  4.86855924e-01  6.34310961e-01  5.71996510e-01  5.59436619e-01
  5.73639154e-01  3.64066422e-01  5.14008045e-01  4.53728199e-01
  3.52345526e-01  6.20476186e-01  6.11271024e-01 -4.15888906e-01
  5.96751928e-01  2.24402905e-01  4.35638905e-01  3.97637308e-01
  3.41026127e-01  4.18863356e-01  5.12667179e-01  4.54672098e-01
  2.98489153e-01  2.93606460e-01  3.12884212e-01 -4.02465940e-01
  5.72814584e-01  5.67368031e-01  5.82449079e-01  5.20697773e-01
  4.74607110e-01  2.35998511e-01  4.21390712e-01  5.20014763e-01
  4.79759336e-01  4.04161334e-01  5.95472693e-01  5.53981781e-01
  5.54621935e-01  3.91650498e-01  3.19967806e-01  1.81420505e-01
  3.77388358e-01  5.84911168e-01  5.36519885e-01  6.30056739e-01
  3.23152661e-01  2.62022495e-01  3.20788860e-01  5.81164598e-01
  5.78601480e-01  4.17847693e-01  4.54186559e-01  6.25035107e-01
  5.22837400e-01  8.93685818e-02  1.17968559e-01 -4.90051985e-01
  1.86217010e-01  1.33601844e-01  5.28071523e-02  2.67299592e-01
  9.36843753e-02  3.19710255e-01  3.92015398e-01 -1.04187727e-02
  1.79236352e-01  1.16885781e-01  1.71702623e-01  1.77903652e-01
  1.97738409e-03  3.91867697e-01  2.55548120e-01 -1.56288147e-01
  4.27013338e-01  1.24380827e-01  2.41270661e-01  1.74381554e-01
  1.26895368e-01  3.84763479e-01  2.14148521e-01  3.28602672e-01
  3.56867731e-01  7.72271752e-02 -2.36374140e-02  1.63762093e-01
  4.05217528e-01  3.81362677e-01  3.21701884e-01  3.88821840e-01
  2.25964844e-01  3.84873390e-01  4.17348921e-01  1.41863346e-01
  3.62169445e-01  3.13538015e-01  1.95856035e-01  2.80514777e-01
  2.27865219e-01  2.47080505e-01  5.67782640e-01  5.29521108e-01
  2.76944518e-01  2.57957816e-01  2.41651893e-01  3.41629207e-01
  2.24784434e-01  4.22418296e-01  3.86539996e-01  4.79392767e-01
  5.08950293e-01  4.89166975e-01  4.28817749e-01  3.46583664e-01
  4.31054115e-01  3.95666540e-01  4.59901631e-01  4.46177483e-01
  4.14358914e-01  4.13022280e-01  2.63294697e-01  5.15550971e-02
  4.57781553e-01  5.09570122e-01  5.27997315e-01  5.10903001e-01
  4.73411322e-01  3.71828318e-01  3.14019084e-01  2.38942564e-01
  4.15646434e-01  5.53580642e-01  5.36860168e-01  4.75372732e-01
  3.14662993e-01  1.11264646e-01  1.84015632e-01  2.25538671e-01
  2.85293877e-01  5.75136960e-01  1.15345657e-01  1.30986035e-01
  5.48911572e-01  4.63956594e-01  1.97742105e-01  1.86690867e-01
  4.08449948e-01  6.27535462e-01  6.00541949e-01  5.79366386e-01
  5.50528765e-01  5.02692997e-01  3.94840360e-01  2.07798839e-01
  4.96274114e-01  5.81060648e-01  3.42573047e-01  5.40721774e-01
  5.08704901e-01  3.93189490e-01 -7.26574516e+00  5.83469748e-01
  6.15358889e-01  5.76182723e-01  5.56626439e-01  5.35456657e-01
  5.46356082e-01  5.22914648e-01  5.95443010e-01  3.03624570e-01
  3.14050496e-01  2.51183391e-01  2.67943740e-01  3.06147039e-01
  3.43347549e-01  2.64984429e-01  2.47046769e-01  3.24980915e-01
  2.09564328e-01  2.55125523e-01  3.64333391e-01  2.39613473e-01
  1.88864470e-01  3.25145781e-01  3.34153771e-01  2.54939675e-01
  3.24264884e-01  3.65292490e-01  2.65603185e-01  3.73352647e-01
  3.28194320e-01  2.75638044e-01  2.23063767e-01  3.92282367e-01
  3.02224755e-01 -1.20424652e+00  2.86188066e-01  2.50285387e-01
  3.78134727e-01  2.86938787e-01  3.04094732e-01  2.95883417e-01
  2.05945730e-01  2.51598120e-01  4.15757596e-01  3.90857458e-01
  3.67996335e-01  3.63869488e-01  2.81879723e-01  3.15680265e-01
  4.01039779e-01  4.09834266e-01  4.80902970e-01  4.43194687e-01
  2.52492666e-01  3.32345963e-01  4.68279243e-01  5.19907117e-01
  5.44852078e-01  4.81016397e-01  4.18554008e-01  3.29343319e-01
  5.39230108e-01  5.26094139e-01  5.36867857e-01  5.26580155e-01
  5.06914794e-01 -2.08340287e-01  3.17579269e-01  2.92212367e-01
  2.48642862e-01  3.61868739e-01  2.01401353e-01 -1.47894144e-01
 -2.84204483e-02  1.73584640e-01  1.84363067e-01  2.59037673e-01
 -2.36879110e+00 -5.65921068e-02 -2.85495400e-01  9.00088549e-02
  9.25000906e-02  2.86793053e-01  2.38000870e-01  1.87707543e-01
  1.94766462e-01  2.33006418e-01  2.98561633e-01 -9.54848528e-02
  2.57202089e-01  2.61593401e-01  1.58104897e-01  1.83030725e-01
  1.46020472e-01  3.27962339e-01  1.71103358e-01 -1.11659169e-01
  7.38909245e-02  3.59484732e-01  2.64972627e-01  1.88901722e-01
  2.61305511e-01  4.04446125e-02  1.34450018e-01  1.32012129e-01
  2.81915843e-01  4.85157788e-01  4.75221872e-03  2.40395963e-01
  3.60926807e-01  1.17416024e-01  1.56559587e-01  9.20132399e-02
  3.18446457e-01  3.16034198e-01  1.34727180e-01  3.73969555e-01
  3.10646713e-01  3.57441545e-01  9.78627205e-02  2.28063226e-01
  1.57507479e-01 -8.74052048e-02  1.59924567e-01  2.10007489e-01
  2.73854733e-02  7.72458315e-03]","[0.76032253 0.54203199 0.81432742 0.83555901 0.60317112 0.74399676
 0.79288498 0.65413132 0.56779047 0.63954233 0.78029894 0.8089437
 0.69528162 0.66786058 0.69974177 0.51795388 0.7859792  0.67273621
 0.65509519 0.4853367  0.63180534 0.67453311 0.70734093 0.50282037
 0.80871046 0.70922526 0.78346215 0.62740723 0.5089015  0.74806644
 0.6837242  0.57526261 0.75138415 0.7220424  0.62083934 0.58325262
 0.55182464 0.49144025 0.6223934  0.59621972 0.77003822 0.77336547
 0.81314475 0.5084264  0.64993494 0.60880426 0.68746077 0.5745832
 0.82069741 0.80874243 0.79687168 0.59341965 0.54552355 0.56939976
 0.65040988 0.5964689  0.8537206  0.64980028 0.72737519 0.66148007
 0.56218615 0.46136553 0.59210627 0.50691731 0.65982882 0.72182041
 0.71881602 0.73376247 0.67606584 0.69981251 0.81423827 0.62205738
 0.61973678 0.67074853 0.66622888 0.66747034 0.70073259 0.73239752
 0.84077674 0.66188946 0.65137882 0.65142688 0.71210614 0.68175427
 0.72058283 0.76863794 0.7539229  0.6552871  0.58304632 0.65697029
 0.63490323 0.7288552  0.81240344 0.78413656 0.84335175 0.62482533
 0.66602672 0.677961   0.67384819 0.82826928 0.75923213 0.8205052
 0.52423347 0.70998801 0.75199565 0.77948369 0.8040482  0.65384431
 0.74770894 0.72742546 0.74709263 0.65454414 0.60868372 0.6993543
 0.84795765 0.69792522 0.67556827 0.65879511 0.50246451 0.46291948
 0.50105156 0.55700161 0.69921032 0.54255654 0.59362698 0.5254477
 0.48403072 0.73360428 0.7226335  0.69895576 0.5979846  0.58004737
 0.4490406  0.69273394 0.69542174 0.65166854 0.67716588 0.56475451
 0.41667304 0.67712746 0.61090054 0.63287287 0.70680631 0.74893341
 0.54822222 0.49080213 0.6515033  0.44227855 0.69867167 0.52163122
 0.69346016 0.76469209 0.78483774 0.62916322 0.68498966 0.71160617
 0.71033562 0.51891686 0.68598443 0.40235512 0.7653436  0.71807142
 0.66629172 0.67728091 0.2408777  0.63885851 0.67343084 0.56922197
 0.64326461 0.7061411  0.73653599 0.7987634  0.75448683 0.72964174
 0.70123794 0.67818678 0.70762166 0.81192289 0.77618534 0.75930428
 0.77401871 0.61032164 0.72466258 0.68852432 0.61141855 0.80040866
 0.79269406 0.41198681 0.78379866 0.51158525 0.66635194 0.64581465
 0.61843806 0.6985033  0.73575394 0.71197761 0.59245993 0.56577269
 0.56545777 0.36012809 0.76678331 0.76519738 0.78858534 0.74912935
 0.70085908 0.48918704 0.65594291 0.73092912 0.7097511  0.65820307
 0.79878584 0.7689075  0.75151883 0.64152327 0.57407786 0.4610757
 0.64021939 0.77269964 0.74930644 0.7986694  0.63371061 0.53713857
 0.57966649 0.78115392 0.77316573 0.68960143 0.703042   0.79717934
 0.72769899 0.50219075 0.46320639 0.25311119 0.46304088 0.47304187
 0.52720906 0.55603385 0.46127519 0.65687455 0.64936805 0.39512344
 0.51992632 0.4384716  0.56299828 0.49511156 0.35301683 0.64758848
 0.53160835 0.31779387 0.6853504  0.48424798 0.50717807 0.48723785
 0.447049   0.64453389 0.49067588 0.5872474  0.62249372 0.42238
 0.23184207 0.49071572 0.64064068 0.64259388 0.57265549 0.65011826
 0.48846024 0.62892998 0.65105703 0.600029   0.60635561 0.56352538
 0.46068201 0.54477687 0.48819795 0.56744279 0.7681979  0.73818894
 0.54234099 0.52525676 0.5075502  0.58784774 0.49342154 0.66037118
 0.64364922 0.71492673 0.73910403 0.77088319 0.67766568 0.63972471
 0.67327493 0.63934349 0.69826707 0.69288335 0.6950495  0.689632
 0.56727228 0.4922637  0.69356911 0.75469758 0.74375345 0.73972852
 0.70647166 0.64403305 0.59734105 0.56983465 0.65386854 0.75152839
 0.75618515 0.72785248 0.62648342 0.5378787  0.52761179 0.52607198
 0.56721221 0.77154783 0.51914502 0.50618144 0.75882772 0.70840401
 0.53278151 0.56217563 0.64596744 0.80853408 0.78964768 0.77832559
 0.75831186 0.73061443 0.65499548 0.6096798  0.71179769 0.77271623
 0.65923793 0.7513469  0.74547567 0.68755078 0.07329158 0.77581186
 0.80115205 0.77538355 0.7638693  0.75101802 0.7635667  0.75075928
 0.78481687 0.55972746 0.57807007 0.51625184 0.52783762 0.57419406
 0.60194185 0.54476508 0.5297872  0.58977215 0.49356627 0.52942757
 0.61837721 0.51530499 0.54049711 0.58092116 0.59977332 0.52844366
 0.58570662 0.65893001 0.53961865 0.62099792 0.58772894 0.55614043
 0.54350192 0.63759634 0.56703355 0.24501932 0.575444   0.52160205
 0.6427704  0.56109445 0.5838527  0.5777553  0.49174647 0.53713812
 0.66177291 0.64768867 0.6203902  0.62345162 0.5759508  0.58894752
 0.64981503 0.66581877 0.70802542 0.6779451  0.6276855  0.62010625
 0.72092536 0.73733248 0.74401311 0.70714909 0.65597851 0.60746413
 0.74561287 0.73773244 0.73745228 0.72992631 0.71844046 0.40809664
 0.57035126 0.55423829 0.51719574 0.62723936 0.51049664 0.34156942
 0.44603632 0.48629309 0.51226211 0.56308681 0.17882829 0.39721995
 0.29168103 0.43778607 0.43746135 0.5970183  0.57546426 0.5007203
 0.51472369 0.51823938 0.55967206 0.41088782 0.59875275 0.55377041
 0.42613224 0.50800454 0.49143418 0.58874612 0.50523341 0.37351327
 0.38699982 0.61746629 0.57045176 0.49145566 0.5296315  0.37773225
 0.42513835 0.44071059 0.58147509 0.70695828 0.42215785 0.55834076
 0.62358567 0.43391893 0.4681455  0.45424754 0.59553666 0.59454983
 0.47184982 0.62480534 0.57287727 0.61486932 0.59266811 0.58547163
 0.52241027 0.32296698 0.46817743 0.51273931 0.41398454 0.46478519]","[ 5.66532775e-01  2.25412272e-01  6.52983265e-01  6.92639835e-01
  2.88644222e-01  5.27366560e-01  6.20717180e-01  4.25242759e-01
  2.28869577e-01  4.07565250e-01  5.86211152e-01  6.48900271e-01
  4.38897426e-01  4.03270930e-01  4.60993902e-01  2.43630766e-01
  5.87289334e-01  3.86259785e-01  3.94821832e-01  1.75076515e-01
  3.59279415e-01  4.49185657e-01  4.78054810e-01  2.51088611e-01
  6.25645620e-01  4.99315205e-01  6.03040251e-01  3.82422384e-01
  1.75204244e-01  5.55886117e-01  4.66621221e-01  3.25840474e-01
  5.60526766e-01  4.87072511e-01  3.29662134e-01  3.30218740e-01
  2.91904124e-01  2.23915928e-01  3.86302039e-01  3.45791100e-01
  5.91184799e-01  5.89018859e-01  6.41479507e-01  1.71397301e-01
  4.21602112e-01  3.67964580e-01  4.59043618e-01  3.23981573e-01
  6.73028040e-01  6.42017913e-01  6.18254774e-01  3.37445230e-01
  2.66923338e-01  2.22584946e-01  4.00203721e-01  3.50918311e-01
  7.19431354e-01  3.79611017e-01  5.15872044e-01  4.26428721e-01
  2.58368707e-01  1.09545424e-01  2.91709285e-01  2.46845998e-01
  4.21028049e-01  5.11958579e-01  4.94202220e-01  5.14841653e-01
  4.50932980e-01  4.58063151e-01  6.57136471e-01  3.76700678e-01
  3.52367755e-01  4.34319997e-01  4.25676468e-01  4.15687369e-01
  4.58248428e-01  4.85503556e-01  7.04375332e-01  4.22606718e-01
  4.11056324e-01  3.94130316e-01  4.95794079e-01  4.46376470e-01
  4.73292754e-01  5.86378651e-01  5.60529429e-01  4.17057628e-01
  3.06664436e-01  4.20975495e-01  3.80216355e-01  5.17374801e-01
  6.48219420e-01  6.02785880e-01  7.05562864e-01  3.76636385e-01
  4.29639586e-01  4.27098543e-01  4.22589997e-01  6.84067027e-01
  5.37412554e-01  6.71166724e-01  2.06112974e-01  4.94221167e-01
  5.58948133e-01  6.04674520e-01  6.39185507e-01  3.97545541e-01
  5.52292168e-01  5.26574680e-01  5.57241361e-01  3.59732675e-01
  3.67598939e-01  4.84134583e-01  7.09527582e-01  4.74172876e-01
  4.38697780e-01  4.23638557e-01 -7.50378279e-01  8.67881500e-02
  2.36785625e-01  2.74153516e-01  4.78497889e-01  1.89712517e-01
  3.38568477e-01  2.08701410e-01  1.74234848e-01  5.38010464e-01
  5.19035849e-01  4.78151809e-01  3.34007318e-01  3.18933451e-01
 -4.16085253e-02  4.78792340e-01  4.82191432e-01  3.62913828e-01
  4.43447111e-01  2.96449162e-01  8.21274931e-02  4.58170688e-01
  3.59504849e-01  3.82403787e-01  4.90987688e-01  5.60539154e-01
  2.05143296e-01  1.20610169e-01  3.56651562e-01 -1.43112788e-01
  4.84453150e-01  2.11931415e-01  4.80473927e-01  5.83360413e-01
  6.15752830e-01  3.71070052e-01  4.59269944e-01  5.04565859e-01
  4.92102146e-01  2.58888606e-01  4.62611531e-01 -1.25710686e-01
  5.82259601e-01  5.11854651e-01  4.27628122e-01  4.52418164e-01
 -3.43163745e-01  3.81521682e-01  4.36892247e-01  3.22413334e-01
  4.06866534e-01  4.80564694e-01  4.81799062e-01  6.34838445e-01
  5.48612904e-01  5.25941745e-01  4.82929140e-01  4.49497888e-01
  4.96127474e-01  6.53822852e-01  5.97714484e-01  5.73708846e-01
  5.98227328e-01  3.66077892e-01  5.17795620e-01  4.57641381e-01
  3.61521840e-01  6.39068193e-01  6.28137338e-01 -4.35045918e-01
  6.13822898e-01  2.26118186e-01  4.38776303e-01  3.99788423e-01
  3.53927455e-01  4.52808326e-01  5.39876445e-01  4.78492957e-01
  3.16054646e-01  2.95630932e-01  3.16131058e-01 -4.26922079e-01
  5.85831100e-01  5.85423226e-01  6.16737742e-01  5.52151833e-01
  4.82097127e-01  2.37485710e-01  4.24809940e-01  5.28467895e-01
  4.83680265e-01  4.15413411e-01  6.37386489e-01  5.88408876e-01
  5.64058249e-01  3.94828279e-01  3.22420811e-01  1.82502935e-01
  3.81036805e-01  5.95541616e-01  5.57575545e-01  6.36914389e-01
  3.68985017e-01  2.66983140e-01  3.26404175e-01  5.87554847e-01
  5.83319900e-01  4.53136244e-01  4.90910011e-01  6.34507386e-01
  5.28284518e-01  1.14361035e-01  1.42910151e-01 -5.83948379e-01
  1.98423919e-01  1.48924154e-01  6.65814933e-02  2.96884933e-01
  1.11911257e-01  3.95921011e-01  3.98786942e-01 -1.15219445e-02
  2.06694000e-01  1.19843188e-01  2.14904041e-01  2.02835565e-01
  2.27229331e-03  3.98573445e-01  2.64619082e-01 -1.65216426e-01
  4.37823373e-01  1.47665141e-01  2.53547786e-01  1.95464833e-01
  1.37964657e-01  3.88975424e-01  2.19876253e-01  3.35278744e-01
  3.62018727e-01  8.12952320e-02 -2.49474893e-02  1.86023497e-01
  4.09022978e-01  3.85555002e-01  3.27905058e-01  4.02608710e-01
  2.28218995e-01  3.91394644e-01  4.23101895e-01  1.43625935e-01
  3.66198488e-01  3.16345495e-01  1.97447452e-01  2.84718427e-01
  2.32532981e-01  2.84451672e-01  5.72020919e-01  5.34295142e-01
  2.85155484e-01  2.60316248e-01  2.44903462e-01  3.44835409e-01
  2.29022229e-01  4.27248938e-01  3.91569025e-01  5.01541998e-01
  5.45016718e-01  5.73533280e-01  4.54197923e-01  3.84268410e-01
  4.35684836e-01  4.03092052e-01  4.83695704e-01  4.68630627e-01
  4.61220820e-01  4.62405997e-01  2.92239875e-01  5.92302312e-02
  4.73979025e-01  5.63748946e-01  5.39441587e-01  5.45378166e-01
  4.94335246e-01  3.97692540e-01  3.34218230e-01  2.70917581e-01
  4.22102617e-01  5.63567147e-01  5.69802851e-01  5.20083289e-01
  3.45560265e-01  1.33111606e-01  2.11993994e-01  2.41165398e-01
  3.00307925e-01  5.94083875e-01  1.35176121e-01  1.48032314e-01
  5.74868602e-01  4.95006820e-01  2.23048364e-01  2.27173838e-01
  4.16155370e-01  6.47594622e-01  6.21375933e-01  6.04611719e-01
  5.74980510e-01  5.32829204e-01  4.23449844e-01  2.46206369e-01
  5.04167021e-01  5.91564004e-01  3.55849033e-01  5.63116533e-01
  5.51565531e-01  4.31324614e-01 -8.04392577e+00  5.94842870e-01
  6.30574074e-01  5.92163518e-01  5.77663049e-01  5.59598663e-01
  5.81475665e-01  5.56613041e-01  6.09119582e-01  3.09490282e-01
  3.20243742e-01  2.58008645e-01  2.76305902e-01  3.22715979e-01
  3.59820952e-01  2.86294960e-01  2.60724142e-01  3.33477622e-01
  2.21623200e-01  2.65270843e-01  3.73853642e-01  2.50356487e-01
  2.16517580e-01  3.34486266e-01  3.49424671e-01  2.60157554e-01
  3.27669123e-01  4.12989181e-01  2.76417005e-01  3.80412425e-01
  3.45123389e-01  2.89127811e-01  2.48307481e-01  3.99212042e-01
  3.12131603e-01 -1.37787773e+00  3.08120910e-01  2.64000060e-01
  4.05399816e-01  2.99524133e-01  3.18024202e-01  3.09504802e-01
  2.25019731e-01  2.61953151e-01  4.35393669e-01  4.09737646e-01
  3.82065441e-01  3.75391337e-01  3.01505079e-01  3.37228710e-01
  4.09236144e-01  4.26794218e-01  4.99631790e-01  4.55674962e-01
  3.19430300e-01  3.63616726e-01  5.13057815e-01  5.42779852e-01
  5.53418240e-01  4.92510841e-01  4.27643347e-01  3.40933902e-01
  5.52064132e-01  5.35678691e-01  5.43669545e-01  5.31415700e-01
  5.12728799e-01 -2.12681069e-01  3.24820724e-01  3.02127880e-01
  2.57980432e-01  3.78037668e-01  2.15493382e-01 -1.90570419e-01
 -3.32361987e-02  1.89464113e-01  2.12321502e-01  2.81655554e-01
 -2.60320563e+00 -7.30583196e-02 -3.64910406e-01  1.08926521e-01
  1.06228888e-01  3.15762790e-01  2.57100330e-01  1.99350461e-01
  2.08286782e-01  2.47089116e-01  3.09962912e-01 -1.12033078e-01
  3.13584713e-01  2.72143826e-01  1.63010726e-01  1.94525372e-01
  1.64738425e-01  3.44974326e-01  1.95315791e-01 -1.44145746e-01
  7.81711922e-02  3.76300285e-01  2.86736751e-01  2.12578675e-01
  2.75741197e-01  4.63624298e-02  1.45536204e-01  1.45874067e-01
  3.08885695e-01  4.93961250e-01  5.08003800e-03  2.64628395e-01
  3.72546655e-01  1.30300552e-01  1.69285839e-01  1.12336812e-01
  3.38294951e-01  3.35437789e-01  1.48825246e-01  3.82634780e-01
  3.20603881e-01  3.72480933e-01  1.12592504e-01  2.61361441e-01
  1.82714556e-01 -1.02871676e-01  1.76336322e-01  2.30095066e-01
  3.33978901e-02  9.69481773e-03]",0.41154498587464416,0.6454613801834149
TVSD,Model B (Qwen3),features/language_model-layers-11,monkeyF/V1,100000.0,0.489228218793869,0.5024800152706658,0.1907271295785904,0.19630196359450214,"[0.53738755 0.473104   0.62364733 0.72170776 0.3999707  0.7249833
 0.7750516  0.6775518  0.3000412  0.6252524  0.6607101  0.6281702
 0.58679426 0.6255351  0.67960715 0.5725993  0.6100849  0.506499
 0.66975397 0.6184524  0.6566532  0.6711244  0.72992265 0.5314493
 0.6101906  0.42022064 0.7177128  0.46848717 0.47060984 0.74276125
 0.74004555 0.5288109  0.45843202 0.5838379  0.54462266 0.46018648
 0.5011213  0.48406592 0.7204549  0.5805438  0.61194426 0.7365269
 0.74084646 0.4384411  0.65280807 0.6127141  0.66556376 0.4131302
 0.5865982  0.6746222  0.8045558  0.49347475 0.48230976 0.5288049
 0.6637594  0.54433006 0.63437396 0.5923954  0.6007687  0.65481037
 0.572374   0.52982646 0.5490817  0.46488795 0.4146928  0.55182433
 0.5615119  0.5985329  0.5559643  0.5422139  0.5601643  0.3866252
 0.49216866 0.53627676 0.5412322  0.54053646 0.51373994 0.44471464
 0.59043586 0.46192753 0.4598445  0.46717325 0.57034373 0.53490376
 0.52630615 0.6208811  0.48413783 0.50098354 0.45568615 0.50733835
 0.5746593  0.53701407 0.5337818  0.5552579  0.57867014 0.46798357
 0.49365646 0.54920805 0.5098135  0.54171705 0.40619344 0.49405456
 0.44795248 0.5451349  0.51596314 0.5359948  0.57305896 0.39965877
 0.6072035  0.40396973 0.488201   0.45017853 0.4491077  0.49706408
 0.60670966 0.474073   0.4307014  0.5257581  0.505103   0.34058052
 0.32635602 0.35228208 0.54176843 0.37394738 0.4614539  0.43057963
 0.44289804 0.49012506 0.58898383 0.5807447  0.5192151  0.543029
 0.38882205 0.44517654 0.587103   0.4413749  0.5401198  0.5426167
 0.38397384 0.57579714 0.53739434 0.573249   0.5738824  0.6399614
 0.46341023 0.34157994 0.56172454 0.33398747 0.6509278  0.5293741
 0.5303322  0.6559013  0.6328241  0.48028362 0.6410541  0.68592083
 0.66008914 0.4977532  0.50303376 0.52824324 0.5948698  0.59253526
 0.5186902  0.6217299  0.5485246  0.5408856  0.5723973  0.5207344
 0.5371575  0.540638   0.70412356 0.71604866 0.6299972  0.5703908
 0.58729434 0.61821383 0.63473123 0.74013317 0.64028484 0.5813964
 0.6711328  0.28177354 0.58103913 0.59327984 0.47376263 0.6872147
 0.61875695 0.5995164  0.6272524  0.4765106  0.6239807  0.600324
 0.5111794  0.5879672  0.61996096 0.6009315  0.4862472  0.55181986
 0.6404204  0.62554145 0.61293423 0.7280509  0.63295746 0.6711054
 0.627652   0.5093486  0.5327705  0.67952555 0.6681564  0.63555956
 0.13584632 0.62080705 0.6293107  0.2890793  0.43004122 0.51970816
 0.56995416 0.74892235 0.6542587  0.6628733  0.45395288 0.44881552
 0.46490142 0.66849434 0.65324706 0.5657026  0.53100246 0.64634496
 0.566636   0.2287582  0.28429267 0.2783735  0.24728325 0.29147676
 0.32534567 0.4417511  0.28573275 0.29671726 0.5049343  0.3065195
 0.22105263 0.52011716 0.4351754  0.315465   0.3639816  0.5077071
 0.46827173 0.47656214 0.50782716 0.22918893 0.2695961  0.34259287
 0.29512894 0.47988993 0.39525035 0.555824   0.48013714 0.422499
 0.268081   0.28467816 0.51046777 0.47981212 0.46468163 0.27186376
 0.49531868 0.5543904  0.5133262  0.60733473 0.5415434  0.50286347
 0.46007684 0.44176143 0.49545822 0.40792498 0.70310694 0.6257733
 0.40610957 0.4581387  0.44428623 0.5392832  0.5167578  0.562951
 0.5397706  0.5055152  0.53360206 0.36139062 0.47908765 0.49331453
 0.55377793 0.4601855  0.5491923  0.44746476 0.49226367 0.42622256
 0.43601534 0.444003   0.49358952 0.51069623 0.50648487 0.489965
 0.470801   0.46742213 0.4408077  0.4849955  0.5469794  0.510668
 0.52032626 0.4392531  0.371432   0.31839794 0.3582987  0.37387952
 0.49734497 0.5218154  0.3464392  0.3497023  0.5358002  0.48672482
 0.4027279  0.31729618 0.4972756  0.54097927 0.55505425 0.57451856
 0.5506235  0.5263074  0.5290057  0.41211513 0.5702369  0.4895489
 0.524345   0.5469839  0.54450536 0.5519491  0.59056383 0.535717
 0.61370546 0.5760781  0.543197   0.5226778  0.528012   0.5636157
 0.65675884 0.4045424  0.43245354 0.3442858  0.32439002 0.345763
 0.4211377  0.30071345 0.45824084 0.4818236  0.3266847  0.31891313
 0.41534168 0.38085496 0.39152923 0.3946128  0.47866008 0.41508585
 0.36703375 0.38421166 0.35350177 0.46917963 0.35168055 0.31468916
 0.49647504 0.47190383 0.41720682 0.32416153 0.3165     0.36865273
 0.4048386  0.37602863 0.4721729  0.4749096  0.35475492 0.37537482
 0.4093649  0.46181375 0.46059382 0.48520958 0.46594796 0.48109633
 0.4363914  0.5042691  0.51680523 0.5507195  0.30070826 0.47939822
 0.5824114  0.5796198  0.56580824 0.5684617  0.52852726 0.50237536
 0.65672475 0.6061368  0.6160793  0.597746   0.5771084  0.51905376
 0.4486763  0.38370723 0.378247   0.47398588 0.44025987 0.24414203
 0.35659677 0.39925364 0.36081672 0.36929917 0.3749758  0.17663819
 0.2003379  0.23812205 0.35293582 0.43271917 0.4387441  0.35598865
 0.29409325 0.3691152  0.4238928  0.22550699 0.2942431  0.42214322
 0.30418235 0.389125   0.42618048 0.40799743 0.25354347 0.11056878
 0.23352548 0.3794165  0.37629688 0.18851855 0.3889551  0.2835191
 0.24336585 0.2193116  0.3792742  0.45455027 0.35972735 0.24398704
 0.42550257 0.25976977 0.3601084  0.14000921 0.45711794 0.44400296
 0.31466305 0.40206733 0.38779482 0.43503907 0.41621235 0.4023287
 0.31372896 0.3673773  0.28724158 0.34495384 0.39354882 0.28360388]","[ 1.94382131e-01  8.96841884e-02  3.78478527e-01  4.90146399e-01
  8.21292400e-04  5.03907084e-01  5.69456577e-01  4.52807009e-01
 -1.61794543e-01  3.66849542e-01  3.84859264e-01  3.70222628e-01
  2.41097093e-01  3.29113662e-01  4.34908509e-01  3.06883872e-01
  2.62461245e-01  1.57453775e-01  3.96123409e-01  3.31529081e-01
  4.00161862e-01  4.42455649e-01  5.06188214e-01  2.67430305e-01
  2.68414855e-01  1.42019451e-01  4.84599650e-01  1.91053033e-01
  1.78171098e-01  5.46012104e-01  5.37784159e-01  2.76730418e-01
  1.20665789e-01  2.51456916e-01  1.92812681e-01  1.74637377e-01
  2.36727893e-01  1.95403397e-01  5.11345744e-01  3.35271657e-01
  3.61729980e-01  5.11254311e-01  4.97260153e-01  1.29539013e-01
  4.18971837e-01  3.66221905e-01  4.27678704e-01  1.55588388e-01
  3.17937315e-01  4.46221888e-01  6.28636777e-01  1.99654877e-01
  1.80258453e-01  2.26824164e-01  4.28504467e-01  2.85894752e-01
  3.83578837e-01  3.04219365e-01  2.95236707e-01  4.22057271e-01
  2.86192119e-01  2.28789449e-01  2.19668746e-01  1.66711688e-01
  9.48509574e-02  2.66849935e-01  2.65435219e-01  3.33805859e-01
  3.07506025e-01  2.44867444e-01  2.91887939e-01  9.87959504e-02
  1.60065949e-01  2.42895126e-01  2.45290816e-01  2.50855029e-01
  2.19230473e-01  8.98527503e-02  3.15120041e-01  1.69124722e-01
  1.72064304e-01  1.33862853e-01  3.03057849e-01  2.20850825e-01
  1.70990586e-01  3.68948460e-01  1.93904757e-01  2.21763790e-01
  1.32891119e-01  2.39385664e-01  2.91527331e-01  2.42182791e-01
  2.68453717e-01  2.96741784e-01  3.04717600e-01  1.59531355e-01
  2.12677598e-01  2.39582896e-01  1.90260589e-01  2.62193859e-01
 -4.02975082e-02  2.07593024e-01  1.64698124e-01  2.73865402e-01
  2.32704699e-01  2.59768307e-01  3.24747026e-01  7.73685575e-02
  3.43818843e-01  7.14433789e-02  2.12626755e-01  1.13638699e-01
  1.95617914e-01  2.03204930e-01  3.41967106e-01  1.73124790e-01
  9.98139977e-02  2.61815131e-01  2.36270845e-01 -6.15508556e-02
  5.82712293e-02  3.22272182e-02  2.68801033e-01 -3.40152979e-02
  1.71390593e-01  8.50325823e-02  1.56737387e-01  2.31093824e-01
  3.33694637e-01  3.08842242e-01  2.37572193e-01  2.66732514e-01
 -3.73128653e-02  9.89258289e-02  3.35585535e-01  7.60899186e-02
  2.51457036e-01  2.73681402e-01  1.08925462e-01  3.29985380e-01
  2.41855145e-01  3.06879818e-01  3.21968675e-01  3.78496766e-01
  1.10477030e-01 -4.39844131e-02  2.58621752e-01 -3.44753981e-01
  4.12052989e-01  2.53328085e-01  2.76216865e-01  4.22801197e-01
  3.98415685e-01  1.63105547e-01  3.97253215e-01  4.54059601e-01
  4.31059301e-01  2.45309532e-01  2.20006645e-01  2.79029608e-01
  3.29097509e-01  3.38119626e-01  2.00944722e-01  3.64452362e-01
  2.95351028e-01  2.49663591e-01  2.99483001e-01  2.69128561e-01
  2.88107574e-01  2.40146399e-01  4.88838017e-01  5.08599162e-01
  3.70344520e-01  3.24869871e-01  3.38415802e-01  3.48260999e-01
  3.91562819e-01  5.34192264e-01  4.06811476e-01  3.25468063e-01
  4.46728945e-01 -7.50845551e-01  3.06840181e-01  3.17791224e-01
  1.90834165e-01  4.57180321e-01  3.78563166e-01  3.53658915e-01
  3.86648417e-01  1.72682464e-01  3.75685513e-01  3.33580732e-01
  2.46004224e-01  3.09879422e-01  3.80496264e-01  3.46490026e-01
  2.04027057e-01  2.64552951e-01  3.89173448e-01  3.87945175e-01
  3.71229649e-01  5.21171272e-01  3.90498340e-01  4.35153484e-01
  3.65440965e-01  2.51487315e-01  2.77882338e-01  4.42591965e-01
  4.07149196e-01  4.00529742e-01 -2.50209928e+00  3.71967316e-01
  3.93420219e-01 -4.57482338e-02  1.84855700e-01  2.64925122e-01
  3.14942896e-01  5.44334769e-01  4.27507043e-01  4.35099065e-01
  1.19698584e-01  1.75091863e-01  2.01159894e-01  4.07290936e-01
  4.05520558e-01  2.97863901e-01  2.74716616e-01  4.07370090e-01
  3.05189669e-01 -1.44963145e-01 -2.32374668e-02 -1.30745173e-02
  1.20434761e-02 -3.64886522e-02 -4.87148762e-02  1.68341935e-01
 -6.22891188e-02 -1.10712409e-01  2.46365845e-01 -2.09279060e-02
 -1.41229510e-01  2.61946559e-01  1.50665879e-01  1.05171800e-02
  8.84561539e-02  2.49511063e-01  1.99916244e-01  2.16031671e-01
  2.48685539e-01 -1.73204780e-01  3.96591425e-02  5.72161674e-02
 -1.06760263e-02  2.19277024e-01  1.01511300e-01  3.04763734e-01
  2.18490839e-01  1.76767647e-01  3.54391336e-03 -7.38371611e-02
  2.54640937e-01  2.18959391e-01  2.13535905e-01  5.82595468e-02
  2.41900146e-01  2.99353063e-01  2.51138985e-01  3.68830860e-01
  2.87550628e-01  2.46990561e-01  2.10178673e-01  1.91529334e-01
  2.44164526e-01  8.80034566e-02  4.77631271e-01  3.87273610e-01
  1.24721527e-01  1.78282320e-01  1.81938231e-01  2.90105283e-01
  2.58566022e-01  3.11866105e-01  2.85854161e-01  2.26372421e-01
  2.60482371e-01 -3.75179052e-02  2.21256495e-01  1.88967943e-01
  2.96601534e-01  1.72860086e-01  2.95926988e-01  1.93076372e-01
  1.74538851e-01  1.36282742e-01  1.42331123e-01  7.23186135e-02
  2.13913381e-01  2.29530275e-01  2.52145350e-01  2.03988254e-01
  1.95088565e-01  1.93109453e-01  1.28819168e-01  1.95034742e-01
  2.89072692e-01  2.35628426e-01  2.27872372e-01  1.32504761e-01
  5.34683466e-02 -6.72863722e-02  6.76468611e-02  8.25002193e-02
  2.25391865e-01  2.29846120e-01 -3.29604149e-02 -7.76046515e-02
  2.69748032e-01  1.68237865e-01  1.31025374e-01 -7.28684664e-02
  2.20000029e-01  2.71762431e-01  2.90156245e-01  3.19956124e-01
  2.88770199e-01  2.36153781e-01  2.69531608e-01 -1.39327049e-02
  3.08316946e-01  2.24770010e-01  2.53937781e-01  2.84470081e-01
  2.71527469e-01  2.83531487e-01  2.55716920e-01  2.81783998e-01
  3.71585071e-01  3.21704388e-01  2.89120972e-01  2.53368855e-01
  2.66910851e-01  2.73959219e-01  4.02411878e-01  1.35216594e-01
  1.73645616e-01  7.66573548e-02  6.92276955e-02  8.38859677e-02
  1.61450744e-01 -4.76181507e-03  1.63525641e-01  1.77216530e-01
  2.34661698e-02  3.64639759e-02  1.63443744e-01  1.20440185e-01
  7.53844380e-02  1.38410926e-01  1.77830398e-01  1.31646633e-01
  1.10246778e-01  2.44917870e-02  7.50571489e-02  2.01963544e-01
  8.93613100e-02  2.74767876e-02  1.82410479e-01  1.94139183e-01
  4.68082428e-02 -1.80618763e-02 -5.98254204e-02  6.09276891e-02
 -1.49786949e-01  7.93085098e-02  1.67064369e-01  1.73918903e-01
  4.84868288e-02  3.03224325e-02  1.04152083e-01  1.37432396e-01
  1.58519149e-01  1.97376609e-01  1.60507798e-01  1.89241469e-01
  1.30978763e-01  1.98018789e-01  1.85305059e-01  2.57316947e-01
 -1.57308102e-01  1.54765606e-01  2.84866333e-01  3.13648105e-01
  2.26752281e-01  2.72800028e-01  2.34933019e-01  1.62714362e-01
  4.15060163e-01  3.21010232e-01  3.70627999e-01  3.32716405e-01
  2.91705906e-01  2.08747983e-01  1.73472464e-01  7.89815784e-02
  9.11704302e-02  1.71880841e-01  1.55145943e-01 -4.11232591e-01
 -6.20353222e-02  6.47688508e-02  3.38267088e-02  4.73863482e-02
  8.44992995e-02 -3.18186522e-01 -5.36050200e-01 -1.65409088e-01
  5.77835441e-02  8.70913267e-02  1.11043870e-01  1.90249085e-02
 -1.06787443e-01  1.08658433e-01  1.70857608e-01 -2.46912122e-01
 -1.13998652e-01  1.28511727e-01  1.95520520e-02  7.20863938e-02
  8.04020762e-02  1.55994356e-01 -9.80309248e-02 -5.37881970e-01
 -8.74478817e-02  8.05698633e-02  5.40879965e-02 -9.49383974e-02
  1.34306014e-01 -6.22539520e-02 -4.41298485e-02 -6.77465200e-02
  6.47430420e-02  1.42041028e-01  7.46966004e-02 -1.26478791e-01
  1.75940752e-01 -7.79536963e-02  9.33649540e-02 -2.96779871e-01
  1.67004585e-01  1.19323492e-01  1.20145679e-02  1.46318138e-01
  1.25813186e-01  1.57722056e-01  3.97720337e-02 -7.07304478e-03
 -5.59585094e-02 -2.17413902e-03 -1.92530155e-02  4.08089161e-02
  6.36616945e-02 -2.71077156e-01]","[0.57016771 0.49969638 0.63126559 0.73962315 0.42505549 0.74068035
 0.78108231 0.68677607 0.3180791  0.64026511 0.68027382 0.64714836
 0.62529504 0.64476353 0.69803744 0.58371763 0.62749714 0.53511851
 0.70842602 0.63853571 0.68424692 0.68178151 0.74820667 0.53907704
 0.62773203 0.44268505 0.73081461 0.47678987 0.4906155  0.74699057
 0.74440376 0.53616556 0.46808409 0.60731666 0.5647032  0.47147409
 0.5077798  0.49440959 0.72613392 0.5836193  0.61927195 0.75070049
 0.75556469 0.44433311 0.65585513 0.61631208 0.6754286  0.41792671
 0.60182153 0.6845318  0.82110466 0.50107036 0.48738564 0.54191141
 0.67204862 0.5512925  0.64060849 0.61518243 0.62150333 0.67286953
 0.57984954 0.54458558 0.5595054  0.47374849 0.4199097  0.55612176
 0.56792541 0.60180322 0.5588236  0.56410906 0.57638521 0.38997548
 0.49535159 0.53901054 0.54391748 0.54342419 0.51725844 0.46268989
 0.59963484 0.46595359 0.46334344 0.46971245 0.57284883 0.53851987
 0.53854174 0.63319356 0.4992541  0.50587225 0.45805164 0.50933534
 0.57733829 0.54378731 0.54385184 0.56363603 0.59025487 0.47432379
 0.49595349 0.55391155 0.5156177  0.55701097 0.44663672 0.52082796
 0.45093475 0.54960358 0.52176839 0.54682874 0.60017203 0.44331768
 0.61706246 0.41654956 0.49934402 0.46917649 0.45392949 0.52014056
 0.62623757 0.49774358 0.44707286 0.55049918 0.52896951 0.36364928
 0.33985193 0.37343614 0.54930314 0.4016439  0.48100856 0.47384451
 0.47434772 0.49455857 0.59526057 0.59314347 0.53077705 0.55797805
 0.43959061 0.44931828 0.59372945 0.48607254 0.56712982 0.56221173
 0.4106234  0.58091924 0.56633754 0.59604865 0.5897369  0.67204179
 0.51199009 0.38015797 0.60684991 0.3688492  0.67376518 0.54302015
 0.53894738 0.66342799 0.64247944 0.48741055 0.65400716 0.69674231
 0.67256093 0.5034663  0.52562704 0.53817125 0.60138547 0.60371023
 0.53785299 0.6274006  0.55563884 0.54361557 0.57383019 0.52400632
 0.53901299 0.55793584 0.70797651 0.71870697 0.69196836 0.57197929
 0.58863871 0.61981134 0.64074655 0.75143048 0.65452075 0.58876592
 0.68536543 0.28255087 0.58317596 0.59583272 0.4798922  0.69743456
 0.6272353  0.61316865 0.63616088 0.47832831 0.62622357 0.60194558
 0.52075882 0.61132778 0.63620016 0.61647236 0.50035004 0.55371904
 0.64373467 0.64426692 0.61985921 0.73954445 0.65132208 0.69107809
 0.63258525 0.51095094 0.53492764 0.68502632 0.67088115 0.64434599
 0.14054596 0.63980629 0.63464168 0.29024971 0.43168651 0.52125625
 0.57270258 0.75569734 0.66697334 0.66647098 0.48507766 0.45304412
 0.46895275 0.67215954 0.65590522 0.58910619 0.55205245 0.65122416
 0.56958009 0.25877557 0.31290612 0.30387436 0.25525957 0.30773739
 0.36532166 0.46555668 0.31229377 0.33019371 0.50927667 0.32233891
 0.23738134 0.52665598 0.48685334 0.33684555 0.390181   0.5120327
 0.47651017 0.48998539 0.51421493 0.24972149 0.27637023 0.36271236
 0.30773213 0.48250942 0.40050126 0.5614418  0.48358985 0.43348408
 0.27540986 0.30341103 0.5128591  0.4824422  0.46914032 0.27664166
 0.49778312 0.55906741 0.51685211 0.61109602 0.54454736 0.50510982
 0.46194222 0.44505913 0.50050716 0.43768867 0.70572627 0.62858789
 0.41208585 0.46022825 0.44726531 0.5418079  0.52160618 0.56616074
 0.54327056 0.51706144 0.55218515 0.39131602 0.49306159 0.51944217
 0.55674454 0.4644836  0.56322002 0.45858554 0.5193545  0.4509843
 0.45935711 0.47590668 0.50224584 0.53715985 0.51194444 0.50622629
 0.48109278 0.48340569 0.45476415 0.51642773 0.55121114 0.51525357
 0.53605266 0.45944565 0.38924083 0.34825681 0.38457375 0.38661497
 0.51026397 0.53034094 0.37503898 0.37176136 0.5483224  0.50274807
 0.42772208 0.35001162 0.50194424 0.54955745 0.56460012 0.58690215
 0.56271861 0.54185374 0.54783601 0.44858695 0.57475365 0.49395366
 0.53440857 0.55819604 0.56698002 0.5780963  0.62138504 0.54091297
 0.62124628 0.58401242 0.55336632 0.5343308  0.54471791 0.58149281
 0.66425848 0.40843136 0.43669683 0.34893197 0.32941302 0.35499621
 0.43112217 0.31257161 0.47075487 0.48808165 0.3359524  0.32519227
 0.42073324 0.38929913 0.41921387 0.40024069 0.48947533 0.41931214
 0.36895534 0.40852582 0.36062624 0.47359475 0.36063678 0.32229765
 0.52381485 0.47605368 0.42398965 0.34674413 0.32840409 0.37861841
 0.41917985 0.38418658 0.48286606 0.48571815 0.37081931 0.38302159
 0.41892046 0.47283606 0.46931587 0.49283174 0.48189543 0.4972452
 0.44082829 0.5145973  0.52677263 0.55841974 0.33822759 0.50144481
 0.60962192 0.59223246 0.57023871 0.57521364 0.5342352  0.51113898
 0.66449403 0.61163328 0.6199696  0.60048427 0.58040849 0.52443314
 0.45376282 0.390163   0.38528391 0.48445942 0.45540195 0.27713718
 0.38562716 0.41711587 0.3872101  0.38508449 0.3930919  0.20069729
 0.22649399 0.26195326 0.3782213  0.45404856 0.45600891 0.366863
 0.3041297  0.38010607 0.43191064 0.24426762 0.32489758 0.43057189
 0.30886553 0.40115781 0.45267253 0.41844543 0.27088929 0.12562794
 0.24019397 0.38818903 0.39144594 0.19998434 0.39955448 0.30355337
 0.2532006  0.23053864 0.39700177 0.45865576 0.37192788 0.25598905
 0.43229773 0.27365164 0.37445854 0.15470078 0.47114851 0.45743018
 0.33071694 0.4066988  0.3939608  0.44409693 0.4464379  0.43069927
 0.33790187 0.39855806 0.30162032 0.36107485 0.43460829 0.31771993]","[ 2.18819680e-01  1.00049528e-01  3.87781731e-01  5.14782830e-01
  9.27540068e-04  5.25964139e-01  5.78352997e-01  4.65220065e-01
 -1.81832855e-01  3.84677589e-01  4.07988175e-01  3.92930757e-01
  2.73772762e-01  3.49658030e-01  4.58816951e-01  3.18917295e-01
  2.77656690e-01  1.75750212e-01  4.43188950e-01  3.53410466e-01
  4.34499458e-01  4.56619154e-01  5.31865103e-01  2.75162080e-01
  2.84069192e-01  1.57609640e-01  5.02453799e-01  1.97884858e-01
  1.93641201e-01  5.52247835e-01  5.44136962e-01  2.84481421e-01
  1.25800401e-01  2.72087988e-01  2.07293019e-01  1.83309574e-01
  2.43060609e-01  2.03843500e-01  5.19438974e-01  3.38833328e-01
  3.70444877e-01  5.31120597e-01  5.17214331e-01  1.33044043e-01
  4.22892173e-01  3.70535576e-01  4.40450581e-01  1.59222176e-01
  3.34653573e-01  4.59427401e-01  6.54763573e-01  2.05848392e-01
  1.84072541e-01  2.38207250e-01  4.39273861e-01  2.93255195e-01
  3.91155395e-01  3.28073620e-01  3.15967711e-01  4.45658323e-01
  2.93716624e-01  2.41713541e-01  2.28088256e-01  1.73127143e-01
  9.72524551e-02  2.71022398e-01  2.71533399e-01  3.37463571e-01
  3.10677146e-01  2.65042715e-01  3.09037366e-01  1.00515591e-01
  1.62142985e-01  2.45377852e-01  2.47730813e-01  2.53542491e-01
  2.22243686e-01  9.72631995e-02  3.25015655e-01  1.72085673e-01
  1.74692726e-01  1.35321965e-01  3.05725912e-01  2.23846951e-01
  1.79033397e-01  3.83726531e-01  2.06202392e-01  2.26112954e-01
  1.34274386e-01  2.41273921e-01  2.94251809e-01  2.48330519e-01
  2.78678238e-01  3.05764228e-01  3.17040359e-01  1.63883284e-01
  2.14661420e-01  2.43704119e-01  1.94617475e-01  2.77207515e-01
 -4.87215676e-02  2.30702081e-01  1.66898396e-01  2.78373763e-01
  2.37970619e-01  2.70375686e-01  3.56203404e-01  9.51953883e-02
  3.55074442e-01  7.59622282e-02  2.22443798e-01  1.23432400e-01
  1.99840910e-01  2.22510710e-01  3.64334886e-01  1.90844725e-01
  1.07546303e-01  2.87035870e-01  2.59126319e-01 -7.01713662e-02
  6.31902979e-02  3.62138266e-02  2.76329787e-01 -3.92405989e-02
  1.86224119e-01  1.02979341e-01  1.79787184e-01  2.35293526e-01
  3.40844826e-01  3.22170462e-01  2.48270568e-01  2.81620405e-01
 -4.76928914e-02  1.00775122e-01  3.43203576e-01  9.22813688e-02
  2.77235290e-01  2.93804696e-01  1.24570022e-01  3.35882377e-01
  2.68608560e-01  3.31776145e-01  3.40004296e-01  4.17394908e-01
  1.34854012e-01 -5.44806497e-02  3.01842811e-01 -4.20481232e-01
  4.41473442e-01  2.66556832e-01  2.85263968e-01  4.32560433e-01
  4.10666088e-01  1.67982108e-01  4.13469116e-01  4.68499624e-01
  4.47502141e-01  2.50973061e-01  2.40213233e-01  2.89616553e-01
  3.36346278e-01  3.50993482e-01  2.16066605e-01  3.71130887e-01
  3.03061964e-01  2.52190140e-01  3.00984285e-01  2.72521179e-01
  2.90101442e-01  2.55759290e-01  4.94202480e-01  5.12382501e-01
  4.46787658e-01  3.26681843e-01  3.39966908e-01  3.50063191e-01
  3.99019634e-01  5.50624428e-01  4.25102438e-01  3.33771335e-01
  4.65877304e-01 -7.54993979e-01  3.09101197e-01  3.20532016e-01
  1.95804156e-01  4.70879315e-01  3.89008557e-01  3.69949439e-01
  3.97709065e-01  1.74002407e-01  3.78391137e-01  3.35385318e-01
  2.55310787e-01  3.34992260e-01  4.00690698e-01  3.64643086e-01
  2.16033643e-01  2.66377093e-01  3.93211959e-01  4.11518949e-01
  3.79665392e-01  5.37756361e-01  4.13486901e-01  4.61440027e-01
  3.71208175e-01  2.53072119e-01  2.80137117e-01  4.49786546e-01
  4.10476705e-01  4.11680714e-01 -2.67821562e+00  3.95083155e-01
  4.00113855e-01 -4.61194266e-02  1.86272879e-01  2.66505775e-01
  3.17987644e-01  5.54227763e-01  4.44284506e-01  4.39834762e-01
  1.36675291e-01  1.78406725e-01  2.04681139e-01  4.11769340e-01
  4.08827526e-01  3.23019443e-01  2.96928947e-01  4.13543701e-01
  3.08369250e-01 -1.85502947e-01 -2.81504657e-02 -1.55796597e-02
  1.28329508e-02 -4.06734032e-02 -6.14217784e-02  1.86974412e-01
 -7.44078567e-02 -1.37103419e-01  2.50621487e-01 -2.31438172e-02
 -1.62864798e-01  2.68574247e-01  1.88574325e-01  1.19910868e-02
  1.01648601e-01  2.53780765e-01  2.07012491e-01  2.28372920e-01
  2.54981126e-01 -2.05629026e-01  4.16772091e-02  6.41337822e-02
 -1.16073134e-02  2.21677415e-01  1.04226376e-01  3.10955482e-01
  2.21644516e-01  1.86079147e-01  3.74033051e-03 -8.38743980e-02
  2.57032302e-01  2.21366415e-01  2.17653383e-01  6.03253175e-02
  2.44313262e-01  3.04425270e-01  2.54600827e-01  3.73413418e-01
  2.90749556e-01  2.49202162e-01  2.11886469e-01  1.94399494e-01
  2.49166175e-01  1.01314065e-01  4.81196604e-01  3.90765175e-01
  1.28419323e-01  1.79912303e-01  1.84386317e-01  2.92827932e-01
  2.63440691e-01  3.15432507e-01  2.89573230e-01  2.36831433e-01
  2.78941281e-01 -4.39885936e-02  2.34351867e-01  2.09514811e-01
  2.99787860e-01  1.76104168e-01  3.11237454e-01  2.02792621e-01
  1.94278316e-01  1.52577622e-01  1.57978228e-01  8.30848634e-02
  2.21482179e-01  2.53934532e-01  2.57610567e-01  2.17753154e-01
  2.03711127e-01  2.06542066e-01  1.37105407e-01  2.21134066e-01
  2.93562822e-01  2.39879125e-01  2.41855021e-01  1.44967322e-01
  5.87184906e-02 -8.04981403e-02  7.79321200e-02  8.82163494e-02
  2.37253473e-01  2.37418012e-01 -3.86270377e-02 -8.77039766e-02
  2.82503926e-01  1.79497159e-01  1.47793488e-01 -8.86696249e-02
  2.24150337e-01  2.80449312e-01  3.00222337e-01  3.33897904e-01
  3.01595933e-01  2.50311088e-01  2.89061426e-01 -1.65078915e-02
  3.13220520e-01  2.28832992e-01  2.63778819e-01  2.96251813e-01
  2.94404855e-01  3.11030972e-01  2.83104881e-01  2.87276594e-01
  3.80772776e-01  3.30627064e-01  3.00047735e-01  2.64792435e-01
  2.84067790e-01  2.91614080e-01  4.11654769e-01  1.37828838e-01
  1.77070002e-01  7.87403186e-02  7.13881982e-02  8.84259481e-02
  1.69196956e-01 -5.14476892e-03  1.72578993e-01  1.81849901e-01
  2.48164738e-02  3.79140021e-02  1.67714627e-01  1.25840092e-01
  8.64220579e-02  1.42387066e-01  1.85957286e-01  1.34341059e-01
  1.11404184e-01  2.76897098e-02  7.81130404e-02  2.05782501e-01
  9.39707857e-02  2.88215056e-02  2.03053535e-01  1.97568655e-01
  4.83426047e-02 -2.06660818e-02 -6.44103132e-02  6.42662913e-02
 -1.60587212e-01  8.27870394e-02  1.74716978e-01  1.81925490e-01
  5.29775159e-02  3.15704138e-02  1.09071147e-01  1.44071005e-01
  1.64579597e-01  2.03626497e-01  1.71682858e-01  2.02159157e-01
  1.33655679e-01  2.06213295e-01  1.92521785e-01  2.64562941e-01
 -1.99011618e-01  1.69327656e-01  3.12106293e-01  3.27446704e-01
  2.30317280e-01  2.79318901e-01  2.40034836e-01  1.68440770e-01
  4.24938862e-01  3.26858500e-01  3.75323561e-01  3.35771715e-01
  2.95051596e-01  2.13097259e-01  1.77427990e-01  8.16616252e-02
  9.45942579e-02  1.79560778e-01  1.66001486e-01 -5.29897703e-01
 -7.25470012e-02  7.06938867e-02  3.89564881e-02  5.15238884e-02
  9.28613132e-02 -4.10767046e-01 -6.85160938e-01 -2.00174045e-01
  6.63597366e-02  9.58886558e-02  1.19955090e-01  2.02049647e-02
 -1.14200426e-01  1.15225651e-01  1.77382209e-01 -2.89703804e-01
 -1.38988896e-01  1.33694783e-01  2.01587317e-02  7.66135447e-02
  9.07085921e-02  1.64086059e-01 -1.11903050e-01 -6.94375558e-01
 -9.25134612e-02  8.43386655e-02  5.85306359e-02 -1.06837982e-01
  1.41725679e-01 -7.13628911e-02 -4.77686109e-02 -7.48602457e-02
  7.09367705e-02  1.44618442e-01  7.98493484e-02 -1.39228126e-01
  1.81605072e-01 -8.65078654e-02  1.00954307e-01 -3.62331602e-01
  1.77413837e-01  1.26649611e-01  1.32717913e-02  1.49708466e-01
  1.29845880e-01  1.64358227e-01  4.57583115e-02 -8.10573983e-03
 -6.49139599e-02 -2.55885591e-03 -2.12287956e-02  4.47123590e-02
  7.76384713e-02 -3.40218180e-01]",0.27224162648087685,0.4489499583010478
TVSD,Model B (Qwen3),features/language_model-layers-16,monkeyF/V1,100000.0,0.4752795696258545,0.48812987929194096,0.17240513861179352,0.1767729010403847,"[0.5565277  0.5482677  0.6615809  0.72373176 0.41262195 0.68638265
 0.7567777  0.69232804 0.3060169  0.65179396 0.6321851  0.6515605
 0.5454824  0.63916624 0.62918895 0.5664041  0.5955001  0.49594554
 0.67528033 0.6078791  0.62179476 0.58482313 0.68594205 0.5255102
 0.5899976  0.4036933  0.6903788  0.4592236  0.4618792  0.7100017
 0.7058937  0.47683117 0.45659718 0.584658   0.5682902  0.46551996
 0.43167493 0.4318122  0.7209914  0.5331024  0.6065907  0.70571244
 0.72657543 0.40932018 0.36238304 0.5901748  0.6377334  0.3763208
 0.5756515  0.6854976  0.7870516  0.50656605 0.5014119  0.5272782
 0.6561614  0.42882133 0.63929355 0.56912464 0.6009252  0.6341399
 0.54435265 0.50876385 0.5717355  0.46586117 0.43165222 0.5266186
 0.577108   0.590596   0.53053004 0.49654704 0.54369235 0.34153908
 0.46784022 0.5312863  0.5354068  0.5409631  0.5379129  0.4285264
 0.59426516 0.42110124 0.45032775 0.4674897  0.56673    0.5268825
 0.5181132  0.606824   0.42374727 0.4910893  0.44857582 0.50777805
 0.5793901  0.5231885  0.4874344  0.53712904 0.54822516 0.46723115
 0.4805822  0.5336837  0.48657954 0.5244843  0.40370607 0.4848569
 0.44071198 0.5276527  0.52583396 0.49596974 0.57641286 0.40447164
 0.59169424 0.4005882  0.4426933  0.39792293 0.4240144  0.52514535
 0.58867604 0.50142956 0.37708384 0.5652924  0.48536852 0.42743385
 0.29919973 0.3996455  0.52397543 0.3977682  0.46091014 0.3973854
 0.41593504 0.4745371  0.5817053  0.57685417 0.52584946 0.48927855
 0.3741091  0.5626113  0.5747063  0.42430893 0.5212124  0.52042025
 0.33792117 0.5691231  0.54316205 0.55176604 0.5700414  0.6198634
 0.47267476 0.3508094  0.48433977 0.28229523 0.63850176 0.50811607
 0.53934807 0.655398   0.6326154  0.45437595 0.62170446 0.6703485
 0.63558    0.4699079  0.49276236 0.52012306 0.5857263  0.5638686
 0.5497675  0.59230673 0.45029825 0.56167275 0.5874403  0.5383469
 0.55248094 0.53226525 0.7125094  0.7027205  0.6000261  0.5422879
 0.57145387 0.6169368  0.62809616 0.71481395 0.6039599  0.575137
 0.6300765  0.4139684  0.55076325 0.46867567 0.4181304  0.6626039
 0.59155977 0.58119583 0.61105996 0.4982813  0.60587925 0.5854763
 0.532957   0.56329596 0.5857755  0.56967956 0.44358876 0.55775404
 0.6231578  0.62716544 0.59277385 0.68508714 0.6153568  0.61800957
 0.6100276  0.5397021  0.526057   0.67707855 0.6355348  0.61967593
 0.55244637 0.57231206 0.6141466  0.39664716 0.40148884 0.5225427
 0.5653655  0.72024953 0.59218645 0.6517599  0.42549586 0.46216765
 0.21801133 0.64102    0.6266442  0.5204001  0.46896738 0.63593465
 0.54994076 0.26256984 0.2850884  0.25438493 0.23378827 0.31254905
 0.34060234 0.4251295  0.23184307 0.275021   0.46219    0.32923993
 0.2673991  0.4856908  0.33338135 0.2687734  0.3790889  0.46662197
 0.45273042 0.4938551  0.4700639  0.24173622 0.27776825 0.2950764
 0.3038983  0.44215596 0.39379302 0.53105795 0.46677577 0.43671465
 0.25463244 0.2176718  0.52056724 0.44037843 0.4793249  0.22105975
 0.5036769  0.5378471  0.5243158  0.62783223 0.5304201  0.49584317
 0.45206416 0.38869599 0.4890022  0.4164442  0.7188076  0.6430902
 0.42875397 0.46767852 0.43018454 0.5186779  0.49348342 0.56813973
 0.5603129  0.52594334 0.50152355 0.35881627 0.42470536 0.4692817
 0.5711318  0.45617762 0.5547802  0.40538934 0.4791677  0.3928142
 0.44422048 0.39998612 0.5141482  0.52491766 0.49261478 0.49663693
 0.4727445  0.46173933 0.4085885  0.46429226 0.51960576 0.5030141
 0.5071869  0.46474418 0.3799949  0.35946435 0.31698743 0.2817245
 0.5256983  0.50569683 0.3649445  0.10934004 0.51689017 0.44234937
 0.3279052  0.32905957 0.4981007  0.52123916 0.53420603 0.55501664
 0.5205842  0.5012627  0.50398606 0.40662736 0.5764178  0.46376508
 0.50396186 0.52672535 0.50552297 0.5351982  0.6276861  0.53723
 0.5969258  0.5438633  0.5205386  0.50256467 0.5221206  0.544089
 0.6474175  0.38096663 0.3838402  0.34463653 0.34496346 0.35747632
 0.37190104 0.28016964 0.4091005  0.47017232 0.31879917 0.29349175
 0.3792475  0.39156803 0.3715577  0.38647223 0.46473953 0.4071733
 0.3407478  0.3226092  0.33433917 0.43295336 0.3087229  0.25133064
 0.4505731  0.45527196 0.4332085  0.30505064 0.2795403  0.35130998
 0.42183608 0.3533284  0.4507904  0.4540142  0.3238927  0.39090323
 0.40621942 0.4648285  0.47200155 0.4746067  0.46802077 0.45342943
 0.4164997  0.5082765  0.5126435  0.5515886  0.31763652 0.4529343
 0.58434147 0.570446   0.5856661  0.55087113 0.5178352  0.49217722
 0.63517296 0.582937   0.5989014  0.5765715  0.5627646  0.50429356
 0.46117023 0.39458653 0.29548526 0.4514144  0.4488093  0.20196192
 0.3047421  0.36763877 0.33403727 0.39305738 0.36179733 0.288132
 0.17454624 0.24240011 0.32580316 0.4384142  0.4780211  0.33650738
 0.3160441  0.36903003 0.3900595  0.2153812  0.2734107  0.40487412
 0.28873158 0.4012194  0.43225518 0.40815106 0.23985374 0.08165052
 0.2793809  0.3746581  0.3950552  0.13399506 0.32795778 0.22293516
 0.18473458 0.18980905 0.3621874  0.43122503 0.12339269 0.2895985
 0.39866102 0.24681868 0.32806584 0.15973449 0.4600191  0.4490976
 0.3050781  0.36185318 0.38733476 0.44013774 0.37591016 0.3658443
 0.3187133  0.37655658 0.2083015  0.29819426 0.37237445 0.27772382]","[ 2.24441230e-01  2.16305435e-01  4.23760533e-01  4.88073409e-01
  7.54338503e-03  4.40259993e-01  5.56363344e-01  4.74102259e-01
 -1.45414710e-01  4.02202010e-01  3.40835929e-01  3.99907649e-01
  1.69928074e-01  3.49623203e-01  3.65837812e-01  3.00595403e-01
  2.30663717e-01  1.36967242e-01  4.12775576e-01  3.29669833e-01
  3.34462702e-01  3.22522640e-01  4.43086565e-01  2.63873160e-01
  2.27701068e-01  1.13887787e-01  4.53646243e-01  1.89317942e-01
  1.69397712e-01  4.99110341e-01  4.94669497e-01  2.04126596e-01
  1.15333974e-01  2.28852451e-01  2.27308452e-01  1.66493952e-01
  1.48948014e-01  1.29012704e-01  5.12727320e-01  2.84157693e-01
  3.49383593e-01  4.65389729e-01  4.72936094e-01  8.89210701e-02
 -1.65246511e+00  3.40800226e-01  3.93369973e-01  1.23075485e-01
  3.04136097e-01  4.58445787e-01  6.05569720e-01  2.20779061e-01
  2.12054253e-01  2.49564528e-01  4.19907033e-01  1.38016105e-01
  3.88490558e-01  2.70521224e-01  2.87856579e-01  3.90444398e-01
  2.58574486e-01  2.05062926e-01  2.55799830e-01  1.75225377e-01
  1.22313678e-01  2.35064626e-01  2.78465390e-01  3.23070467e-01
  2.78237879e-01  2.04046011e-01  2.65901506e-01  4.73139286e-02
  1.36891067e-01  2.37045825e-01  2.38928914e-01  2.45718122e-01
  2.44748533e-01  7.35195875e-02  3.13891828e-01  1.28535628e-01
  1.63266599e-01  1.35644794e-01  2.98488855e-01  2.13936150e-01
  1.72037601e-01  3.48977327e-01  1.22631848e-01  2.06575274e-01
  1.31396413e-01  2.36737609e-01  2.98208177e-01  2.21587241e-01
  2.09369183e-01  2.71820545e-01  2.61118710e-01  1.62886918e-01
  1.98217809e-01  2.16490448e-01  1.66540563e-01  2.35217631e-01
 -5.97746372e-02  2.04828560e-01  1.61401272e-01  2.55846381e-01
  2.41561294e-01  2.10357308e-01  3.24179232e-01  8.24000835e-02
  3.28894198e-01  6.14680052e-02  1.59347594e-01  6.53346181e-02
  1.70090675e-01  2.31213033e-01  3.05006266e-01  2.20779061e-01
  3.19147110e-02  3.15137804e-01  2.11563289e-01  1.13519788e-01
  3.08585763e-02  9.37886238e-02  2.49032795e-01  2.20196247e-02
  1.87878013e-01  4.46063876e-02  1.20611072e-01  2.13837802e-01
  3.23763430e-01  3.08118999e-01  2.58783162e-01  2.17905700e-01
 -9.74407196e-02  3.02430868e-01  3.22011769e-01  4.72535491e-02
  2.27610588e-01  2.50671029e-01  4.56253886e-02  3.20828736e-01
  2.48906195e-01  2.83576965e-01  3.19010973e-01  3.54098260e-01
  1.28048122e-01 -5.86050749e-02  1.35107338e-01 -3.68389010e-01
  3.97654295e-01  2.35682309e-01  2.88635910e-01  4.21974957e-01
  3.94113362e-01  1.52223051e-01  3.75291049e-01  4.34382141e-01
  3.97413611e-01  2.16561317e-01  2.01102316e-01  2.69965291e-01
  3.17831635e-01  3.07162166e-01  2.58937240e-01  3.27231407e-01
  1.99283361e-01  2.74891913e-01  3.16564381e-01  2.85911024e-01
  2.95615137e-01  2.46651351e-01  5.00334144e-01  4.87192988e-01
  3.22877765e-01  2.93148696e-01  3.18894327e-01  3.43992472e-01
  3.84455562e-01  5.02965271e-01  3.61288548e-01  2.49733865e-01
  3.92844439e-01  1.69296145e-01  2.77183115e-01 -9.81441736e-02
  1.23686135e-01  4.27685738e-01  3.43419135e-01  3.31292152e-01
  3.69479537e-01  1.90646470e-01  3.53286982e-01  3.15949857e-01
  2.72233427e-01  2.72593260e-01  3.39260221e-01  3.11113894e-01
  1.63742185e-01  2.67885864e-01  3.70100975e-01  3.89944971e-01
  3.47678602e-01  4.63551104e-01  3.70157480e-01  3.71173084e-01
  3.40740383e-01  2.77990043e-01  2.74184942e-01  4.38440382e-01
  3.70508134e-01  3.83581996e-01  2.95317054e-01  3.14115286e-01
  3.75374079e-01  1.50288939e-01  1.60267472e-01  2.68423200e-01
  3.08515072e-01  5.08344769e-01  3.46664131e-01  4.20497060e-01
  7.25667477e-02  1.91468477e-01 -8.60337257e-01  3.75094950e-01
  3.72981429e-01  2.45612681e-01  2.02316701e-01  3.96085382e-01
  2.87545085e-01 -7.81865120e-02 -2.07792521e-02 -4.35292721e-02
  7.70944357e-03 -2.12500095e-02 -1.48677826e-02  1.40673399e-01
 -1.26555562e-01 -1.35767341e-01  2.04133272e-01  3.17215919e-02
 -6.81282282e-02  2.21598387e-01 -2.53177881e-02 -3.76331806e-02
  1.05031550e-01  2.08658576e-01  1.92811906e-01  2.27593541e-01
  2.06283748e-01 -1.83417082e-01  5.43974042e-02  8.72600079e-03
  1.14985108e-02  1.85363710e-01  1.38065517e-01  2.75806844e-01
  2.06411242e-01  1.90214396e-01 -7.33458996e-03 -1.66517019e-01
  2.66093254e-01  1.83807552e-01  2.29372442e-01  2.20845938e-02
  2.52938449e-01  2.82780707e-01  2.68692911e-01  3.94160211e-01
  2.76513815e-01  2.42458165e-01  2.03787446e-01  1.46753669e-01
  2.38673210e-01  1.05461001e-01  4.99434471e-01  4.10251319e-01
  1.60469055e-01  1.93873823e-01  1.68842137e-01  2.67814100e-01
  2.34725773e-01  3.17135155e-01  3.06104600e-01  2.53816485e-01
  2.22534120e-01 -8.53706598e-02  1.62012100e-01  1.50654078e-01
  3.17259014e-01  1.68189883e-01  3.03783536e-01  1.51812732e-01
  1.68327034e-01  1.06272817e-01  1.62872553e-01  2.92702913e-02
  2.41815984e-01  2.51473188e-01  2.37149179e-01  2.20646381e-01
  1.93410456e-01  1.94370866e-01  1.02906168e-01  1.81506276e-01
  2.53835559e-01  2.23516583e-01  2.10703850e-01  1.66575909e-01
  8.92615914e-02 -2.69895792e-02  1.84343457e-02 -3.20059061e-02
  2.60911345e-01  2.03161538e-01 -1.50477886e-02 -3.52734089e+00
  2.44399846e-01  1.41636372e-01  5.82442284e-02 -1.67281628e-02
  2.20333219e-01  2.34676063e-01  2.52965331e-01  2.92382836e-01
  2.44848311e-01  2.01102734e-01  2.39701986e-01  9.46760178e-04
  3.12125862e-01  1.98422134e-01  2.26257622e-01  2.59314001e-01
  2.09743738e-01  2.58901179e-01  3.19707334e-01  2.82950282e-01
  3.49300086e-01  2.79966176e-01  2.63912678e-01  2.34040439e-01
  2.63030529e-01  2.46030688e-01  3.97070289e-01  1.25818849e-01
  1.29876196e-01  8.35396051e-02  9.36003923e-02  9.53980088e-02
  1.13992333e-01 -1.45367384e-02  1.24342740e-01  1.70548737e-01
  2.21816301e-02  2.06757784e-02  1.29539251e-01  1.33425176e-01
  5.33284545e-02  1.24417245e-01  1.69492304e-01  1.34190261e-01
  9.71202254e-02 -6.05012178e-02  7.36965537e-02  1.68193161e-01
  5.30537963e-02 -2.55501270e-02  1.49496615e-01  1.88196480e-01
  1.71576738e-01 -6.50787354e-03 -7.07764626e-02  5.69909215e-02
  1.04942679e-01  7.63968229e-02  1.59034908e-01  1.65959477e-01
  3.40895653e-02  8.23218226e-02  1.17538512e-01  1.74558699e-01
  1.95687950e-01  1.93954468e-01  1.80390060e-01  1.66617334e-01
  1.46273136e-01  2.19110370e-01  2.18792617e-01  2.66988993e-01
 -9.91741419e-02  1.30687475e-01  3.02870989e-01  2.94465065e-01
  3.23105574e-01  2.52522886e-01  2.31349528e-01  1.55707598e-01
  3.93048704e-01  2.97362149e-01  3.49689066e-01  3.00941348e-01
  2.78216839e-01  1.91890538e-01  1.92728043e-01  9.60781574e-02
 -5.39422035e-04  1.57594323e-01  1.66122556e-01 -3.80075574e-01
 -1.37501717e-01  9.33329463e-02 -3.13798189e-02  1.05997562e-01
  7.76317716e-02 -1.93239689e-01 -6.10271573e-01 -1.21829152e-01
  4.21642661e-02  1.17056966e-01  1.88300490e-01  3.19731236e-03
 -3.03441286e-02  1.18923008e-01  1.36997402e-01 -1.93919778e-01
 -1.14364982e-01  1.20893776e-01  2.87940502e-02  9.04237032e-02
  1.15146816e-01  1.59567893e-01 -8.93944502e-02 -5.25868416e-01
  2.32583284e-03  7.16921091e-02  8.33944082e-02 -1.64471149e-01
  7.33240247e-02 -1.15082383e-01 -1.31261468e-01 -7.45372772e-02
  5.37177920e-02  1.10312164e-01 -5.35323381e-01 -6.63504601e-02
  1.51820481e-01 -7.08621740e-02  7.05677271e-02 -2.35177040e-01
  1.69963062e-01  1.47625685e-01  1.05780363e-03  1.08306885e-01
  1.28186524e-01  1.73723221e-01 -1.85829401e-02 -1.10565424e-02
 -4.90580797e-02  1.35068297e-02 -8.18467140e-02 -4.26685810e-03
  1.29638314e-02 -2.09877491e-01]","[0.59047537 0.57908493 0.66966256 0.74169738 0.43850016 0.70124396
 0.76266623 0.70175347 0.32441404 0.66744392 0.6509042  0.67124532
 0.58127263 0.6588137  0.64625195 0.57740215 0.6124961  0.52396874
 0.71427148 0.62761903 0.64792365 0.59410982 0.70312439 0.53305267
 0.60695855 0.42527417 0.7029816  0.46736212 0.48151371 0.71404448
 0.71005079 0.48346289 0.46621062 0.60816974 0.58924335 0.47693839
 0.4374107  0.44103929 0.72667465 0.53592655 0.61385427 0.71929303
 0.74101015 0.41482085 0.36407451 0.59364041 0.64718575 0.38068996
 0.59059075 0.69556695 0.80324046 0.51436316 0.50668883 0.54034686
 0.66435575 0.43430631 0.64557643 0.59101651 0.62166526 0.65162899
 0.55146223 0.52293624 0.58258928 0.47474027 0.43708249 0.53071973
 0.5836997  0.59382296 0.53325853 0.51659811 0.5594363  0.34449867
 0.47086582 0.53399464 0.53806318 0.54385312 0.54159696 0.44584733
 0.6035238  0.42477146 0.45375428 0.47003062 0.56921925 0.53044441
 0.53015832 0.6188577  0.43697796 0.49588148 0.4509044  0.50977677
 0.58209117 0.52978734 0.49663004 0.54523362 0.5592004  0.47356118
 0.4828184  0.53825427 0.49211923 0.53929167 0.44390171 0.51113187
 0.44364604 0.53197805 0.53175028 0.50599464 0.6036846  0.44865631
 0.60130139 0.41306274 0.45279762 0.41471565 0.42856676 0.54952552
 0.60762351 0.52646606 0.39141723 0.59189392 0.50830256 0.45638549
 0.31157264 0.42364368 0.53126268 0.42722901 0.48044175 0.43731489
 0.44547011 0.47882961 0.58790444 0.5891699  0.53755914 0.5027479
 0.42295658 0.56784559 0.58119284 0.46727831 0.54727688 0.53921369
 0.36137447 0.57418582 0.57241588 0.57371127 0.5857898  0.65093627
 0.52222583 0.3904298  0.52324854 0.3117613  0.6609032  0.52121411
 0.5481097  0.66291892 0.64226752 0.46111844 0.63426655 0.68092433
 0.64758872 0.4753014  0.51489431 0.52989846 0.59214185 0.57450291
 0.57007839 0.59770905 0.4561385  0.5645076  0.58891087 0.54172944
 0.55438938 0.54929517 0.71640823 0.70532936 0.65904906 0.5437981
 0.57276198 0.61853101 0.6340486  0.72572479 0.61738819 0.5824272
 0.64343848 0.41511043 0.55278873 0.47069238 0.42354019 0.67245781
 0.59966545 0.59443089 0.61973847 0.50018205 0.60805705 0.58705778
 0.54294456 0.58567631 0.60111924 0.58441218 0.45645435 0.55967365
 0.62638276 0.64593952 0.59947106 0.69590244 0.63321076 0.63640209
 0.61482235 0.54139997 0.52818695 0.68255951 0.63812656 0.62824278
 0.57155841 0.58982715 0.61934909 0.39825307 0.40302489 0.52409925
 0.56809179 0.72676514 0.60369477 0.65529726 0.45466952 0.46652205
 0.21991117 0.64453456 0.62919411 0.54192948 0.48755817 0.64073526
 0.55279809 0.29702394 0.31378193 0.27768827 0.2413293  0.32998525
 0.38245295 0.44803937 0.25339464 0.30604961 0.46616477 0.34623193
 0.28715133 0.49179682 0.37297106 0.28698944 0.40637572 0.47059751
 0.46069543 0.50776542 0.47597665 0.26339286 0.28474773 0.31240539
 0.31687598 0.44456948 0.39902457 0.53642546 0.47013241 0.44806933
 0.26159364 0.2319954  0.52300588 0.44279235 0.4839241  0.22494479
 0.50618291 0.54238457 0.52791714 0.63172046 0.53336236 0.49805816
 0.45389705 0.39159755 0.49398535 0.4468295  0.7214854  0.64598266
 0.43506348 0.46981158 0.43306907 0.52110611 0.49811345 0.57137903
 0.56394609 0.53795615 0.51898949 0.38852849 0.43709308 0.49413648
 0.5741914  0.46043829 0.56895063 0.41546442 0.50553781 0.41563504
 0.46800152 0.42872699 0.52316504 0.55211822 0.49792484 0.51311966
 0.48307877 0.47752857 0.42152485 0.49438271 0.52362569 0.50753095
 0.52251617 0.48610857 0.39821428 0.39317436 0.34023302 0.29132089
 0.53935381 0.513959   0.39507193 0.11623716 0.5289704  0.45691176
 0.34825572 0.3629879  0.50277709 0.52950433 0.54339336 0.56697986
 0.53201951 0.51606927 0.52192577 0.44261352 0.58098349 0.46793786
 0.51363424 0.53752223 0.52638862 0.56055189 0.66044468 0.54244065
 0.60426044 0.55135391 0.53028378 0.51376927 0.53864013 0.56134679
 0.65481045 0.38462897 0.38760649 0.34928745 0.35030503 0.36702233
 0.3807182  0.29121768 0.42027257 0.47627904 0.32784315 0.29927036
 0.38417052 0.40024972 0.39783018 0.39198403 0.47524025 0.41131903
 0.34253177 0.34302494 0.34107745 0.43702758 0.31658514 0.25740726
 0.47538517 0.45927555 0.44025147 0.32630188 0.29005426 0.36080684
 0.43677946 0.36099388 0.46099934 0.4643472  0.33855956 0.39886633
 0.41570155 0.47592276 0.48093962 0.48206229 0.48403919 0.46864961
 0.42073434 0.51868678 0.52253065 0.55930099 0.35726798 0.47376386
 0.61164215 0.58285903 0.59025209 0.55741413 0.52342767 0.50076293
 0.64268728 0.5882231  0.60268325 0.57921278 0.56598267 0.50951997
 0.4663984  0.40122535 0.30098247 0.46138919 0.46424541 0.22925655
 0.32955102 0.38408658 0.35847177 0.40985822 0.37927675 0.32737719
 0.19733498 0.26665947 0.34914476 0.46002429 0.49683147 0.34678664
 0.32682965 0.38001835 0.3974374  0.23329944 0.30189486 0.41295798
 0.29317687 0.41362621 0.45912484 0.41860299 0.256263   0.09277109
 0.28735881 0.38332062 0.41095944 0.1421447  0.33689493 0.2386884
 0.19219996 0.1995258  0.37911632 0.43511985 0.12757768 0.30384419
 0.40502752 0.26000845 0.3411391  0.17649588 0.47413872 0.4626789
 0.32064296 0.36602141 0.39349343 0.44930176 0.40320895 0.39164215
 0.34327026 0.4085164  0.21872866 0.31213002 0.41122476 0.31113253]","[ 2.52657783e-01  2.41305152e-01  4.34176793e-01  5.12605644e-01
  8.51924584e-03  4.59531083e-01  5.65055213e-01  4.87099094e-01
 -1.63424373e-01  4.21748106e-01  3.61319167e-01  4.24436550e-01
  1.92958271e-01  3.71447845e-01  3.85949197e-01  3.12382245e-01
  2.44018213e-01  1.52883103e-01  4.61819650e-01  3.51428505e-01
  3.63162701e-01  3.32846954e-01  4.65562561e-01  2.71502092e-01
  2.40980919e-01  1.26389822e-01  4.70359972e-01  1.96087722e-01
  1.84106045e-01  5.04810431e-01  5.00512989e-01  2.09844023e-01
  1.20241706e-01  2.47628913e-01  2.44379441e-01  1.74761760e-01
  1.52932527e-01  1.34585178e-01  5.20842417e-01  2.87176369e-01
  3.57801038e-01  4.83473812e-01  4.91914190e-01  9.13270710e-02
 -1.66792729e+00  3.44814459e-01  4.05117279e-01  1.25949930e-01
  3.20126726e-01  4.72013056e-01  6.30737825e-01  2.27627871e-01
  2.16541108e-01  2.62088831e-01  4.30460352e-01  1.41569370e-01
  3.96164134e-01  2.91733161e-01  3.08069363e-01  4.12277687e-01
  2.65372873e-01  2.16646730e-01  2.65604180e-01  1.81968459e-01
  1.25410495e-01  2.38740094e-01  2.84862929e-01  3.26610544e-01
  2.81107176e-01  2.20857897e-01  2.81524140e-01  4.81374742e-02
  1.38667383e-01  2.39468762e-01  2.41305627e-01  2.48350551e-01
  2.48112479e-01  7.95829875e-02  3.23748872e-01  1.30785965e-01
  1.65760628e-01  1.37123329e-01  3.01116693e-01  2.16838469e-01
  1.80129660e-01  3.62955464e-01  1.30409283e-01  2.10626566e-01
  1.32764121e-01  2.38604977e-01  3.00995091e-01  2.27212158e-01
  2.17343368e-01  2.80085259e-01  2.71678332e-01  1.67330385e-01
  2.00066753e-01  2.20214442e-01  1.70354271e-01  2.48686583e-01
 -7.22703252e-02  2.27629880e-01  1.63557500e-01  2.60058114e-01
  2.47027631e-01  2.18947039e-01  3.55580611e-01  1.01386251e-01
  3.39661208e-01  6.53559043e-02  1.66704721e-01  7.09653381e-02
  1.73762590e-01  2.53179764e-01  3.24956469e-01  2.43376579e-01
  3.43870524e-02  3.45495133e-01  2.32028697e-01  1.29418812e-01
  3.34635575e-02  1.05390572e-01  2.56007868e-01  2.54021959e-02
  2.04138493e-01  5.40208973e-02  1.38348133e-01  2.17723909e-01
  3.30700820e-01  3.21416008e-01  2.70436711e-01  2.30068283e-01
 -1.24547649e-01  3.08084431e-01  3.29321675e-01  5.73088035e-02
  2.50944211e-01  2.69102413e-01  5.21783940e-02  3.26562099e-01
  2.76439580e-01  3.06582795e-01  3.36880914e-01  3.90488966e-01
  1.56302201e-01 -7.25903184e-02  1.57686577e-01 -4.49307836e-01
  4.26046686e-01  2.47989597e-01  2.98089782e-01  4.31715122e-01
  4.06231479e-01  1.56774244e-01  3.90610453e-01  4.48196380e-01
  4.12573030e-01  2.21561128e-01  2.19572630e-01  2.80208318e-01
  3.24832260e-01  3.18857320e-01  2.78423288e-01  3.33227865e-01
  2.04486191e-01  2.77673768e-01  3.18151293e-01  2.89515201e-01
  2.97660962e-01  2.62687156e-01  5.05824765e-01  4.90817092e-01
  3.89523248e-01  2.94783742e-01  3.20355958e-01  3.45772575e-01
  3.91777028e-01  5.18436869e-01  3.77532719e-01  2.56105022e-01
  4.09683120e-01  1.70231508e-01  2.79225597e-01 -9.89906187e-02
  1.26907356e-01  4.40500953e-01  3.52894825e-01  3.46552401e-01
  3.80049045e-01  1.92103725e-01  3.55831295e-01  3.17659064e-01
  2.82532264e-01  2.94684402e-01  3.57266096e-01  3.27413553e-01
  1.73378086e-01  2.69732987e-01  3.73941568e-01  4.13640264e-01
  3.55579176e-01  4.78302562e-01  3.91948579e-01  3.93594729e-01
  3.46117780e-01  2.79741861e-01  2.76409720e-01  4.45567477e-01
  3.73536187e-01  3.94261133e-01  3.16103664e-01  3.33635922e-01
  3.81760678e-01  1.51508357e-01  1.61496148e-01  2.70024723e-01
  3.11497678e-01  5.17583664e-01  3.60268924e-01  4.25073825e-01
  8.28588027e-02  1.95093384e-01 -8.75397208e-01  3.79219341e-01
  3.76023045e-01  2.66355444e-01  2.18675106e-01  4.02087974e-01
  2.90540838e-01 -1.00051833e-01 -2.51725210e-02 -5.18696968e-02
  8.21481351e-03 -2.36870959e-02 -1.87459298e-02  1.56243458e-01
 -1.51177739e-01 -1.68130806e-01  2.07659403e-01  3.50803719e-02
 -7.85649552e-02  2.27205199e-01 -3.16878967e-02 -4.29071992e-02
  1.20696070e-01  2.12229199e-01  1.99655978e-01  2.40595286e-01
  2.11505914e-01 -2.17753089e-01  5.71654313e-02  9.78100175e-03
  1.25015446e-02  1.87392857e-01  1.41758292e-01  2.81410288e-01
  2.09390563e-01  2.00234223e-01 -7.74110080e-03 -1.89152922e-01
  2.68592170e-01  1.85828151e-01  2.33795285e-01  2.28676707e-02
  2.55461680e-01  2.87572113e-01  2.72396726e-01  3.99057475e-01
  2.79589961e-01  2.44629182e-01  2.05443310e-01  1.48952844e-01
  2.43562371e-01  1.21412080e-01  5.03162557e-01  4.13950046e-01
  1.65226708e-01  1.95646354e-01  1.71114007e-01  2.70327545e-01
  2.39150989e-01  3.20761813e-01  3.10087135e-01  2.65543487e-01
  2.38303853e-01 -1.00094481e-01  1.71601011e-01  1.67035001e-01
  3.20667258e-01  1.71346319e-01  3.19500479e-01  1.59452457e-01
  1.87363973e-01  1.18979508e-01  1.80777870e-01  3.36278316e-02
  2.50372047e-01  2.78210474e-01  2.42289356e-01  2.35535353e-01
  2.01958849e-01  2.07891222e-01  1.09525564e-01  2.05795236e-01
  2.57778354e-01  2.27548786e-01  2.23633008e-01  1.82242987e-01
  9.80263325e-02 -3.22890187e-02  2.12371664e-02 -3.42234750e-02
  2.74642223e-01  2.09854351e-01 -1.76348356e-02 -3.98638248e+00
  2.55957070e-01  1.51115364e-01  6.56980966e-02 -2.03555803e-02
  2.24489812e-01  2.42177479e-01  2.61741197e-01  3.05123137e-01
  2.55723253e-01  2.13158747e-01  2.57070399e-01  1.12175018e-03
  3.17090014e-01  2.02008848e-01  2.35025951e-01  2.70053857e-01
  2.27415573e-01  2.84011790e-01  3.53948839e-01  2.88465612e-01
  3.57936779e-01  2.87731216e-01  2.73886742e-01  2.44592564e-01
  2.79938042e-01  2.61885740e-01  4.06190490e-01  1.28249538e-01
  1.32437426e-01  8.58095762e-02  9.65215340e-02  1.00561031e-01
  1.19461548e-01 -1.57058094e-02  1.31226789e-01  1.75007777e-01
  2.34580184e-02  2.14979713e-02  1.32924190e-01  1.39407263e-01
  6.11366869e-02  1.27991388e-01  1.77238139e-01  1.36936748e-01
  9.81398253e-02 -6.84009366e-02  7.66970497e-02  1.71373550e-01
  5.57904413e-02 -2.68005540e-02  1.66414870e-01  1.91520975e-01
  1.77200979e-01 -7.44619464e-03 -7.62006200e-02  6.01138041e-02
  1.12509483e-01  7.97476438e-02  1.66319717e-01  1.73599642e-01
  3.72468262e-02  8.57099444e-02  1.23089811e-01  1.82990676e-01
  2.03169422e-01  2.00095994e-01  1.92949385e-01  1.77990691e-01
  1.49262635e-01  2.28177697e-01  2.27313520e-01  2.74507350e-01
 -1.25465925e-01  1.42983990e-01  3.31832620e-01  3.07419728e-01
  3.28185438e-01  2.58557213e-01  2.36373525e-01  1.61187417e-01
  4.02403516e-01  3.02779588e-01  3.54119348e-01  3.03704869e-01
  2.81407817e-01  1.95888588e-01  1.97122635e-01  9.93383350e-02
 -5.59679569e-04  1.64635913e-01  1.77746131e-01 -4.89750030e-01
 -1.60800925e-01  1.01871017e-01 -3.61385303e-02  1.15252742e-01
  8.53141777e-02 -2.49465301e-01 -7.80028145e-01 -1.47434669e-01
  4.84222565e-02  1.28881205e-01  2.03411518e-01  3.39563174e-03
 -3.24505608e-02  1.26110608e-01  1.42228970e-01 -2.27527498e-01
 -1.39435531e-01  1.25769590e-01  2.96874995e-02  9.61024690e-02
  1.29907162e-01  1.67844961e-01 -1.02044448e-01 -6.78866731e-01
  2.46056099e-03  7.50456381e-02  9.02441958e-02 -1.85085973e-01
  7.73747721e-02 -1.31921128e-01 -1.42084739e-01 -8.23640666e-02
  5.88567755e-02  1.12313840e-01 -5.72251253e-01 -7.30387297e-02
  1.56708261e-01 -7.86381623e-02  7.63039631e-02 -2.87122147e-01
  1.80556713e-01  1.56689477e-01  1.16849388e-03  1.10816457e-01
  1.32295290e-01  1.81032642e-01 -2.13799467e-02 -1.26708453e-02
 -5.69092038e-02  1.58968818e-02 -9.02459752e-02 -4.67499041e-03
  1.58100104e-02 -2.63408909e-01]",0.2557033027034458,0.44129907063189105
TVSD,Model B (Qwen3),features/language_model-layers-3,monkeyF/V1,100000.0,0.5135176777839661,0.5274103030845836,0.22019143402576447,0.2283109060187808,"[ 0.60738176  0.5499562   0.6442585   0.748702    0.5070084   0.7198586
  0.7876994   0.7468688   0.4096059   0.6784864   0.6611932   0.67525613
  0.6057684   0.66424567  0.7015281   0.55708796  0.639583    0.49780607
  0.6860246   0.6009119   0.6785407   0.68821144  0.74360096  0.5607971
  0.6449255   0.4268296   0.7036427   0.4820989   0.48915768  0.7704104
  0.7639261   0.57186663  0.56021386  0.5815251   0.59345496  0.5363633
  0.4975885   0.47484925  0.7259158   0.5842944   0.60580766  0.7228382
  0.74803466  0.5191833   0.7075274   0.6190795   0.6659233   0.44140232
  0.60537827  0.7191986   0.81127197  0.5439325   0.51934576  0.5615136
  0.65565974  0.49154457  0.69898653  0.6269413   0.63512844  0.667374
  0.6098149   0.52153224  0.57264674  0.48516092  0.5171964   0.6115342
  0.5283289   0.64349014  0.61256313  0.599723    0.58306634  0.4207499
  0.5470095   0.61671746  0.6189288   0.5499955   0.6246889   0.5948927
  0.6463111   0.5085631   0.51824814  0.5632431   0.6540637   0.38507915
  0.5527192   0.64114445  0.49049234  0.5741477   0.5547119   0.5208284
  0.5964448   0.61946034  0.6468926   0.6203746   0.60823756  0.54243475
  0.56442314  0.6457622   0.5894451   0.6317102   0.48927695  0.58790547
  0.50055695  0.6365589   0.6231359   0.6119228   0.6434495   0.48049176
  0.6450417   0.50473654  0.5427881   0.4929564   0.5042856   0.5390286
  0.63295066  0.4973295   0.4597567   0.5394082   0.45009     0.37972304
  0.40610805  0.3771709   0.55742234  0.35451126  0.403228    0.4159444
  0.42282623  0.5154884   0.608204    0.5596599   0.50438696  0.49292362
  0.38092026  0.16190045  0.5786813   0.47101584  0.55821925  0.5469329
  0.41446635  0.5791344   0.49717417  0.5665053   0.56948555  0.602667
  0.48647776  0.4203867   0.561996    0.32118922  0.6062366   0.48922974
  0.55749667  0.62788194  0.65101594  0.49845174  0.62885565  0.66085464
  0.6519691   0.4467027   0.52873755  0.5558637   0.61313915  0.6116181
  0.5549594   0.6186926   0.5636852   0.64301515  0.66763324  0.5862717
  0.60825425  0.5571793   0.722642    0.73879826  0.62525254  0.62779456
  0.64888513  0.66957104  0.6799123   0.7801826   0.65743065  0.6087604
  0.66749316  0.50525373  0.56729865  0.6587808   0.5176757   0.6981439
  0.62455714  0.6365131   0.64123607  0.5277137   0.6938326   0.6878572
  0.5998676   0.61195207  0.65753126  0.6009164   0.48163277  0.6063188
  0.63173234  0.6285939   0.66460407  0.73856515  0.3317714   0.6652007
  0.65154845  0.5883496   0.6229825   0.7381944   0.73096585  0.69517446
  0.6072988   0.65630656  0.6195343   0.52416813  0.54655236  0.62646884
  0.64334476  0.7420194   0.683098    0.6734111   0.43311268  0.54346585
  0.5417375   0.7040468   0.72336006  0.58206445  0.5694021   0.6492796
  0.57172805  0.38992327  0.42865282  0.28828606  0.27408996  0.2661476
  0.4065096   0.48429486  0.30292308  0.39681154  0.5207705   0.35059938
  0.3347591   0.51306176  0.41902596  0.338478    0.40085483  0.52560365
  0.48204184  0.50299823  0.5024325   0.25000846  0.35549012  0.35246065
  0.36199978  0.50321925  0.41109237  0.5403906   0.4806298   0.41997874
  0.27224824  0.3439871   0.55893385  0.50289184  0.4870763   0.34323922
  0.48949063  0.5274499   0.50897104  0.63007265  0.54595214  0.51331675
  0.43235752  0.46315402  0.506068    0.41469696  0.7083901   0.6495888
  0.4056515   0.43601096  0.41280136  0.5332749   0.52035725  0.588989
  0.58352923  0.5888532   0.6147202   0.4465834   0.54110104  0.4834934
  0.59660065  0.5126537   0.5984451   0.5456582   0.5167353   0.5196939
  0.45219138  0.48392326  0.51740277  0.56523687  0.55820477  0.5010698
  0.51351833  0.46895778  0.48343328  0.48673755  0.5780596   0.5569213
  0.54841864  0.4820014   0.4254228   0.37404338  0.33634126  0.42460233
  0.5256612   0.5691117   0.42042485  0.38063228  0.45940003  0.54672414
  0.384578    0.37757498  0.5628877   0.59856576  0.5978054   0.60212
  0.60140127  0.57017785  0.60724396  0.44598985  0.6197752   0.5686999
  0.5827825   0.5983967   0.57382584  0.37650856  0.6169226   0.6330645
  0.6731375   0.6481296   0.5861209   0.562491    0.53236276  0.57086724
  0.6787501   0.4072652   0.42793986  0.34146845  0.37160063  0.35684296
  0.41551203  0.323032    0.42446196  0.50595796  0.34367082  0.32863617
  0.45353997  0.24892205  0.31804496  0.41008267  0.47287646  0.4245732
  0.38410828  0.3552182   0.3796557   0.47926164  0.3942964   0.3564445
  0.49243733  0.49224278  0.46106765  0.34376025  0.34404996  0.395389
  0.4325927   0.40101403  0.48237112  0.48687837  0.40170217  0.41711974
  0.45447713  0.47097534  0.47737923  0.48497435  0.46295375  0.5005829
  0.43207967  0.52905387  0.52123815  0.55929095  0.32081658  0.49809986
  0.5652116   0.6048864   0.61601025  0.59704304  0.5241734   0.52111775
  0.6564652   0.5809033   0.6361098   0.6064198   0.60733044  0.5375143
  0.4479128   0.37533337  0.38660905  0.47906122  0.32497343  0.2260251
  0.40447542  0.3327663   0.33029744  0.37019864  0.3799017   0.10363644
  0.16522779  0.31268883  0.305845    0.40373474  0.41186562  0.35493892
  0.27001944  0.35113487  0.39210033  0.21238254  0.3015603   0.3984496
  0.28500214  0.3493387   0.37258875  0.3806295   0.18388468 -0.01516022
  0.19141181  0.4092359   0.3626823   0.27048367  0.38075116  0.28116998
  0.20793955  0.1706289   0.37582803  0.5045468   0.30460873  0.35914376
  0.44514847  0.19914798  0.35287824  0.19543244  0.45906603  0.4285872
  0.2742553   0.42807192  0.4297995   0.41897374  0.4294274   0.4193123
  0.27706268  0.42283848  0.35880333  0.3936143   0.41775492  0.30246797]","[ 3.11971068e-01  1.89286590e-01  4.05093074e-01  5.33958972e-01
  1.55768692e-01  5.02076149e-01  5.99809408e-01  5.54201961e-01
  8.91071558e-03  4.48642731e-01  3.87869716e-01  4.47105289e-01
  2.82697320e-01  3.94312382e-01  4.74281073e-01  2.86899209e-01
  3.13362062e-01  1.94334805e-01  4.36965287e-01  3.14066529e-01
  4.43320572e-01  4.70777512e-01  5.35417378e-01  3.09051037e-01
  3.29679132e-01  1.41994953e-01  4.69942689e-01  2.13702202e-01
  1.83554709e-01  5.88724732e-01  5.76625824e-01  3.25003922e-01
  2.60014832e-01  2.47714281e-01  2.86641717e-01  2.63597071e-01
  2.30652928e-01  1.91869915e-01  5.16769409e-01  3.39673102e-01
  3.56943130e-01  4.95118797e-01  5.16175926e-01  2.48514116e-01
  4.94697273e-01  3.27188134e-01  4.33292806e-01  1.89400256e-01
  3.58267307e-01  5.09674728e-01  6.42649293e-01  2.68788576e-01
  2.31615305e-01  2.72540152e-01  4.20709491e-01  2.34711289e-01
  4.69454467e-01  3.50743949e-01  3.58887196e-01  4.40602183e-01
  3.51155400e-01  2.13358760e-01  2.55349517e-01  1.94468915e-01
  2.31233239e-01  3.44715118e-01  2.44500339e-01  3.88094246e-01
  3.71399224e-01  3.34530592e-01  3.20492148e-01  1.41872823e-01
  2.40300953e-01  3.48383486e-01  3.46251130e-01  2.62340307e-01
  3.46916556e-01  2.83334255e-01  3.99962008e-01  2.26480782e-01
  2.42745459e-01  2.57566988e-01  4.08640862e-01 -1.74098492e-01
  2.36715019e-01  3.99143040e-01  2.13479757e-01  3.12287033e-01
  2.54834831e-01  2.56102920e-01  3.24373662e-01  3.51973057e-01
  4.08655345e-01  3.55634272e-01  3.48895133e-01  2.59782255e-01
  2.92050481e-01  3.74480903e-01  2.97284782e-01  3.90501618e-01
  1.22166216e-01  3.32335055e-01  2.24209964e-01  3.90011609e-01
  3.68063927e-01  3.58575940e-01  4.12985742e-01  1.96397007e-01
  3.92964542e-01  1.94703519e-01  2.70662427e-01  1.87162161e-01
  2.52818108e-01  2.49475539e-01  3.71934533e-01  1.90627873e-01
  1.42412364e-01  2.73867607e-01  1.61031365e-01  4.48389053e-02
  1.49676085e-01  7.13191032e-02  2.81457841e-01 -3.17574739e-02
  1.11766279e-01  7.09685683e-02  1.34255111e-01  2.60415733e-01
  3.57738793e-01  2.81977117e-01  2.24284947e-01  2.22420394e-01
 -4.97281551e-03 -3.28613615e+00  3.24823201e-01  1.25387907e-01
  2.95055151e-01  2.86944985e-01  1.34929597e-01  3.35022688e-01
  1.71328843e-01  2.98558712e-01  3.11151326e-01  3.23714674e-01
  1.50096774e-01  7.14959502e-02  2.63389170e-01 -3.69225383e-01
  3.47491324e-01  1.98583841e-01  3.07605684e-01  3.78801644e-01
  4.22290027e-01  1.90542996e-01  3.73947322e-01  4.19266045e-01
  4.19013500e-01  1.86693370e-01  2.51690686e-01  3.08774829e-01
  3.53114486e-01  3.66263568e-01  2.59547830e-01  3.61489415e-01
  3.08150947e-01  3.78923535e-01  4.17599082e-01  3.35822463e-01
  3.61064851e-01  2.35838771e-01  5.17512739e-01  5.42643547e-01
  3.64603341e-01  3.88629973e-01  4.09175277e-01  4.06078219e-01
  4.49734092e-01  5.92912972e-01  4.26799715e-01  3.54531407e-01
  4.41084564e-01  2.44854212e-01  2.95392573e-01  3.62998366e-01
  2.44866431e-01  4.77116287e-01  3.82201016e-01  4.01013613e-01
  4.03133452e-01  2.25439489e-01  4.55116212e-01  4.38615084e-01
  3.43676865e-01  3.42538297e-01  4.24399436e-01  3.40449810e-01
  2.01493382e-01  3.28180790e-01  3.82023633e-01  3.94809961e-01
  4.33556080e-01  5.39865017e-01 -2.86707449e+00  4.25092161e-01
  3.86377931e-01  3.28353047e-01  3.72441590e-01  5.24537444e-01
  4.88236547e-01  4.77830350e-01  3.58749688e-01  4.14643764e-01
  3.79189551e-01  2.71628797e-01  2.88233876e-01  3.76874268e-01
  4.05161023e-01  5.40196776e-01  4.64384794e-01  4.47142422e-01
  1.08004093e-01  2.67368019e-01  2.80169249e-01  4.56291080e-01
  4.92341936e-01  3.18825066e-01  3.16160202e-01  4.05881166e-01
  3.14203501e-01  1.00105464e-01  1.63652360e-01  3.41399312e-02
  4.91393209e-02 -3.38538885e-02  7.71101117e-02  2.32009590e-01
 -1.26297474e-02  1.05889142e-01  2.64267683e-01  6.92564845e-02
  2.26134062e-02  2.54811764e-01  1.22995734e-01  5.74370027e-02
  1.32391274e-01  2.69082844e-01  2.25656271e-01  2.45608687e-01
  2.44390130e-01 -9.73192453e-02  1.21429205e-01  8.16218257e-02
  7.49535561e-02  2.43277490e-01  1.53293490e-01  2.89430022e-01
  2.18411565e-01  1.72682524e-01  3.88129950e-02  4.83655930e-02
  3.11706185e-01  2.42637157e-01  2.37033725e-01  1.09926283e-01
  2.35898912e-01  2.65658796e-01  2.45684206e-01  3.96350503e-01
  2.92176962e-01  2.57485092e-01  1.80382490e-01  2.11053610e-01
  2.53709912e-01  1.13121212e-01  4.87757862e-01  4.17036355e-01
  1.20630682e-01  1.45611465e-01  1.44852757e-01  2.82446861e-01
  2.58044362e-01  3.45573604e-01  3.31241786e-01  3.41024339e-01
  3.71769130e-01  1.21599138e-01  2.91686654e-01  9.54574347e-02
  3.51614654e-01  2.42760062e-01  3.57980132e-01  2.94687390e-01
  2.30756938e-01  2.25771010e-01  1.78345203e-01  1.64480686e-01
  2.48603225e-01  3.03054512e-01  3.10048878e-01  2.10952938e-01
  2.49897838e-01  2.01559365e-01  2.03103125e-01  2.06950366e-01
  3.28104496e-01  3.01031172e-01  2.80474663e-01  2.00335324e-01
  1.28981709e-01  1.63592100e-02  1.91079974e-02  1.59446657e-01
  2.55335450e-01  3.01557958e-01  8.82506967e-02 -2.68938541e-02
  7.15366006e-02  2.86058545e-01  1.01231337e-01  8.12670588e-02
  3.07940423e-01  3.48930776e-01  3.50237668e-01  3.59894931e-01
  3.59319150e-01  3.09028864e-01  3.67739856e-01  8.36184025e-02
  3.79067600e-01  3.21756482e-01  3.33254218e-01  3.54985178e-01
  3.13070655e-01 -5.96165180e-01  3.22794795e-01  3.96717429e-01
  4.41723049e-01  4.15132999e-01  3.41552496e-01  3.08181584e-01
  2.69796312e-01  2.95062363e-01  4.37027037e-01  1.50467515e-01
  1.76208258e-01  8.69916677e-02  1.11809194e-01  9.71809030e-02
  1.59671009e-01  4.49502468e-02  1.37438118e-01  2.30530798e-01
  6.74460530e-02  5.48713207e-02  2.00658202e-01 -1.91279173e-01
 -1.98602676e-04  1.55828357e-01  1.83245361e-01  1.50505781e-01
  1.31539583e-01  9.01681185e-03  1.17894709e-01  2.14058876e-01
  1.38394475e-01  8.46936107e-02  2.16704071e-01  2.28039205e-01
  1.97443128e-01  2.98860073e-02  4.07171249e-03  1.15720332e-01
  1.22937739e-01  1.26118660e-01  1.98785961e-01  2.06791043e-01
  1.18553102e-01  1.10331655e-01  1.53823018e-01  1.84357882e-01
  1.96110666e-01  2.08415926e-01  1.67974412e-01  2.32570171e-01
  1.63253188e-01  2.40897834e-01  2.36020148e-01  2.71684468e-01
 -9.65700150e-02  1.89110160e-01  2.58229911e-01  3.42810571e-01
  3.61818016e-01  3.19036543e-01  2.29407966e-01  2.03660429e-01
  4.15374100e-01  2.14909196e-01  3.94976735e-01  3.41355085e-01
  3.37904453e-01  2.37719059e-01  1.70911849e-01  6.84487820e-02
  1.07229292e-01  1.89953566e-01 -2.06355572e-01 -2.32426763e-01
  5.60505390e-02  2.91997194e-02  2.96956301e-03  5.99700809e-02
  9.37388539e-02 -3.29064608e-01 -4.70722675e-01 -3.02551985e-02
  1.28127337e-02  9.02807117e-02  9.38385725e-02  4.31610942e-02
 -9.77792740e-02  9.46111679e-02  1.42697871e-01 -1.73641682e-01
 -8.16802979e-02  1.06301486e-01  1.22579932e-02  3.96478176e-02
  4.81050611e-02  1.27962708e-01 -1.59891129e-01 -5.24012685e-01
 -1.06837869e-01  1.29843652e-01  2.32950449e-02 -6.70993328e-03
  1.29361928e-01 -3.25932503e-02 -5.56652546e-02 -9.13575888e-02
  7.29519725e-02  2.23071873e-01  3.00567746e-02  3.67382169e-02
  1.90577745e-01 -4.24251676e-01  7.95789361e-02 -1.70369744e-01
  1.82387114e-01  1.26952350e-01 -3.19415331e-02  1.74461842e-01
  1.63799226e-01  1.47553146e-01  7.82682896e-02  6.20540380e-02
 -7.17421770e-02  1.01179719e-01  8.55575204e-02  1.09361112e-01
  9.01845694e-02 -1.88846588e-01]","[ 0.64443151  0.58086831  0.65212854  0.76728747  0.53880618  0.7354447
  0.79382853  0.75703674  0.43423061  0.69477727  0.68077122  0.69565686
  0.6455141   0.68466405  0.72055283  0.56790511  0.65783713  0.5259344
  0.72563613  0.62042559  0.70705415  0.69913988  0.76222761  0.56884604
  0.66346547  0.44964732  0.71648767  0.49064283  0.5099518   0.77479717
  0.76842494  0.57982009  0.5720089   0.60491081  0.61533597  0.5495194
  0.50420006  0.48499598  0.73163789  0.58738973  0.61306187  0.73674838
  0.7628957   0.52616035  0.71082987  0.62271482  0.67579347  0.44652707
  0.62108896  0.72976299  0.827959    0.55230476  0.52481142  0.57543081
  0.6638478   0.49783184  0.70585606  0.65105717  0.65704896  0.68577968
  0.61777944  0.53606031  0.58351781  0.49440786  0.52370285  0.61629661
  0.53436342  0.64700608  0.61571353  0.62394039  0.59995047  0.42439589
  0.55054712  0.6198613   0.62199953  0.55293374  0.62896729  0.61893809
  0.65638061  0.51299562  0.52219147  0.56630446  0.65693652  0.38768239
  0.56556882  0.65385877  0.50580702  0.57975037  0.55759141  0.52287852
  0.59922535  0.62727347  0.6590965   0.62973526  0.62041422  0.54978363
  0.56704946  0.65129261  0.59615593  0.6495448   0.53799258  0.61976476
  0.50388943  0.64177701  0.63014701  0.62429143  0.67389293  0.5329809
  0.65551504  0.5204543   0.55517705  0.51375962  0.50969976  0.56405329
  0.65332319  0.52216129  0.47723258  0.56479165  0.4713571   0.40544306
  0.42290197  0.3998195   0.56517475  0.38076823  0.42031527  0.45773872
  0.45285064  0.52015132  0.61468557  0.57160853  0.51561871  0.5064933
  0.43065709  0.1634067   0.58521268  0.51871519  0.58613435  0.56668374
  0.44323224  0.5842862   0.52395118  0.58903676  0.58521857  0.63287783
  0.53747582  0.46786516  0.60714316  0.35471506  0.62750601  0.50184094
  0.56655312  0.63508709  0.66094881  0.50584826  0.64156223  0.67128066
  0.66428745  0.45182984  0.55248529  0.5663108   0.61985494  0.62315297
  0.57546213  0.62433556  0.57099603  0.64626055  0.66930454  0.58995538
  0.61035536  0.57500632  0.72659629  0.74154103  0.68675699  0.6295429
  0.65037049  0.67130127  0.68635583  0.79209122  0.67204777  0.61647679
  0.68164861  0.50664758  0.56938494  0.66161554  0.52437342  0.70852632
  0.63311496  0.65100787  0.65034315  0.52972673  0.69632653  0.68971527
  0.61110902  0.63626557  0.67475458  0.61645683  0.49560176  0.60840552
  0.63500168  0.64741077  0.67211281  0.75022469  0.34139742  0.68499768
  0.65666953  0.59020048  0.62550488  0.7441701   0.73394676  0.70478505
  0.62830848  0.67639224  0.62478245  0.52629034  0.54864341  0.62833494
  0.64644709  0.74873196  0.69637308  0.67706592  0.46280857  0.54858622
  0.5464584   0.70790691  0.72630353  0.60614492  0.59197432  0.65418094
  0.57469857  0.44108853  0.47179582  0.31469497  0.28293096  0.28099521
  0.4564584   0.5103931   0.33108208  0.44158091  0.52524904  0.36869373
  0.35948706  0.51951188  0.46878613  0.36141824  0.42970835  0.53008171
  0.49052254  0.5171661   0.50875243  0.2724062   0.3644225   0.37315966
  0.37745862  0.50596608  0.41655374  0.54585245  0.48408606  0.43089829
  0.27969102  0.36662272  0.56155223  0.50564843  0.49174988  0.34927151
  0.49192607  0.53189966  0.512467    0.63397476  0.54898053  0.5156098
  0.43411051  0.46661141  0.51122505  0.44495476  0.71102913  0.65251052
  0.41162105  0.43799958  0.41556932  0.53577145  0.52523942  0.59234719
  0.58731293  0.60230288  0.63612832  0.48356328  0.55688377  0.50910087
  0.59979667  0.51744186  0.61373087  0.55921933  0.54517289  0.54988594
  0.47639913  0.51869541  0.52647671  0.59452671  0.56422185  0.51769964
  0.52474393  0.48499386  0.4987393   0.51828267  0.58253178  0.56192223
  0.56499412  0.5041591   0.44582027  0.40912059  0.36100612  0.43906555
  0.53931571  0.57840996  0.45513239  0.4046424   0.47013666  0.5647226
  0.40844574  0.41650559  0.56817237  0.60805708  0.6080865   0.61509851
  0.6146118   0.58702005  0.6288592   0.48545956  0.62468429  0.57381684
  0.59396767  0.61066273  0.59751071  0.39434472  0.64911947  0.63920465
  0.68140857  0.65705625  0.59709384  0.57503165  0.54920635  0.58897438
  0.68650086  0.41118034  0.43213886  0.34607662  0.37735466  0.36637206
  0.42536313  0.33577025  0.43605353  0.51252948  0.35342038  0.33510674
  0.45942739  0.25444105  0.3405336   0.4159312   0.48356103  0.4288961
  0.38611926  0.37769756  0.38730727  0.48377163  0.40433793  0.36506255
  0.51955479  0.49657149  0.46856355  0.36770819  0.35699024  0.40607742
  0.44791713  0.40971404  0.49329525  0.49795931  0.41989246  0.4256169
  0.46508571  0.48221632  0.48641914  0.49259282  0.47879874  0.51738584
  0.43647272  0.53988968  0.53129104  0.56711104  0.36084482  0.5210065
  0.59161852  0.61804886  0.62083382  0.60413444  0.5298343   0.53020831
  0.66423138  0.58617095  0.64012665  0.60919779  0.61080337  0.54308503
  0.45299069  0.38164826  0.39380153  0.48964691  0.3361504   0.25657181
  0.43740359  0.34765395  0.35445837  0.3860224   0.39825579  0.11775229
  0.1867999   0.34398267  0.32775673  0.42363544  0.42807276  0.36578121
  0.27923433  0.36159034  0.39951683  0.23005131  0.33297711  0.40640519
  0.28939002  0.36014123  0.39574945  0.39037667  0.1964649  -0.017225
  0.19687771  0.41869789  0.37728327  0.28693462  0.39112699  0.30103827
  0.21634267  0.17936377  0.39339453  0.50910388  0.31493985  0.37681047
  0.45225736  0.20979028  0.36694026  0.21593972  0.47315639  0.44154823
  0.28824762  0.43300293  0.43663336  0.42769711  0.46061262  0.44888049
  0.29841044  0.45872643  0.37676432  0.4120094   0.46133984  0.33885328]","[ 3.51191795e-01  2.11163577e-01  4.15050477e-01  5.60797572e-01
  1.75919933e-01  5.24053060e-01  6.09180020e-01  5.69394614e-01
  1.00143109e-02  4.70445739e-01  4.11179546e-01  4.74529124e-01
  3.21011030e-01  4.18926670e-01  5.00353962e-01  2.98149001e-01
  3.31504458e-01  2.16916890e-01  4.88883469e-01  3.34795361e-01
  4.81361585e-01  4.85847631e-01  5.62576945e-01  3.17986123e-01
  3.48906488e-01  1.57582453e-01  4.87256830e-01  2.21343933e-01
  1.99492256e-01  5.95448264e-01  5.83437460e-01  3.34107028e-01
  2.71079073e-01  2.68038284e-01  3.08168666e-01  2.76686856e-01
  2.36823132e-01  2.00157395e-01  5.24948482e-01  3.43281531e-01
  3.65542702e-01  5.14358090e-01  5.36889161e-01  2.55238340e-01
  4.99326176e-01  3.31042033e-01  4.46232338e-01  1.93823724e-01
  3.77104004e-01  5.24758068e-01  6.69358463e-01  2.77126694e-01
  2.36516053e-01  2.86217478e-01  4.31282977e-01  2.40754000e-01
  4.78727266e-01  3.78246260e-01  3.84087625e-01  4.65240250e-01
  3.60387906e-01  2.25411187e-01  2.65136607e-01  2.01952533e-01
  2.37087752e-01  3.50105081e-01  2.50117556e-01  3.92346829e-01
  3.75229236e-01  3.62093445e-01  3.39322172e-01  1.44342260e-01
  2.43419129e-01  3.51944449e-01  3.49695416e-01  2.65150814e-01
  3.51684751e-01  3.06701755e-01  4.12521887e-01  2.30445893e-01
  2.46453592e-01  2.60374482e-01  4.12238456e-01 -1.76460362e-01
  2.47849281e-01  4.15130543e-01  2.27018858e-01  3.18411512e-01
  2.57487413e-01  2.58123040e-01  3.27405107e-01  3.60907773e-01
  4.24219687e-01  3.66447345e-01  3.63004427e-01  2.66868974e-01
  2.94774680e-01  3.80922596e-01  3.04092476e-01  4.12862390e-01
  1.47704655e-01  3.69330276e-01  2.27205281e-01  3.96431963e-01
  3.76392917e-01  3.73218030e-01  4.52989297e-01  2.41649708e-01
  4.05829023e-01  2.07018668e-01  2.83158995e-01  2.03292319e-01
  2.58275940e-01  2.73177325e-01  3.96262458e-01  2.10139310e-01
  1.53444643e-01  3.00249365e-01  1.76608608e-01  5.11188222e-02
  1.62311255e-01  8.01415012e-02  2.89341095e-01 -3.66359366e-02
  1.21439435e-01  8.59470123e-02  1.53998665e-01  2.65148307e-01
  3.65404184e-01  2.94145962e-01  2.34384969e-01  2.34834969e-01
 -6.35619775e-03 -3.34756632e+00  3.32196929e-01  1.52069655e-01
  3.25302890e-01  3.08043527e-01  1.54309035e-01  3.41009704e-01
  1.90280813e-01  3.22779970e-01  3.28580995e-01  3.56982855e-01
  1.83215933e-01  8.85574125e-02  3.07406963e-01 -4.50327923e-01
  3.72302094e-01  2.08953854e-01  3.17680885e-01  3.87545268e-01
  4.35274514e-01  1.96239887e-01  3.89211875e-01  4.32599562e-01
  4.34996851e-01  1.91003612e-01  2.74807306e-01  3.20490368e-01
  3.60892257e-01  3.80209000e-01  2.79079828e-01  3.68113645e-01
  3.16196059e-01  3.82758170e-01  4.19692473e-01  3.40055821e-01
  3.63563626e-01  2.51171606e-01  5.23191876e-01  5.46680133e-01
  4.39861437e-01  3.90797569e-01  4.11050705e-01  4.08179606e-01
  4.58298704e-01  6.11151429e-01  4.45989384e-01  3.63576136e-01
  4.59990985e-01  2.46207033e-01  2.97569234e-01  3.66129048e-01
  2.51243612e-01  4.91412644e-01  3.92746784e-01  4.19485428e-01
  4.14665680e-01  2.27162694e-01  4.58393883e-01  4.40987878e-01
  3.56678472e-01  3.70297832e-01  4.46923985e-01  3.58286416e-01
  2.13350867e-01  3.30443658e-01  3.85987949e-01  4.18800879e-01
  4.43408116e-01  5.57044992e-01 -3.03585860e+00  4.50770923e-01
  3.92475558e-01  3.30422239e-01  3.75463637e-01  5.33064095e-01
  4.92226758e-01  4.91133414e-01  3.84001158e-01  4.40411724e-01
  3.85641066e-01  2.73832744e-01  2.90443595e-01  3.79122855e-01
  4.09077965e-01  5.50014564e-01  4.82609521e-01  4.52009201e-01
  1.23322185e-01  2.72429866e-01  2.85073529e-01  4.61308270e-01
  4.96356921e-01  3.45750845e-01  3.41723473e-01  4.12032212e-01
  3.17476991e-01  1.28100550e-01  1.98252684e-01  4.06813116e-02
  5.23605048e-02 -3.77364680e-02  9.72236935e-02  2.57688951e-01
 -1.50869438e-02  1.31130408e-01  2.68832555e-01  7.65895746e-02
  2.60776082e-02  2.61258930e-01  1.53942204e-01  6.54863840e-02
  1.52136253e-01  2.73687464e-01  2.33666189e-01  2.59639584e-01
  2.50576977e-01 -1.15537583e-01  1.27608164e-01  9.14901614e-02
  8.14918763e-02  2.45940610e-01  1.57393561e-01  2.95310242e-01
  2.21564097e-01  1.81778833e-01  4.09641586e-02  5.49402894e-02
  3.14633458e-01  2.45304471e-01  2.41604296e-01  1.13824057e-01
  2.38252162e-01  2.70160090e-01  2.49070857e-01  4.01274981e-01
  2.95427357e-01  2.59790663e-01  1.81848178e-01  2.14216351e-01
  2.58907096e-01  1.30230905e-01  4.91398786e-01  4.20796254e-01
  1.24207190e-01  1.46942747e-01  1.46801837e-01  2.85097635e-01
  2.62909197e-01  3.49525475e-01  3.35551365e-01  3.56780578e-01
  3.98114303e-01  1.42571261e-01  3.08950534e-01  1.05836715e-01
  3.55391974e-01  2.47315964e-01  3.76501061e-01  3.09517046e-01
  2.56854386e-01  2.52765708e-01  1.97951499e-01  1.88967330e-01
  2.57399437e-01  3.35276058e-01  3.16769147e-01  2.25187807e-01
  2.60942870e-01  2.15579750e-01  2.16167648e-01  2.34644225e-01
  3.33200902e-01  3.06461726e-01  2.97685081e-01  2.19177599e-01
  1.41646634e-01  1.95713625e-02  2.20132424e-02  1.70494116e-01
  2.68772888e-01  3.11492276e-01  1.03422939e-01 -3.03937704e-02
  7.49194364e-02  3.05202970e-01  1.14186527e-01  9.88894097e-02
  3.13749730e-01  3.60084342e-01  3.62388102e-01  3.75577007e-01
  3.75278317e-01  3.27554997e-01  3.94385683e-01  9.90736203e-02
  3.85096416e-01  3.27572610e-01  3.46169065e-01  3.69687392e-01
  3.39448238e-01 -6.53986749e-01  3.57366975e-01  4.04450333e-01
  4.52644965e-01  4.26646978e-01  3.54460806e-01  3.22076493e-01
  2.87138727e-01  3.14077182e-01  4.47064994e-01  1.53374391e-01
  1.79683180e-01  8.93554396e-02  1.15298608e-01  1.02440417e-01
  1.67331831e-01  4.85652276e-02  1.45047174e-01  2.36558084e-01
  7.13270729e-02  5.70533333e-02  2.05901522e-01 -1.99855130e-01
 -2.27681634e-04  1.60304849e-01  1.91619713e-01  1.53586200e-01
  1.32920529e-01  1.01941481e-02  1.22694697e-01  2.18106546e-01
  1.45533202e-01  8.88385285e-02  2.41228069e-01  2.32067522e-01
  2.03915261e-01  3.41950449e-02  4.38375987e-03  1.22061359e-01
  1.31802062e-01  1.31650317e-01  2.07891621e-01  2.16310943e-01
  1.29533092e-01  1.14872578e-01  1.61088021e-01  1.93263203e-01
  2.03608299e-01  2.15015371e-01  1.79669321e-01  2.48445492e-01
  1.66589722e-01  2.50866781e-01  2.45211979e-01  2.79335049e-01
 -1.22171425e-01  2.06903723e-01  2.82922799e-01  3.57892141e-01
  3.67506517e-01  3.26660291e-01  2.34389801e-01  2.10827852e-01
  4.25260271e-01  2.18824481e-01  3.99980775e-01  3.44489723e-01
  3.41780012e-01  2.42671949e-01  1.74808987e-01  7.07714242e-02
  1.11256197e-01  1.98441023e-01 -2.20794247e-01 -2.99495737e-01
  6.55481164e-02  3.18709014e-02  3.41989363e-03  6.52063699e-02
  1.03015210e-01 -4.24810254e-01 -6.01661541e-01 -3.66141034e-02
  1.47143905e-02  9.94002090e-02  1.01369075e-01  4.58382433e-02
 -1.04566927e-01  1.00329382e-01  1.48147125e-01 -2.03735059e-01
 -9.95858659e-02  1.10588773e-01  1.26383459e-02  4.21377695e-02
  5.42715134e-02  1.34600361e-01 -1.82516946e-01 -6.76471086e-01
 -1.13026649e-01  1.35917326e-01  2.52084359e-02 -7.55095670e-03
  1.36508460e-01 -3.73622637e-02 -6.02551782e-02 -1.00950596e-01
  7.99310192e-02  2.27119638e-01  3.21301620e-02  4.04415085e-02
  1.96713296e-01 -4.70806500e-01  8.60476659e-02 -2.08000435e-01
  1.93755145e-01  1.34746859e-01 -3.52839459e-02  1.78504286e-01
  1.69049488e-01  1.53761459e-01  9.00488219e-02  7.11141953e-02
 -8.32236035e-02  1.19083609e-01  9.43375914e-02  1.19821690e-01
  1.09984382e-01 -2.37013858e-01]",0.29976000402195213,0.48009904669452014
TVSD,Model B (Qwen3),features/language_model-layers-8,monkeyF/V1,100000.0,0.4990764856338501,0.5126150043402506,0.1933799386024475,0.19956180879557972,"[0.54682624 0.5087082  0.61774355 0.7110334  0.38524452 0.71325165
 0.7743786  0.19369549 0.3522284  0.63037646 0.63559175 0.63896793
 0.53394985 0.5987782  0.63452065 0.5504113  0.6053166  0.5054613
 0.6886837  0.6059757  0.64006126 0.6698613  0.72901356 0.56015235
 0.6054089  0.43192428 0.6928151  0.4791771  0.45625487 0.7568531
 0.7377175  0.5317028  0.48608208 0.56852454 0.5562804  0.486445
 0.4703916  0.460821   0.7086893  0.5809767  0.6063404  0.73000056
 0.74869114 0.45822147 0.66730756 0.61467034 0.6452571  0.44719973
 0.58872336 0.6826311  0.79468083 0.50771874 0.49289146 0.5394684
 0.66842264 0.5358253  0.6595318  0.568404   0.5996399  0.6266647
 0.57969683 0.4941143  0.5715528  0.45099032 0.45159975 0.5636895
 0.55863637 0.6203649  0.591016   0.55434155 0.5525153  0.3707633
 0.51588815 0.5784662  0.5833251  0.5433624  0.5832905  0.50309694
 0.59407175 0.47149026 0.46408752 0.5178172  0.6169916  0.57340044
 0.53959215 0.6140117  0.46815374 0.5182406  0.5161894  0.48838764
 0.573529   0.5956535  0.56011665 0.556102   0.54505867 0.49995285
 0.53973556 0.6130432  0.5521585  0.5646203  0.41512588 0.5358041
 0.44473073 0.5749618  0.5686527  0.58528477 0.5958764  0.45640972
 0.6391792  0.46405515 0.50318694 0.47235364 0.4671701  0.52106154
 0.59508574 0.484907   0.46158198 0.51521146 0.47407177 0.4181158
 0.35421652 0.3983816  0.5222808  0.36568588 0.45119482 0.40479204
 0.4432402  0.5239894  0.59170413 0.56503654 0.50330627 0.5007117
 0.3758242  0.5829279  0.56140494 0.41993722 0.5290785  0.53983724
 0.38118312 0.58009523 0.49902728 0.5785653  0.5578332  0.6187449
 0.46303037 0.36931    0.55323666 0.31693694 0.64478976 0.49720147
 0.53126776 0.6307129  0.62628263 0.4818623  0.6342055  0.6588974
 0.6477648  0.47249484 0.50797886 0.5394618  0.5900484  0.5917074
 0.496189   0.5967214  0.5567778  0.5927938  0.62114406 0.56162626
 0.56603175 0.5581929  0.7155708  0.72861475 0.6219807  0.61702734
 0.61491066 0.6407532  0.65605545 0.76894706 0.66099334 0.5927712
 0.6525475  0.42810124 0.5527481  0.6225467  0.4891757  0.6921705
 0.62109876 0.6019738  0.6353489  0.46760443 0.5676325  0.6441177
 0.57129556 0.6113858  0.63726187 0.5971183  0.49638674 0.5705205
 0.61062926 0.32363942 0.6373184  0.72502023 0.64948934 0.65490997
 0.6257525  0.5452281  0.58235836 0.6994739  0.70587605 0.6700143
 0.58166134 0.6141852  0.62421227 0.46734947 0.5064297  0.56504244
 0.5977987  0.74147874 0.64610225 0.6615694  0.46601737 0.48315632
 0.5023694  0.6602907  0.66669184 0.569058   0.5762599  0.63995767
 0.5626015  0.32296902 0.31648165 0.30971983 0.25270477 0.27886847
 0.3803831  0.4671874  0.3009401  0.33640632 0.50174665 0.33803096
 0.3008948  0.5156809  0.43265858 0.32963464 0.3865078  0.45179173
 0.46858564 0.45991227 0.5164785  0.27578256 0.31748495 0.35886264
 0.3491731  0.47437856 0.38043225 0.552967   0.4983739  0.45200416
 0.27513653 0.3057584  0.54811215 0.47357842 0.47468048 0.3307366
 0.50808877 0.5379836  0.5095105  0.6205392  0.52726907 0.49265578
 0.4415128  0.4489604  0.53832334 0.36388943 0.7097053  0.63569653
 0.43100813 0.44745448 0.4189493  0.5333887  0.5178609  0.5730789
 0.57267016 0.52808577 0.5555134  0.3976642  0.49370667 0.48655295
 0.58302087 0.48212942 0.57863325 0.47564065 0.47622222 0.46577606
 0.47205108 0.47636497 0.50692517 0.5522943  0.5253965  0.46338817
 0.4861518  0.46756807 0.47992748 0.46752706 0.5717115  0.5313047
 0.51470995 0.4523858  0.3733271  0.32131085 0.33240858 0.3717173
 0.5438204  0.5513019  0.38143134 0.33964065 0.52332604 0.4918915
 0.4046097  0.41109896 0.54698014 0.55567455 0.5590131  0.55005634
 0.5442293  0.5237931  0.5496928  0.41584408 0.61300194 0.5128715
 0.5382757  0.55049884 0.5462955  0.5947005  0.5919901  0.5800793
 0.6246304  0.6076797  0.5711202  0.5456856  0.5341293  0.5601543
 0.677728   0.41472548 0.44958463 0.36378342 0.3681986  0.3615336
 0.4453348  0.33380315 0.46384484 0.50234175 0.34945378 0.3453248
 0.43189073 0.42246032 0.3584854  0.38774756 0.4976469  0.4236932
 0.38197818 0.3654978  0.3884332  0.47960502 0.3839786  0.349188
 0.50168955 0.4972066  0.49974835 0.35927773 0.3473402  0.3769658
 0.4432983  0.40900034 0.50224423 0.50761575 0.39057323 0.4197434
 0.4466786  0.48792207 0.4700735  0.513993   0.46131808 0.51612586
 0.4345104  0.53375375 0.53069365 0.5484129  0.31514007 0.52388865
 0.5882482  0.61945844 0.61102647 0.57975847 0.518909   0.4897185
 0.66055584 0.59983397 0.6173502  0.6030186  0.58775204 0.52969337
 0.4390694  0.3784742  0.38181612 0.48428464 0.43975815 0.18748873
 0.38367075 0.35589018 0.36633936 0.3604344  0.405197   0.1979913
 0.15736318 0.31235233 0.3526067  0.4126027  0.45430672 0.36343244
 0.30165797 0.37489885 0.40804932 0.22017233 0.3250257  0.40399447
 0.3153776  0.19670644 0.37753746 0.39095992 0.23988162 0.07040104
 0.22070049 0.3845743  0.35651788 0.20475955 0.3569723  0.17499028
 0.24880287 0.21215345 0.42019108 0.48637444 0.36403087 0.30408934
 0.41583017 0.2845862  0.3369108  0.20200868 0.43424043 0.4635761
 0.3472986  0.3994119  0.41105223 0.41356155 0.4120592  0.41118616
 0.31066176 0.3911384  0.32313964 0.38964733 0.3812821  0.28973165]","[ 2.07233489e-01  1.37888968e-01  3.69304240e-01  4.79807615e-01
 -3.28210592e-02  4.94970381e-01  5.76008677e-01 -2.59236574e+00
 -9.26829576e-02  3.76150012e-01  3.50127578e-01  3.92727494e-01
  1.60521150e-01  2.98930585e-01  1.36244655e-01  2.74734020e-01
  2.52860963e-01  1.75999165e-01  4.40553427e-01  3.31587493e-01
  3.79042923e-01  4.42004442e-01  5.12743831e-01  3.04519296e-01
  2.60574460e-01  1.52698696e-01  4.50903475e-01  2.07561612e-01
  1.33022547e-01  5.68126678e-01  5.38704872e-01  2.76831627e-01
  1.69411838e-01  2.32376039e-01  2.18534112e-01  2.09031761e-01
  1.98936999e-01  1.77429378e-01  4.96253133e-01  3.35272908e-01
  3.52532566e-01  5.04480720e-01  5.21355391e-01  1.67241752e-01
  4.42905962e-01  3.70900333e-01  4.05977130e-01  1.95490241e-01
  3.26665580e-01  4.56298709e-01  6.11269593e-01  2.22532749e-01
  1.99308455e-01  2.49729335e-01  4.37901437e-01  2.78596163e-01
  4.17425275e-01  2.62557030e-01  2.98218787e-01  3.82062793e-01
  3.09303224e-01  1.94157660e-01  2.54373133e-01  1.44396842e-01
  1.44863009e-01  2.82050312e-01  2.58307993e-01  3.57591391e-01
  3.45251083e-01  2.59395957e-01  2.79060245e-01  8.21534991e-02
  1.90332949e-01  2.94775128e-01  2.97090292e-01  2.46092796e-01
  2.93111384e-01  1.76659942e-01  3.23206902e-01  1.77745044e-01
  1.75988317e-01  1.92528188e-01  3.58924448e-01  2.67041981e-01
  1.93105459e-01  3.59560370e-01  1.79471433e-01  2.38015711e-01
  2.01549530e-01  2.16299355e-01  2.93202937e-01  3.09525907e-01
  3.00968289e-01  2.97171533e-01  2.67147779e-01  1.95899248e-01
  2.59469688e-01  3.20449352e-01  2.36327827e-01  2.93088019e-01
 -4.59126234e-02  2.62278318e-01  1.63439333e-01  3.09034586e-01
  2.95377254e-01  3.21597874e-01  3.48304689e-01  1.45872474e-01
  3.81204844e-01  1.51689529e-01  2.31049001e-01  1.41126096e-01
  2.12940276e-01  2.30924428e-01  3.20687413e-01  1.87653303e-01
  1.50887251e-01  2.46730745e-01  1.90366507e-01  9.73318815e-02
  9.31432247e-02  1.05526924e-01  2.32895970e-01 -3.43741179e-02
  1.66933775e-01  4.79066372e-02  1.56818151e-01  2.71059752e-01
  3.35891247e-01  2.91165650e-01  2.15233088e-01  2.27077782e-01
 -3.22407484e-02  3.27841580e-01  3.04176807e-01  5.27134538e-02
  2.51958370e-01  2.77400672e-01  9.89032388e-02  3.34956825e-01
  1.77909017e-01  3.16886961e-01  2.99758911e-01  3.53260696e-01
  1.12009287e-01 -1.17849112e-02  2.38874555e-01 -3.11938882e-01
  4.03934181e-01  2.07610369e-01  2.76611984e-01  3.86162341e-01
  3.89481902e-01  1.70417130e-01  3.85509014e-01  4.18895662e-01
  4.14466918e-01  2.14781642e-01  2.19922543e-01  2.90369570e-01
  3.25219393e-01  3.42196465e-01  1.69516206e-01  3.35886359e-01
  3.03448915e-01  3.13613772e-01  3.58464122e-01  3.07446480e-01
  3.12086344e-01  2.37766504e-01  5.06896138e-01  5.27278662e-01
  3.67481768e-01  3.76918972e-01  3.68339360e-01  3.71330082e-01
  4.15216088e-01  5.77056110e-01  4.34059858e-01  3.36417079e-01
  4.17588651e-01  1.78354442e-01  2.74491131e-01  3.48986506e-01
  2.09194660e-01  4.64655399e-01  3.76819074e-01  3.51202786e-01
  3.95310581e-01  1.61304832e-01  3.17758560e-01  3.81987512e-01
  3.12468350e-01  3.32396030e-01  3.96615505e-01  3.35265696e-01
  2.12668061e-01  2.87801802e-01  3.59310448e-01 -2.08078766e+00
  4.01677668e-01  5.20095348e-01  4.11469221e-01  4.05445457e-01
  3.49405885e-01  2.85627127e-01  3.28011692e-01  4.69875932e-01
  4.55725372e-01  4.42582548e-01  3.22702229e-01  3.53690743e-01
  3.85710597e-01  2.06004024e-01  2.51310110e-01  3.10597241e-01
  3.47445965e-01  5.38447380e-01  4.14120436e-01  4.30612564e-01
  1.43105328e-01  2.07791924e-01  2.39411831e-01  4.05466080e-01
  4.25036728e-01  2.98805416e-01  3.25102508e-01  3.92441332e-01
  3.00044835e-01  8.56578350e-04  3.71645093e-02  3.52020264e-02
  3.23948264e-02 -3.35050821e-02  3.82944345e-02  2.09750772e-01
 -4.94575500e-02 -7.18927383e-03  2.45902061e-01  4.29555774e-02
 -4.44117785e-02  2.55867183e-01  1.42647266e-01  2.64008045e-02
  1.18043780e-01  1.54019058e-01  2.05490589e-01  1.96118951e-01
  2.56800830e-01 -9.32614803e-02  8.51246119e-02  7.63946176e-02
  5.54903150e-02  2.17604399e-01  1.15406811e-01  3.02240312e-01
  1.91755712e-01  2.03784943e-01  2.36237049e-02 -3.18049192e-02
  2.98227131e-01  2.16750681e-01  2.23858237e-01  1.00312769e-01
  2.56434798e-01  2.78411329e-01  2.44919062e-01  3.84894431e-01
  2.67855346e-01  2.34080553e-01  1.90362632e-01  1.98898911e-01
  2.88464189e-01  3.33382487e-02  4.89539444e-01  3.99919748e-01
  1.52341068e-01  1.62938893e-01  1.50505006e-01  2.82727897e-01
  2.56791353e-01  3.25186431e-01  3.19374681e-01  2.56374121e-01
  2.87568450e-01  4.26905751e-02  2.39684761e-01  1.87103152e-01
  3.35309982e-01  2.01127291e-01  3.34560692e-01  2.24317431e-01
  1.48022711e-01  1.93365574e-01  1.94026828e-01  1.31586194e-01
  2.33977973e-01  2.88281977e-01  2.74059057e-01  1.61980033e-01
  2.17978299e-01  1.92433059e-01  1.86260283e-01  1.84257865e-01
  3.20647836e-01  2.67177582e-01  2.22792685e-01  1.63145304e-01
  6.92943335e-02 -7.68605471e-02  2.29329467e-02  8.14213157e-02
  2.78712451e-01  2.76899219e-01  2.18560696e-02 -1.36314750e-01
  2.50031888e-01  2.04865456e-01  1.35835171e-01  1.08002722e-01
  2.86250830e-01  2.87680686e-01  2.98486590e-01  2.89375067e-01
  2.81403720e-01  2.36468494e-01  2.96188891e-01  8.81093740e-03
  3.66820574e-01  2.55482972e-01  2.74960220e-01  2.92076170e-01
  2.68569767e-01  3.45493555e-01  2.59931266e-01  3.35460484e-01
  3.85142207e-01  3.64067197e-01  3.23440671e-01  2.82894313e-01
  2.74238527e-01  2.67700374e-01  4.34319437e-01  1.54787362e-01
  1.93829179e-01  1.04578912e-01  1.12627208e-01  1.07479393e-01
  1.92298114e-01  6.11872673e-02  1.81212723e-01  2.19698846e-01
  6.15144372e-02  7.23084807e-02  1.81736350e-01  1.68074131e-01
  4.91318107e-02  1.36639953e-01  2.15263784e-01  1.50475681e-01
  1.30707324e-01  2.64509320e-02  1.22740686e-01  2.15823352e-01
  1.26468658e-01  7.54528046e-02  2.14251518e-01  2.33539045e-01
  2.41937578e-01  5.41123748e-02  1.16872191e-02  8.78717303e-02
  1.33836925e-01  1.29193366e-01  2.21651435e-01  2.30357170e-01
  1.01709664e-01  1.15422308e-01  1.56015098e-01  2.03626990e-01
  1.83005691e-01  2.42886066e-01  1.64953232e-01  2.49873042e-01
  1.69371843e-01  2.42534637e-01  2.44045019e-01  2.53661752e-01
 -9.99960899e-02  2.23116338e-01  2.89347768e-01  3.68443787e-01
  3.53784740e-01  2.88926899e-01  2.22484469e-01  1.40403986e-01
  4.22753751e-01  3.07619393e-01  3.68295193e-01  3.36380482e-01
  3.08141947e-01  2.23749876e-01  1.61710262e-01  7.01035857e-02
  1.00255072e-01  1.91860735e-01  1.55808151e-01 -3.77576828e-01
  3.85528803e-03  4.93102074e-02  4.25246954e-02  4.43852544e-02
  1.31204069e-01 -2.72495985e-01 -5.19256234e-01 -3.38413715e-02
  6.37072921e-02  8.99908543e-02  1.36708915e-01  4.39209938e-02
 -8.79848003e-02  1.19739413e-01  1.58167839e-01 -2.21791625e-01
 -5.41137457e-02  1.11051023e-01  3.58022451e-02 -4.84946442e+00
  3.65909934e-02  1.43647730e-01 -8.80961418e-02 -4.87770319e-01
 -9.99145508e-02  8.75367522e-02  3.95023823e-03 -8.16433430e-02
  1.07884347e-01 -4.43140507e-01 -2.44326591e-02 -7.33795166e-02
  1.22724831e-01  1.91167295e-01  8.69771242e-02 -3.77441645e-02
  1.70816958e-01 -3.36972475e-02  6.35033250e-02 -1.77195191e-01
  1.42158747e-01  1.70791209e-01  5.88192940e-02  1.46876097e-01
  1.51952267e-01  1.35846853e-01  3.52427959e-02  1.72323585e-02
 -5.22211790e-02  5.24753332e-02  3.85909081e-02  1.03248239e-01
  4.51493263e-02 -2.51362324e-01]","[0.58018216 0.53730181 0.62528969 0.72868381 0.40940572 0.72869472
 0.78040408 0.19633248 0.3734037  0.64551218 0.65441171 0.65827232
 0.56898341 0.61718416 0.65172823 0.56109879 0.62259273 0.53402216
 0.72844875 0.6256538  0.66695773 0.68049837 0.74727481 0.56819204
 0.6228129  0.45501435 0.70546241 0.48766923 0.47565029 0.76116266
 0.74206202 0.53909768 0.4963163  0.59138745 0.57679074 0.4983767
 0.47664181 0.47066797 0.71427558 0.5840545  0.613601   0.74404854
 0.76356522 0.4643793  0.6704223  0.61827979 0.65482098 0.4523918
 0.60400183 0.69265834 0.81102661 0.5155336  0.49807871 0.55283922
 0.67677009 0.54267897 0.66601355 0.59026817 0.62033558 0.64394763
 0.58726803 0.50787861 0.58240312 0.45958598 0.45728096 0.5680793
 0.56501706 0.6237545  0.59405557 0.57672642 0.56851477 0.37397613
 0.51922448 0.58141502 0.58621918 0.5462652  0.58728536 0.52343199
 0.60332737 0.47559966 0.46761874 0.52063167 0.61970156 0.57727679
 0.55213661 0.62618796 0.48277094 0.52329769 0.51886896 0.49031004
 0.57620274 0.60316633 0.57068348 0.56449282 0.55597051 0.50672619
 0.542247   0.61829339 0.55844479 0.58056085 0.45645854 0.56483995
 0.44769155 0.57967496 0.57505077 0.59711497 0.62406902 0.50626813
 0.64955738 0.47850607 0.51467202 0.4922874  0.47218579 0.54525211
 0.61423952 0.50911853 0.47912724 0.53945625 0.49647204 0.44643629
 0.36886455 0.42230387 0.52954449 0.3927705  0.47031473 0.44546577
 0.47471418 0.52872921 0.59800985 0.57709996 0.51451395 0.51449576
 0.42489565 0.5883512  0.56774134 0.46246389 0.55553632 0.55933187
 0.407639   0.58525557 0.52590409 0.60157641 0.5732443  0.64976173
 0.51157041 0.41101985 0.59768017 0.35001892 0.66741181 0.51001817
 0.53989813 0.63795056 0.63583814 0.48901266 0.64702021 0.66929254
 0.66000374 0.47791803 0.53079424 0.54960065 0.59651124 0.60286676
 0.51452046 0.602164   0.56399904 0.59578575 0.62269898 0.56515508
 0.56798701 0.57605239 0.7194864  0.73131972 0.68316334 0.61874569
 0.61631825 0.64240897 0.66227286 0.78068419 0.67568967 0.60028488
 0.66638597 0.42928224 0.55478087 0.62522549 0.49550469 0.70246409
 0.62960919 0.61568199 0.64437239 0.46938815 0.56967283 0.64585762
 0.58200156 0.63567683 0.65395425 0.61256054 0.51078364 0.57248406
 0.61378938 0.33332751 0.64451884 0.73646594 0.66833362 0.67440068
 0.63067084 0.54694337 0.58471626 0.70513617 0.70875464 0.67927708
 0.60178409 0.6329818  0.62950003 0.46924163 0.50836721 0.56672557
 0.6006814  0.74818639 0.65865835 0.66515999 0.49796933 0.48770847
 0.50674724 0.66391094 0.66940471 0.59260039 0.59910399 0.64478865
 0.56552461 0.36534862 0.34833486 0.33809221 0.26085597 0.29442573
 0.42712167 0.49236373 0.32891476 0.3743606  0.5060616  0.35547666
 0.32312128 0.52216395 0.48403766 0.35197552 0.41432864 0.45564093
 0.4768296  0.47286654 0.52297506 0.30048934 0.32546238 0.37993761
 0.36408419 0.47696796 0.3854863  0.55855596 0.50195775 0.46375638
 0.28265827 0.32587841 0.55067984 0.47617434 0.47923511 0.33654917
 0.51061674 0.54252222 0.51301019 0.62438225 0.53019382 0.49485654
 0.44330291 0.45231183 0.5438091  0.39044012 0.71234921 0.63855574
 0.43735082 0.4494953  0.42175849 0.53588577 0.52271964 0.57634633
 0.57638345 0.54014751 0.57485955 0.43059326 0.50810702 0.51232248
 0.58614413 0.48663248 0.59341296 0.48746168 0.50243023 0.49283569
 0.49732201 0.51059402 0.51581536 0.5809135  0.53105995 0.47876742
 0.49677917 0.48355662 0.4951225  0.49782716 0.57613453 0.53607562
 0.53026661 0.47318208 0.39122679 0.35144288 0.35678504 0.3843791
 0.55794662 0.56030917 0.41291983 0.36106503 0.53555669 0.50808484
 0.42972067 0.45348612 0.55211544 0.56448576 0.56862709 0.56191265
 0.55618401 0.53926516 0.56925948 0.45264592 0.61785741 0.51748612
 0.54860668 0.56178304 0.56884408 0.62287297 0.62288576 0.58570555
 0.63230545 0.61604928 0.5818123  0.55785157 0.5510288  0.57792166
 0.68546709 0.41871235 0.45399602 0.36869273 0.37389995 0.37118796
 0.45589295 0.34696615 0.47651191 0.5088663  0.35936739 0.35212397
 0.43749712 0.43182694 0.38383354 0.39327755 0.50889115 0.42800714
 0.38397801 0.38862768 0.39626167 0.48411824 0.39375737 0.35763059
 0.52931651 0.50157896 0.50787311 0.38430668 0.36040422 0.38715619
 0.45900199 0.41787361 0.51361843 0.51916866 0.40825958 0.42829399
 0.45710515 0.49956752 0.47897505 0.52206734 0.47710709 0.53345056
 0.43892817 0.54468582 0.54092891 0.55608091 0.35446005 0.54798126
 0.6157314  0.63293797 0.61581101 0.58664457 0.52451304 0.49826132
 0.66837044 0.60527329 0.62124858 0.60578099 0.59111301 0.53518301
 0.44404701 0.38484194 0.38891943 0.49498575 0.45488297 0.21282735
 0.41490522 0.37181238 0.39313671 0.37584082 0.42477316 0.22495881
 0.17790849 0.34361249 0.37786861 0.43294051 0.47218394 0.37453417
 0.31195258 0.38606193 0.41576748 0.23848915 0.35888715 0.41206077
 0.32023313 0.20278915 0.40100578 0.40097162 0.25629279 0.07998946
 0.22700275 0.39346608 0.37087067 0.21721312 0.36670014 0.1873556
 0.25885733 0.22301405 0.43983115 0.49076737 0.37637735 0.31904785
 0.42247086 0.29979423 0.35033654 0.22320603 0.4475688  0.47759525
 0.36501753 0.40401276 0.417588   0.42217223 0.44198314 0.44018132
 0.33459834 0.42433585 0.33931537 0.40785705 0.42106176 0.32458485]","[ 2.33286699e-01  1.53825624e-01  3.78381935e-01  5.03924384e-01
 -3.70670026e-02  5.16636258e-01  5.85007459e-01 -2.66343174e+00
 -1.04161775e-01  3.94430041e-01  3.71169216e-01  4.16815991e-01
  1.82276435e-01  3.17590825e-01  1.43734500e-01  2.85506795e-01
  2.67500590e-01  1.96450612e-01  4.92897936e-01  3.53472734e-01
  4.11568318e-01  4.56153504e-01  5.38753260e-01  3.13323363e-01
  2.75771534e-01  1.69461199e-01  4.67516153e-01  2.14983764e-01
  1.44572526e-01  5.74614970e-01  5.45068551e-01  2.84585464e-01
  1.76620709e-01  2.51441598e-01  2.34946143e-01  2.19411924e-01
  2.04258769e-01  1.85093125e-01  5.04107488e-01  3.38834593e-01
  3.61025877e-01  5.24083798e-01  5.42276468e-01  1.71766932e-01
  4.47050252e-01  3.75269111e-01  4.18100927e-01  2.00055942e-01
  3.43840746e-01  4.69802436e-01  6.36674591e-01  2.29435960e-01
  2.03525622e-01  2.62261909e-01  4.48907000e-01  2.85768702e-01
  4.25670378e-01  2.83144484e-01  3.19159187e-01  4.03427391e-01
  3.17435361e-01  2.05125436e-01  2.64122800e-01  1.49953569e-01
  1.48530745e-01  2.86460448e-01  2.64242431e-01  3.61509735e-01
  3.48811446e-01  2.80768270e-01  2.95456000e-01  8.35834618e-02
  1.92802733e-01  2.97788139e-01  3.00045557e-01  2.48729240e-01
  2.97140053e-01  1.91229663e-01  3.33356464e-01  1.80856915e-01
  1.78676680e-01  1.94626755e-01  3.62084349e-01  2.70664749e-01
  2.02188477e-01  3.73962406e-01  1.90853691e-01  2.42683604e-01
  2.03647464e-01  2.18005508e-01  2.95943074e-01  3.17383117e-01
  3.12431184e-01  3.06207044e-01  2.77951217e-01  2.01243274e-01
  2.61889979e-01  3.25961613e-01  2.41739633e-01  3.09870726e-01
 -5.55105038e-02  2.91474891e-01  1.65622789e-01  3.14121900e-01
  3.02061404e-01  3.34730002e-01  3.82042962e-01  1.79483594e-01
  3.93684348e-01  1.61284010e-01  2.41716605e-01  1.53288738e-01
  2.17537227e-01  2.52863738e-01  3.41663307e-01  2.06860283e-01
  1.62576055e-01  2.70498400e-01  2.08781460e-01  1.10963707e-01
  1.01006074e-01  1.18580937e-01  2.39419072e-01 -3.96545395e-02
  1.81381572e-01  5.80176891e-02  1.79879825e-01  2.75985761e-01
  3.43088503e-01  3.03731030e-01  2.24925485e-01  2.39752312e-01
 -4.12097678e-02  3.33970164e-01  3.11081847e-01  6.39305411e-02
  2.77788019e-01  2.97797438e-01  1.13108344e-01  3.40942664e-01
  1.97588870e-01  3.42595140e-01  3.16550415e-01  3.89565325e-01
  1.36724364e-01 -1.45972077e-02  2.78795447e-01 -3.80458103e-01
  4.32774953e-01  2.18451745e-01  2.85672029e-01  3.95075867e-01
  4.01457612e-01  1.75512294e-01  4.01245516e-01  4.32217399e-01
  4.30276838e-01  2.19740365e-01  2.40121407e-01  3.01386776e-01
  3.32382741e-01  3.55225545e-01  1.82272969e-01  3.42041417e-01
  3.11371268e-01  3.16787485e-01  3.60261074e-01  3.11322131e-01
  3.14246159e-01  2.53224669e-01  5.12458770e-01  5.31200953e-01
  4.43334003e-01  3.79021249e-01  3.70027619e-01  3.73251653e-01
  4.23123349e-01  5.94806798e-01  4.53575956e-01  3.44999679e-01
  4.35487956e-01  1.79339852e-01  2.76513776e-01  3.51996343e-01
  2.14642823e-01  4.78578378e-01  3.87216343e-01  3.67380174e-01
  4.06619024e-01  1.62537807e-01  3.20047004e-01  3.84053966e-01
  3.24289311e-01  3.59333629e-01  4.17665452e-01  3.52830700e-01
  2.25183153e-01  2.89786250e-01  3.63039067e-01 -2.20722825e+00
  4.10805306e-01  5.36646199e-01  4.35692334e-01  4.29937411e-01
  3.54920037e-01  2.87427071e-01  3.30673228e-01  4.77514029e-01
  4.59449879e-01  4.54904293e-01  3.45416411e-01  3.75670789e-01
  3.92273061e-01  2.07675503e-01  2.53236756e-01  3.12450392e-01
  3.50804940e-01  5.48233374e-01  4.30372543e-01  4.35299428e-01
  1.63401786e-01  2.11725869e-01  2.43602665e-01  4.09924419e-01
  4.28502848e-01  3.24040472e-01  3.51388813e-01  3.98388700e-01
  3.03170815e-01  1.09612556e-03  4.50220436e-02  4.19469095e-02
  3.45183741e-02 -3.73476582e-02  4.82832444e-02  2.32966475e-01
 -5.90798260e-02 -8.90301304e-03  2.50149692e-01  4.75038463e-02
 -5.12153255e-02  2.62341053e-01  1.78538181e-01  3.01006867e-02
  1.35648959e-01  1.56654674e-01  2.12784704e-01  2.07322646e-01
  2.63301859e-01 -1.10720197e-01  8.94562016e-02  8.56309673e-02
  6.03308251e-02  2.19986480e-01  1.18493544e-01  3.08380793e-01
  1.94523496e-01  2.14519619e-01  2.49330204e-02 -3.61283995e-02
  3.01027820e-01  2.19133425e-01  2.28174754e-01  1.03869666e-01
  2.58992907e-01  2.83128701e-01  2.48295165e-01  3.89676572e-01
  2.70835169e-01  2.36176555e-01  1.91909414e-01  2.01879508e-01
  2.94373305e-01  3.83806913e-02  4.93193668e-01  4.03525328e-01
  1.56857739e-01  1.64428595e-01  1.52530140e-01  2.85381309e-01
  2.61632565e-01  3.28905161e-01  3.23529864e-01  2.68219292e-01
  3.07946798e-01  5.00533904e-02  2.53870836e-01  2.07447258e-01
  3.38912145e-01  2.04901866e-01  3.51869963e-01  2.35605835e-01
  1.64763334e-01  2.16485660e-01  2.15357075e-01  1.51175754e-01
  2.42256707e-01  3.18932869e-01  2.79999251e-01  1.72910265e-01
  2.27612545e-01  2.05818623e-01  1.98241398e-01  2.08915039e-01
  3.25628418e-01  2.71997422e-01  2.36463635e-01  1.78489721e-01
  7.60984569e-02 -9.19522170e-02  2.64197499e-02  8.70626926e-02
  2.93380141e-01  2.86021196e-01  2.56136103e-02 -1.54054498e-01
  2.61855442e-01  2.18576045e-01  1.53218824e-01  1.31422567e-01
  2.91650961e-01  2.96876393e-01  3.08841678e-01  3.01984307e-01
  2.93902272e-01  2.50644668e-01  3.17650252e-01  1.04394660e-02
  3.72654609e-01  2.60101127e-01  2.85615956e-01  3.04172919e-01
  2.91197954e-01  3.79002690e-01  2.87770596e-01  3.41999354e-01
  3.94665122e-01  3.74164833e-01  3.35664480e-01  2.95649101e-01
  2.91866486e-01  2.84951894e-01  4.44295204e-01  1.57777693e-01
  1.97651596e-01  1.07420572e-01  1.16142151e-01  1.13296270e-01
  2.01524346e-01  6.61080589e-02  1.91245294e-01  2.25442928e-01
  6.50541366e-02  7.51838993e-02  1.86485230e-01  1.75609695e-01
  5.63255799e-02  1.40565218e-01  2.25101385e-01  1.53555483e-01
  1.32079532e-01  2.99046629e-02  1.27737974e-01  2.19904387e-01
  1.32992222e-01  7.91454760e-02  2.38497966e-01  2.37664516e-01
  2.49868228e-01  6.19144292e-02  1.25829027e-02  9.26867620e-02
  1.43487125e-01  1.34859882e-01  2.31804479e-01  2.40961967e-01
  1.11129671e-01  1.20172748e-01  1.63383632e-01  2.13463098e-01
  1.90002299e-01  2.50577001e-01  1.76437796e-01  2.66929463e-01
  1.72833429e-01  2.52571319e-01  2.53549380e-01  2.60804817e-01
 -1.26505777e-01  2.44109577e-01  3.17016259e-01  3.84653062e-01
  3.59346942e-01  2.95831142e-01  2.27315953e-01  1.45345225e-01
  4.32815563e-01  3.13223702e-01  3.72961199e-01  3.39469438e-01
  3.11676147e-01  2.28411717e-01  1.65397586e-01  7.24823796e-02
  1.04020066e-01  2.00433409e-01  1.66710029e-01 -4.86530247e-01
  4.50855376e-03  5.38210910e-02  4.89735138e-02  4.82607540e-02
  1.44187966e-01 -3.51782251e-01 -6.63695468e-01 -4.09540025e-02
  7.31626831e-02  9.90810724e-02  1.47679743e-01  4.66452771e-02
 -9.40925393e-02  1.26976356e-01  1.64207851e-01 -2.60229741e-01
 -6.59763047e-02  1.15529865e-01  3.69131514e-02 -5.15401921e+00
  4.12814898e-02  1.51098992e-01 -1.00562419e-01 -6.29684217e-01
 -1.05702285e-01  9.16314433e-02  4.27469994e-03 -9.18765243e-02
  1.13844362e-01 -5.07980405e-01 -2.64472738e-02 -8.10847353e-02
  1.34465464e-01  1.94636133e-01  9.29770118e-02 -4.15488577e-02
  1.76316320e-01 -3.73949805e-02  6.86653172e-02 -2.16333464e-01
  1.51019379e-01  1.81277298e-01  6.49742383e-02  1.50279354e-01
  1.56822797e-01  1.41562623e-01  4.05473567e-02  1.97483571e-02
 -6.05785171e-02  6.17609156e-02  4.25511784e-02  1.13124110e-01
  5.50617558e-02 -3.15474876e-01]",0.2776188469097735,0.4646561377610828
TVSD,Model B (Qwen3),features/visual-blocks-10,monkeyF/V1,100000.0,0.6452555060386658,0.663530657047507,0.2844143807888031,0.28509816996032594,"[0.8234491  0.70048165 0.86776435 0.8660847  0.47345623 0.7311784
 0.8271815  0.770883   0.68293613 0.80927646 0.78023297 0.8557393
 0.70785373 0.707712   0.72694963 0.5135402  0.8463315  0.591185
 0.77200437 0.6088431  0.700905   0.73540306 0.7486237  0.6010555
 0.84737605 0.7108013  0.85503465 0.656063   0.6099552  0.82028496
 0.7978511  0.75941867 0.7715946  0.16926223 0.7613966  0.6173031
 0.66173327 0.6671343  0.7554828  0.7461975  0.78074485 0.8300734
 0.8381473  0.4739489  0.75201136 0.75285465 0.77412015 0.6713869
 0.8521607  0.8562462  0.8781009  0.6530351  0.60714805 0.64847803
 0.8186152  0.7360019  0.88267815 0.7835977  0.8017035  0.2239705
 0.6885923  0.48914117 0.7191352  0.5942495  0.75541496 0.75207704
 0.7408444  0.79384154 0.75226766 0.731003   0.8117647  0.7310568
 0.75453967 0.7273617  0.7165186  0.6892641  0.80430925 0.71710944
 0.848529   0.7741419  0.76759434 0.74244756 0.7310173  0.7548186
 0.74929255 0.8546515  0.7985716  0.7889856  0.67328966 0.73305345
 0.6529847  0.77247804 0.8376223  0.8204764  0.8468523  0.7230783
 0.6865971  0.7362084  0.7627479  0.78094625 0.14609815 0.8014386
 0.7353698  0.6397744  0.54147494 0.68999237 0.73630303 0.7888543
 0.7468768  0.76311225 0.8057139  0.7497972  0.6902384  0.7476884
 0.8367316  0.69127166 0.64895767 0.66986555 0.6129747  0.44324964
 0.5873293  0.6901716  0.71508485 0.58343637 0.56463706 0.5201024
 0.07652437 0.8283765  0.66729945 0.69662887 0.46594283 0.61717373
 0.44775158 0.7373776  0.72637343 0.6346587  0.6488247  0.58488554
 0.43793595 0.6954943  0.6953329  0.67803884 0.73455405 0.7141407
 0.52023375 0.4770371  0.715609   0.43298283 0.618846   0.5810404
 0.74007434 0.75927615 0.8123913  0.6372206  0.7331196  0.7297237
 0.7512713  0.5476578  0.68359    0.57505906 0.7222339  0.7641852
 0.7010008  0.7329249  0.61323214 0.7235312  0.7525738  0.71929014
 0.7049479  0.73120004 0.85456717 0.8647709  0.8041261  0.6962736
 0.84659195 0.8475756  0.8001671  0.8042098  0.6397119  0.8039642
 0.8085768  0.62742347 0.78321886 0.86251783 0.6600059  0.8249031
 0.828613   0.798899   0.810844   0.5764969  0.76899403 0.7975682
 0.7645631  0.77172136 0.81308204 0.7579796  0.7259034  0.6911432
 0.6717928  0.6564483  0.8227636  0.8537751  0.8372676  0.8078605
 0.74639994 0.6655672  0.7436221  0.8538915  0.81333315 0.79033315
 0.8360287  0.8203476  0.79817903 0.7206714  0.60459083 0.7404308
 0.7623357  0.8341753  0.8333882  0.8433275  0.65773046 0.7047798
 0.6880204  0.83364964 0.8292094  0.8112953  0.7822796  0.8206874
 0.7947305  0.5264415  0.5691995  0.48986134 0.4942042  0.3001684
 0.5460592  0.560763   0.45031023 0.40343273 0.70465404 0.49877027
 0.45608282 0.6579723  0.5270471  0.4645566  0.48401427 0.7070552
 0.469039   0.6039462  0.6355801  0.34210363 0.4589191  0.45008996
 0.5212198  0.6451143  0.51726925 0.5169191  0.65665334 0.4784253
 0.3507766  0.45305982 0.6309137  0.61734414 0.07692168 0.67279726
 0.5389463  0.6283827  0.59975624 0.69887763 0.5852683  0.52768654
 0.4599887  0.60559094 0.54947114 0.64824784 0.7445743  0.72434235
 0.5399469  0.472966   0.46445417 0.52566487 0.5351509  0.68419814
 0.6460148  0.74864274 0.72664315 0.74533784 0.75473887 0.5684534
 0.68476754 0.69070035 0.22365683 0.7150237  0.6412029  0.24984764
 0.6479731  0.5770452  0.6772336  0.74541706 0.783052   0.77381057
 0.51774234 0.75783944 0.6002864  0.6828436  0.6915491  0.75387144
 0.41438684 0.7631952  0.5178739  0.62000287 0.6024347  0.65539825
 0.59847796 0.75980604 0.6801356  0.6358984  0.802147   0.7866972
 0.61336714 0.65483844 0.70877165 0.8098436  0.5532791  0.8182051
 0.82384294 0.7335367  0.74601454 0.67418617 0.70417756 0.8318967
 0.81758696 0.8065377  0.48586062 0.74514645 0.75476456 0.83848494
 0.6306847  0.8692339  0.8577582  0.49158758 0.7701498  0.75887
 0.8072752  0.42507413 0.5626681  0.46574733 0.622023   0.4315438
 0.5436095  0.46311256 0.5250293  0.57924    0.44902378 0.46319976
 0.6734243  0.41056135 0.48016372 0.5736982  0.52874184 0.5326254
 0.6682254  0.52454835 0.50285524 0.6035155  0.49014232 0.47454643
 0.59264416 0.5821503  0.51891994 0.39729056 0.41000184 0.4260838
 0.5776597  0.51293766 0.5271882  0.52655387 0.5063653  0.51311374
 0.29161707 0.5622642  0.56578255 0.53046316 0.5793642  0.4816766
 0.63068616 0.66817254 0.6154365  0.6632791  0.55698687 0.5383248
 0.6431498  0.74371743 0.7249721  0.6839754  0.6643383  0.65597904
 0.75473833 0.7128909  0.74175775 0.71631116 0.71831274 0.65733016
 0.35324666 0.55593413 0.5883084  0.59740436 0.5900542  0.4194161
 0.5814723  0.504713   0.54354507 0.5527646  0.62109154 0.33822316
 0.51026136 0.4499786  0.5915257  0.5530922  0.587145   0.48322618
 0.16374971 0.5950318  0.604035   0.37130716 0.4726007  0.5878098
 0.10097069 0.48732507 0.43524015 0.6551321  0.51792413 0.27465016
 0.30690223 0.50169146 0.49334624 0.4257463  0.6004446  0.43981704
 0.52932066 0.5123232  0.48028526 0.6842972  0.5401025  0.5277149
 0.67261064 0.47609508 0.6120162  0.3970376  0.5963131  0.15813702
 0.40322125 0.6877603  0.67754614 0.68287015 0.50941414 0.59278864
 0.44030163 0.60634834 0.5438746  0.54950315 0.46545708 0.5012606 ]","[ 6.62037849e-01  4.76346076e-01  7.40021050e-01  7.29352713e-01
 -6.57852292e-01  5.26586711e-01  6.68787479e-01  5.87174177e-01
  4.64453936e-01  6.44842088e-01  5.86802721e-01  7.21631765e-01
  4.74928021e-01  4.79324341e-01  5.14206290e-01  2.57811904e-01
  6.77995682e-01  3.37174416e-01  5.91631532e-01 -3.42312098e-01
  4.81059313e-01  5.38273215e-01  5.49253762e-01  3.57339263e-01
  6.79554164e-01  4.84189987e-01  7.13451684e-01  4.25678670e-01
  3.57051194e-01  6.63325965e-01  6.13775492e-01  5.55851698e-01
  5.75458765e-01 -1.25833797e+00  5.53300261e-01  3.64833891e-01
  4.32450473e-01  4.27631557e-01  5.59192955e-01  5.30629694e-01
  5.87985814e-01  6.65403128e-01  6.85985804e-01  2.17004836e-01
  5.53974688e-01  5.54859281e-01  5.74814498e-01  4.18637514e-01
  7.12535799e-01  7.15082765e-01  7.53729224e-01  4.23010290e-01
  3.58933687e-01  4.12750959e-01  6.53462470e-01  5.18194437e-01
  7.54934072e-01  5.90439081e-01  6.30818486e-01 -1.38653874e-01
  4.64003205e-01  2.10775554e-01  4.48247492e-01  3.46448660e-01
  5.54062665e-01  5.40922344e-01  5.24665117e-01  6.04073286e-01
  5.43178201e-01  5.27304590e-01  6.37095332e-01  5.05850136e-01
  5.47318935e-01  5.05729675e-01  4.89005864e-01  4.61170256e-01
  6.22257948e-01  4.70027745e-01  7.14852870e-01  5.68308115e-01
  5.67830563e-01  5.27890086e-01  5.13710022e-01  5.49679279e-01
  5.43617487e-01  7.20780313e-01  6.21258974e-01  6.03225291e-01
  4.21641052e-01  5.31158686e-01  4.12831247e-01  5.83119154e-01
  6.93974435e-01  6.56012297e-01  6.85088873e-01  5.14821589e-01
  4.49235797e-01  5.15462875e-01  5.49151063e-01  6.04753613e-01
 -2.86455765e+01  6.30492508e-01  5.15701473e-01  3.34596276e-01
 -1.73003554e-01  4.26633358e-01  5.41753590e-01  5.99991679e-01
  5.45366824e-01  5.80069602e-01  6.40126228e-01  5.47863603e-01
  4.67301309e-01  5.58454394e-01  6.81648850e-01  4.73369420e-01
  4.12713587e-01  4.45135534e-01  3.71986628e-01  1.59278154e-01
  3.43487859e-01  4.74221170e-01  5.10675550e-01  3.27667177e-01
  3.12168479e-01  2.54428387e-01 -1.09675622e+00  6.80880427e-01
  4.44974303e-01  4.85071063e-01  2.73802280e-02  3.79008830e-01
  1.60991132e-01  5.36852241e-01  5.27338982e-01  3.90071332e-01
  4.20458794e-01  3.41098666e-01  1.87244475e-01  4.73145247e-01
  4.81812418e-01  4.59483027e-01  5.37670135e-01  5.02058506e-01
  2.56664634e-01  1.77225888e-01  5.05704701e-01  1.39944911e-01
  3.80415797e-01  3.25215697e-01  5.38007140e-01  5.75230956e-01
  6.58643961e-01  3.65897238e-01  5.29530764e-01  5.21604538e-01
  5.60294867e-01  2.98802137e-01  4.66963470e-01  3.23271811e-01
  5.12105703e-01  5.69691420e-01  4.83714819e-01  5.22931516e-01
  3.74788523e-01  5.01895666e-01  5.40269554e-01  4.83466327e-01
  4.76953626e-01  5.34337759e-01  6.98317230e-01  7.21501470e-01
  6.33801818e-01  4.52571213e-01  6.96417272e-01  6.83881044e-01
  6.20868087e-01  6.31172061e-01  2.82874107e-01  6.40705347e-01
  6.45414531e-01  3.73595119e-01  5.76234460e-01  7.04610407e-01
  4.18516874e-01  6.59803927e-01  6.77512705e-01  6.35505199e-01
  6.49120927e-01  3.03412080e-01  5.69709897e-01  5.83627701e-01
  5.61647773e-01  5.90839267e-01  6.44469500e-01  5.73954701e-01
  5.25928020e-01  4.50752556e-01  4.30690646e-01  4.27032769e-01
  6.34104848e-01  7.01589823e-01  6.87861741e-01  6.48830056e-01
  5.46079755e-01  4.08004403e-01  5.09022176e-01  6.90416932e-01
  5.62822521e-01  6.03997111e-01  6.74131036e-01  6.68646872e-01
  6.33881450e-01  4.96093094e-01  3.43286157e-01  5.09744167e-01
  5.61038375e-01  6.75792456e-01  6.76170826e-01  7.01933801e-01
  4.24556196e-01  4.72545981e-01  4.25354600e-01  6.60036802e-01
  6.63023591e-01  6.55673027e-01  6.00062013e-01  6.70500398e-01
  6.28634691e-01  2.76855469e-01  2.99375057e-01  2.36046255e-01
  2.16198862e-01 -1.70000792e-02  2.95843780e-01  3.03562343e-01
  1.96947336e-01  9.76145864e-02  4.74564612e-01  2.46768892e-01
  2.00978696e-01  4.14154172e-01  2.66069651e-01  2.14793503e-01
  2.27976263e-01  4.79085445e-01  1.81422830e-01  3.45851302e-01
  3.83615434e-01 -2.37560272e-03  2.02238798e-01  2.00422883e-01
  2.65556276e-01  4.08211231e-01  2.66653061e-01  2.60804415e-01
  4.01812196e-01  2.28527367e-01  1.13692343e-01  2.00388253e-01
  3.92649531e-01  3.73495102e-01 -1.75831699e+00  4.38993573e-01
  2.89605856e-01  3.91974807e-01  3.59410107e-01  4.82777715e-01
  3.41272116e-01  2.77595162e-01  1.87208116e-01  3.27754915e-01
  2.99265146e-01  4.14938509e-01  5.42878866e-01  5.07503510e-01
  2.90578961e-01  2.01324880e-01  2.05995858e-01  2.75861681e-01
  2.86082089e-01  4.65768754e-01  3.92277777e-01  5.57747245e-01
  5.24033189e-01  5.43875933e-01  5.66133320e-01  3.17396283e-01
  4.63121593e-01  4.70738113e-01 -4.90940523e+00  5.10486841e-01
  4.10283148e-01 -2.90835023e+00  4.18956757e-01  3.11119735e-01
  4.55726683e-01  5.53906560e-01  6.11495972e-01  5.98719954e-01
 -8.58433247e-02  5.73697448e-01  3.42566848e-01  4.62778747e-01
  4.78196919e-01  5.67745686e-01 -6.41862750e-01  5.81248045e-01
 -8.95043612e-02  3.60372007e-01  3.57725084e-01  4.29357231e-01
  3.57199371e-01  5.76571763e-01  4.49703515e-01  3.73198330e-01
  6.39422178e-01  6.15769982e-01  3.74879897e-01  4.14887726e-01
  4.98737276e-01  6.52066708e-01  4.64957952e-03  6.60130978e-01
  6.70081019e-01  5.35780787e-01  5.52131057e-01  4.21057820e-01
  4.88609135e-01  6.81264341e-01  6.57214642e-01  6.44251645e-01
 -3.29051971e-01  5.54601431e-01  5.47008038e-01  6.95108593e-01
  2.63172448e-01  7.43828237e-01  7.24937797e-01 -5.46140671e-02
  5.91835022e-01  5.69007754e-01  6.44640446e-01  1.57710910e-01
  3.03909659e-01  2.12861896e-01  3.70756924e-01  1.79160178e-01
  2.91990638e-01  2.10403979e-01  2.69614577e-01  3.30076098e-01
  1.88565612e-01  2.02737808e-01  4.47776854e-01  1.58929050e-01
  2.15996683e-01  3.23358238e-01  2.73030102e-01  2.74136484e-01
  4.31067467e-01  2.61220992e-01  2.23800540e-01  3.63127053e-01
  2.38907278e-01  2.13165998e-01  3.46487284e-01  3.35236073e-01
  2.65165389e-01  1.28821790e-01  1.32483721e-01  1.64037049e-01
  3.30686748e-01  2.56871045e-01  2.65783608e-01  2.65871406e-01
  2.50821471e-01  2.56506860e-01 -1.02365017e+00  3.11609805e-01
  3.17771316e-01  2.68866360e-01  3.27401817e-01  2.20463693e-01
  3.94283712e-01  4.41085219e-01  3.71661782e-01  4.33091164e-01
  2.89522052e-01  2.74225354e-01  3.95237267e-01  5.50080538e-01
  5.21222651e-01  4.56553996e-01  4.37470794e-01  4.03960049e-01
  5.68566382e-01  4.94666398e-01  5.48856258e-01  5.06830990e-01
  5.08578062e-01  4.18459356e-01 -7.27797747e-02  2.96774924e-01
  3.39187324e-01  3.50720406e-01  3.44933450e-01  9.65825915e-02
  3.18784177e-01  2.52088010e-01  2.87059903e-01  2.97848940e-01
  3.81200671e-01  1.71828866e-02  1.50473535e-01  1.98658884e-01
  3.44248414e-01  2.90572464e-01  3.30667198e-01  2.16504931e-01
 -2.34062529e+00  3.53151619e-01  3.63836765e-01  9.46030021e-02
 -3.89688015e-02  3.36691558e-01 -3.29691601e+00  2.28001654e-01
  1.21153474e-01  4.22345936e-01  2.59025276e-01 -7.37984848e+00
  1.41248703e-02  2.47947216e-01  2.24153697e-01  1.77046776e-01
  3.57460022e-01  1.64852858e-01  2.76910007e-01  2.60124564e-01
  2.20358610e-01  4.60572660e-01  2.78741837e-01  2.43815601e-01
  4.29486156e-01  2.10219502e-01  3.72266531e-01 -7.50513077e-02
  3.52256238e-01 -3.40777397e+00  1.18308485e-01  4.65233147e-01
  4.51269329e-01  4.66147006e-01  2.19548404e-01  3.17518950e-01
  1.52592123e-01  3.49023342e-01  2.87995934e-01  2.86986053e-01
  1.83897376e-01  1.91676676e-01]","[0.87367874 0.73985455 0.87836466 0.88758404 0.50314977 0.74700961
 0.83361786 0.78137791 0.72399294 0.82870767 0.80333578 0.88159275
 0.75429749 0.7294665  0.7466638  0.52351178 0.87048636 0.62458964
 0.81658042 0.62861432 0.73035826 0.74708088 0.76737619 0.60968226
 0.87173599 0.74879975 0.87064324 0.66769    0.63588442 0.8249557
 0.80254973 0.76998058 0.78784014 0.17606902 0.7894697  0.63244449
 0.67052588 0.68138982 0.76143795 0.75015057 0.79009384 0.84604719
 0.85479857 0.48031809 0.75552147 0.75727554 0.78559399 0.67918181
 0.87427585 0.86882369 0.89616251 0.66308668 0.61353775 0.66455066
 0.82883829 0.74541599 0.89135298 0.81373947 0.82937313 0.23014744
 0.69758575 0.50276694 0.73278722 0.60557561 0.76491823 0.75793397
 0.74930628 0.79817899 0.75613655 0.76052162 0.83527136 0.73739174
 0.75941939 0.73106955 0.7200735  0.6929464  0.8098178  0.74609483
 0.86174904 0.78088915 0.77343493 0.74648295 0.73422811 0.75992141
 0.76671214 0.87159981 0.82350544 0.79668472 0.67678473 0.7359389
 0.65602883 0.78222115 0.85342437 0.83285632 0.86380592 0.73287454
 0.68979191 0.74251338 0.77143175 0.80299416 0.16064464 0.84486954
 0.74026556 0.64501886 0.54756724 0.70393899 0.77113964 0.87502911
 0.75900358 0.78687596 0.82410405 0.78143937 0.69764906 0.78240027
 0.86366315 0.72578703 0.6736253  0.70138804 0.64193824 0.47327255
 0.61161735 0.73161548 0.72502997 0.62664874 0.58856422 0.57236255
 0.08195828 0.83586969 0.67441078 0.71150176 0.4763185  0.6341639
 0.50621459 0.74423784 0.73457178 0.69893001 0.68127073 0.60600695
 0.46833074 0.70168118 0.7327824  0.70500628 0.75484738 0.74993959
 0.57477049 0.53091366 0.77309648 0.47817772 0.64055783 0.59601825
 0.75209674 0.76798909 0.82478634 0.64667634 0.74793294 0.74123623
 0.76546591 0.55394368 0.71429278 0.58586694 0.7301446  0.77859741
 0.72689895 0.73960975 0.6211856  0.72718297 0.75445773 0.7238096
 0.707383   0.75459492 0.85924335 0.86798133 0.88322585 0.69821267
 0.84852988 0.84976581 0.80775023 0.8164852  0.65393509 0.81415489
 0.82572421 0.62915434 0.78609922 0.86622924 0.66854512 0.83717059
 0.83996683 0.81709162 0.82235992 0.57869601 0.77175815 0.79972261
 0.77889089 0.80238267 0.83437984 0.77758187 0.74695706 0.6935219
 0.67526946 0.67609897 0.83205926 0.86725342 0.86156006 0.83190315
 0.75226654 0.66766104 0.74663296 0.86080376 0.81664996 0.80125928
 0.86495136 0.84545361 0.80494048 0.72358921 0.60690393 0.74263634
 0.76601184 0.8417215  0.84958395 0.84790457 0.70282702 0.71142002
 0.69401608 0.83822034 0.83258357 0.84485921 0.81329072 0.8268827
 0.79885966 0.59552053 0.62648822 0.53473587 0.51014515 0.31691391
 0.61315477 0.59098204 0.49216998 0.44894911 0.71071396 0.52451168
 0.48977273 0.66624418 0.589635   0.49604178 0.51885361 0.71307921
 0.47729093 0.62095746 0.64357484 0.37275198 0.47045035 0.47652246
 0.54347796 0.64863567 0.52414119 0.52214368 0.6613754  0.49086447
 0.36036622 0.48287282 0.63386925 0.6207281  0.07765975 0.6846214
 0.54162778 0.63368395 0.60387578 0.70320585 0.5885148  0.53004377
 0.46185374 0.6101116  0.5550705  0.69554636 0.74734812 0.72760027
 0.54789273 0.47512316 0.46756849 0.5281258  0.54017185 0.68809916
 0.65020368 0.76574211 0.75194904 0.80705646 0.77675295 0.59856062
 0.68843587 0.69715145 0.22936958 0.73279407 0.67649035 0.26436273
 0.68266191 0.6185086  0.68911055 0.78404361 0.79149281 0.79949233
 0.52906027 0.78375387 0.61929214 0.72709824 0.6968993  0.76064091
 0.42691132 0.79827946 0.54270406 0.67814578 0.64661295 0.67772307
 0.61402398 0.77221989 0.73628318 0.6760106  0.82089394 0.81259571
 0.65143404 0.72235684 0.71542591 0.82268511 0.56279445 0.8358413
 0.84193968 0.7552043  0.77256941 0.73385105 0.7097552  0.8393818
 0.83327865 0.8230702  0.5059147  0.78044591 0.79415531 0.84661747
 0.63843413 0.88120584 0.87381656 0.50254745 0.79451683 0.78294034
 0.81649359 0.42916048 0.56818906 0.47203265 0.63165466 0.44306769
 0.55649759 0.48137467 0.53936725 0.58676335 0.46176209 0.47231978
 0.68216606 0.41966415 0.51411562 0.58188021 0.54068868 0.53804842
 0.67172387 0.55774347 0.51298979 0.60919476 0.50262474 0.48601992
 0.62527979 0.58726962 0.5273564  0.42496766 0.42542268 0.43760199
 0.59812311 0.52406586 0.53912728 0.5385378  0.52929506 0.52356639
 0.2984241  0.57568401 0.5764965  0.53879621 0.59919343 0.49784495
 0.63709848 0.68185771 0.62730615 0.67255318 0.62648204 0.56308128
 0.67319803 0.75990087 0.73064891 0.69209934 0.67151295 0.66742217
 0.76366714 0.71935545 0.7464417  0.71959256 0.7224203  0.66414261
 0.35725133 0.56528758 0.59925329 0.61060505 0.61034823 0.47609909
 0.62880969 0.52729339 0.58330485 0.57639196 0.65109817 0.38429103
 0.57688101 0.49501237 0.6339045  0.58035493 0.61024944 0.49798724
 0.16933795 0.61274961 0.61546022 0.40219737 0.52183662 0.59954623
 0.10252523 0.50239451 0.46229536 0.67190874 0.55335719 0.31205674
 0.31566604 0.51329113 0.51320751 0.45164038 0.61680729 0.47089579
 0.55071123 0.53855015 0.50273418 0.69047777 0.55842062 0.55367383
 0.68335204 0.50153718 0.63640473 0.43869988 0.61461607 0.16291929
 0.42379332 0.69568269 0.6883192  0.69708805 0.54640805 0.63458967
 0.474227   0.65781148 0.57109991 0.57518354 0.51401884 0.56155959]","[ 7.45268661e-01  5.31400250e-01  7.58211161e-01  7.66012470e-01
 -7.42956296e-01  5.49636500e-01  6.79235711e-01  6.03270717e-01
  5.21976720e-01  6.76179936e-01  6.22067840e-01  7.65894071e-01
  5.39294584e-01  5.09245358e-01  5.42474009e-01  2.67921135e-01
  7.17248890e-01  3.76354742e-01  6.61926438e-01 -3.64905177e-01
  5.22338659e-01  5.55503949e-01  5.77115193e-01  3.67670428e-01
  7.19186732e-01  5.37341956e-01  7.39737449e-01  4.40900423e-01
  3.88052959e-01  6.70901480e-01  6.21025974e-01  5.71420669e-01
  5.99945885e-01 -1.36157976e+00  5.94853413e-01  3.82950925e-01
  4.44018969e-01  4.46102342e-01  5.68043479e-01  5.36266702e-01
  6.02151729e-01  6.91259318e-01  7.13513211e-01  2.22876490e-01
  5.59158252e-01  5.61394882e-01  5.91980329e-01  4.28414849e-01
  7.49998946e-01  7.36244961e-01  7.85054992e-01  4.36132535e-01
  3.66528365e-01  4.33464712e-01  6.69885623e-01  5.31535504e-01
  7.69845745e-01  6.36736214e-01  6.75113455e-01 -1.46407271e-01
  4.76202683e-01  2.22682059e-01  4.65428017e-01  3.59780813e-01
  5.68090781e-01  5.49380200e-01  5.36718915e-01  6.10692481e-01
  5.48779665e-01  5.70750598e-01  6.74526889e-01  5.14654957e-01
  5.54421015e-01  5.10898935e-01  4.93870183e-01  4.66110869e-01
  6.30810572e-01  5.08792465e-01  7.37301165e-01  5.78257767e-01
  5.76504633e-01  5.33644115e-01  5.18232625e-01  5.57136386e-01
  5.69187388e-01  7.49650858e-01  6.60659841e-01  6.15055563e-01
  4.26029924e-01  5.35348426e-01  4.16689375e-01  5.97921436e-01
  7.20405644e-01  6.75958375e-01  7.12793819e-01  5.28865643e-01
  4.53426196e-01  5.24329692e-01  5.61726387e-01  6.39382810e-01
 -3.46338384e+01  7.00678334e-01  5.22590948e-01  3.40104386e-01
 -1.76918485e-01  4.44054504e-01  5.94230147e-01  7.38238411e-01
  5.63220499e-01  6.16759455e-01  6.69681054e-01  5.95080019e-01
  4.77389401e-01  6.11511166e-01  7.26234928e-01  5.21820454e-01
  4.44685329e-01  4.88015588e-01  4.07970461e-01  1.81585870e-01
  3.72483993e-01  5.32883824e-01  5.24978882e-01  3.78002166e-01
  3.39186060e-01  3.08127389e-01 -1.25804517e+00  6.93254168e-01
  4.54508919e-01  5.06004515e-01  2.86132172e-02  4.00163514e-01
  2.05777084e-01  5.46888015e-01  5.39309969e-01  4.73076028e-01
  4.63562355e-01  3.66179029e-01  2.14137705e-01  4.81600579e-01
  5.35109310e-01  4.96759638e-01  5.67788640e-01  5.53655097e-01
  3.13298208e-01  2.19518252e-01  5.90218445e-01  1.70684639e-01
  4.07577365e-01  3.42198403e-01  5.55628824e-01  5.88508627e-01
  6.78895810e-01  3.76836904e-01  5.51146242e-01  5.38192628e-01
  5.81667423e-01  3.05700665e-01  5.09851896e-01  3.35537394e-01
  5.23385448e-01  5.91382338e-01  5.20116267e-01  5.32514144e-01
  3.84573389e-01  5.06974756e-01  5.42977882e-01  4.89560874e-01
  4.80254416e-01  5.69077224e-01  7.05980499e-01  7.26868534e-01
  7.64625409e-01  4.55095443e-01  6.99609255e-01  6.87420013e-01
  6.32691728e-01  6.50587397e-01  2.95592627e-01  6.57050884e-01
  6.73079247e-01  3.75659235e-01  5.80480563e-01  7.10687325e-01
  4.29416522e-01  6.79574354e-01  6.96206773e-01  6.64778357e-01
  6.67689990e-01  3.05731288e-01  5.73812852e-01  5.86784976e-01
  5.82895417e-01  6.38721280e-01  6.78674034e-01  6.04024931e-01
  5.56877838e-01  4.53860580e-01  4.35159988e-01  4.52981729e-01
  6.48514111e-01  7.23916321e-01  7.28356027e-01  6.88024270e-01
  5.54697718e-01  4.10575536e-01  5.13152459e-01  7.01640047e-01
  5.67422301e-01  6.20812728e-01  7.21581390e-01  7.10199807e-01
  6.44666282e-01  5.00118303e-01  3.45917929e-01  5.12785511e-01
  5.66462280e-01  6.88074623e-01  7.02707070e-01  7.09573775e-01
  4.84770493e-01  4.81492285e-01  4.32800307e-01  6.67294298e-01
  6.68430463e-01  7.11046675e-01  6.48580288e-01  6.80661694e-01
  6.35184045e-01  3.54279740e-01  3.62670654e-01  2.81273889e-01
  2.30371143e-01 -1.89497565e-02  3.73012363e-01  3.37161329e-01
  2.35264673e-01  1.20883410e-01  4.82762084e-01  2.72897543e-01
  2.31767106e-01  4.24632969e-01  3.33014383e-01  2.44895262e-01
  2.61976891e-01  4.87283687e-01  1.87862633e-01  3.65608762e-01
  3.93326832e-01 -2.82031982e-03  2.12529776e-01  2.24654640e-01
  2.88721180e-01  4.12679855e-01  2.73785107e-01  2.66103061e-01
  4.07611916e-01  2.40565387e-01  1.19993605e-01  2.27628525e-01
  3.96336953e-01  3.77600939e-01 -1.79222151e+00  4.54559436e-01
  2.92494868e-01  3.98616386e-01  3.64364420e-01  4.88776012e-01
  3.45068682e-01  2.80080803e-01  1.88729265e-01  3.32666482e-01
  3.05395517e-01  4.77698363e-01  5.46931248e-01  5.12079039e-01
  2.99194167e-01  2.03165534e-01  2.08767654e-01  2.78450652e-01
  2.91475511e-01  4.71095139e-01  3.97381457e-01  5.83516662e-01
  5.61168453e-01  6.37677856e-01  5.99640707e-01  3.51907425e-01
  4.68096808e-01  4.79572501e-01 -5.16340465e+00  5.36176248e-01
  4.56684106e-01 -3.25609211e+00  4.65014569e-01  3.57436895e-01
  4.71851448e-01  6.12799350e-01  6.24750066e-01  6.39120909e-01
 -8.96374444e-02  6.13603603e-01  3.64602317e-01  5.24707263e-01
  4.85624691e-01  5.77987725e-01 -6.81248575e-01  6.35916565e-01
 -9.82929402e-02  4.31131527e-01  4.12114823e-01  4.59105779e-01
  3.75997560e-01  5.95565945e-01  5.27017474e-01  4.21765668e-01
  6.69659291e-01  6.56980295e-01  4.22855557e-01  5.04854032e-01
  5.08145972e-01  6.72910008e-01  4.81088260e-03  6.88895551e-01
  6.99842681e-01  5.67900591e-01  5.92137567e-01  4.98882081e-01
  4.96380136e-01  6.93578996e-01  6.82684166e-01  6.70934240e-01
 -3.56776051e-01  6.08391766e-01  6.05594052e-01  7.08657804e-01
  2.69679573e-01  7.64458787e-01  7.52335406e-01 -5.70764384e-02
  6.29877976e-01  6.05676543e-01  6.59447020e-01  1.60757721e-01
  3.09902923e-01  2.18645863e-01  3.82327746e-01  1.88856480e-01
  3.05999997e-01  2.27325050e-01  2.84541384e-01  3.38706021e-01
  1.99416164e-01  2.10799879e-01  4.59477532e-01  1.66054597e-01
  2.47622431e-01  3.32647372e-01  2.85507637e-01  2.79747266e-01
  4.35592954e-01  2.95328939e-01  2.32912399e-01  3.69993474e-01
  2.51230701e-01  2.23598374e-01  3.85698608e-01  3.41158024e-01
  2.73857440e-01  1.47395631e-01  1.42636991e-01  1.73025646e-01
  3.54530639e-01  2.68137598e-01  2.77958186e-01  2.78111148e-01
  2.74051713e-01  2.67063921e-01 -1.07199678e+00  3.26661972e-01
  3.29920236e-01  2.77379956e-01  3.50196564e-01  2.35512621e-01
  4.02341998e-01  4.59338414e-01  3.86136192e-01  4.45286925e-01
  3.66276444e-01  3.00027491e-01  4.33031299e-01  5.74280719e-01
  5.29417312e-01  4.67463882e-01  4.46970931e-01  4.18176620e-01
  5.82098628e-01  5.03678389e-01  5.55809830e-01  5.11485180e-01
  5.14411143e-01  4.27177980e-01 -7.44393019e-02  3.06845256e-01
  3.51925214e-01  3.66391207e-01  3.69068403e-01  1.24452426e-01
  3.72801096e-01  2.75148949e-01  3.30592188e-01  3.23855627e-01
  4.18924123e-01  2.21824719e-02  1.92330100e-01  2.40412136e-01
  3.95341519e-01  3.19923970e-01  3.57203089e-01  2.29934062e-01
 -2.50310708e+00  3.74495786e-01  3.77730730e-01  1.10998396e-01
 -4.75113576e-02  3.50270795e-01 -3.39921586e+00  2.42320555e-01
  1.36683797e-01  4.44253767e-01  2.95679332e-01 -9.52697188e+00
  1.49430794e-02  2.59545399e-01  2.42565066e-01  1.99237829e-01
  3.77207714e-01  1.88973971e-01  2.99742846e-01  2.87438953e-01
  2.41439507e-01  4.68930011e-01  2.97970107e-01  2.68392740e-01
  4.43313236e-01  2.33287725e-01  4.02526946e-01 -9.16283858e-02
  3.74212066e-01 -3.61700150e+00  1.30688472e-01  4.76013036e-01
  4.65733877e-01  4.85760187e-01  2.52593678e-01  3.63878086e-01
  1.77012558e-01  4.10783503e-01  3.17550610e-01  3.14436762e-01
  2.24271617e-01  2.40565789e-01]",0.4593298380782228,0.6580325409074049
TVSD,Model B (Qwen3),features/visual-blocks-14,monkeyF/V1,100000.0,0.5967240929603577,0.6135966037028567,0.2612619996070862,0.2716048853361799,"[ 0.77538604  0.67108774  0.8443504   0.8453266   0.52694935  0.71286976
  0.8083054   0.72362673  0.6224133   0.7604158   0.73067063  0.01143792
  0.6733174   0.6682064   0.6990655   0.5625963   0.83677423  0.57472616
  0.77469355  0.6874233   0.7036682   0.6800528   0.7211665   0.57272536
  0.8422302   0.6586684   0.8345403   0.5691855   0.61147857  0.80674225
  0.010939    0.7025667   0.575404    0.73492837  0.7162191   0.5334253
  0.5907293   0.6065175   0.71976334  0.6953775   0.75043744  0.8138317
  0.75718683  0.5777766   0.71856433  0.72131574  0.7417923   0.6400668
  0.8363446   0.83054495  0.86721385  0.63150096  0.57753277  0.66707623
  0.79883283  0.7104746   0.85989285  0.75687474  0.7630507   0.7466401
  0.66356725 -0.09604695  0.67762786  0.5493205   0.6981934   0.71857244
  0.72411907  0.7662961   0.713127    0.695305    0.7658437   0.6563114
  0.7059856   0.7058058   0.6999926   0.66798276  0.77321064  0.6610825
  0.83362496  0.7239664   0.7079043   0.69048566  0.72011286  0.7002483
  0.6945089   0.833947    0.7602396   0.7348051   0.61210024  0.67552555
  0.6195926   0.747903    0.8145631   0.78602964  0.8077026   0.64929956
  0.60856575  0.70439786  0.72317797  0.77779335  0.7064696   0.7581966
  0.6844716   0.64476687  0.7637239   0.8127639   0.6940392   0.7290594
  0.71806073  0.69543654  0.7825808   0.73161185  0.63683975  0.54215425
  0.8009918   0.60746586  0.23419768  0.62670076  0.59936076  0.30379117
  0.27733365  0.64286554  0.3157476   0.5506082   0.54996413  0.47370738
  0.2070583   0.68196106  0.4972334   0.50751513  0.5657053   0.30792356
  0.37326163  0.70371896  0.4037824   0.5553368   0.61752987  0.3354999
  0.27636763  0.65915656  0.6865024   0.63135207  0.7068698   0.65628374
  0.44315204  0.42755237  0.6583285   0.3756632   0.59642124  0.54317
  0.71623987  0.73500323  0.7914754   0.6161367   0.5627566   0.6797038
  0.7155153   0.48579     0.5492032   0.54777527  0.65852135  0.69608897
  0.60052824  0.6795896   0.61533433  0.6611235   0.69270915  0.64717
  0.62917286  0.6691982   0.8238683   0.8363552   0.7380303   0.64694864
  0.8011829   0.79754627  0.75330925  0.7801034   0.79097444  0.7682828
  0.79120487  0.55390906  0.6873141   0.8088757   0.59348655  0.44782558
  0.7965509   0.7553006   0.7777102   0.5075878   0.71136713  0.7460891
  0.72292805  0.72584736  0.7947986   0.72299504  0.6718393   0.6066597
  0.60927355  0.6037293   0.76993763  0.8179615   0.82177114  0.7816053
  0.7236492   0.60220474  0.67568123  0.8076835   0.7770712   0.7504662
  0.79710335  0.78639317  0.76228714  0.6134418   0.3730823   0.67519784
  0.70978695  0.81148547  0.79471076  0.8148626   0.61326325  0.6450707
  0.6268773   0.7868747   0.77606773  0.7614952   0.7520912   0.7957061
  0.75269103  0.45041826  0.4554042   0.37997606  0.4109688   0.38816583
  0.5347517   0.5280293   0.3974247   0.509681    0.65658784  0.26745403
  0.42879725  0.6221233   0.49632332  0.05754867  0.39209107  0.6631465
  0.47833735  0.55585766  0.6027952   0.38779786  0.25366303  0.37945113
  0.43705913  0.1839327   0.4400377   0.41426805  0.62104416  0.42162484
  0.27901727  0.38691956  0.5958963   0.28763407  0.22972858  0.6417425
  0.52484435  0.535132    0.4787487   0.69476545  0.5445295   0.48977134
  0.21920583  0.22218966  0.494928    0.6062044   0.72252333  0.7039975
  0.47607926  0.41181192  0.41365042  0.4645486   0.49899873  0.6519504
  0.6107638   0.7069935   0.6993291   0.7312225   0.4085321   0.52595276
  0.65971965  0.6114602   0.7738139   0.6801408   0.5859128   0.6408527
  0.6163567   0.5239557   0.5236757   0.7037866   0.7454978   0.73896426
  0.71122926  0.70747566  0.56557345  0.63834524  0.4869617   0.7091387
  0.74243385  0.74361384  0.72176886  0.5595993   0.5515502   0.60544205
  0.5536666   0.7321165   0.64281625  0.58256805  0.7655546   0.7498667
  0.29614082  0.64022577  0.6242753   0.77331144  0.7130575   0.78008974
  0.78228396  0.68292326  0.7004173   0.63228023  0.71864104  0.78050226
  0.7779967   0.7707616   0.64283866  0.09106909  0.29515308  0.80613184
  0.43779683  0.82538056  0.8206942   0.74235713  0.77394354  0.7292588
  0.77132654  0.4725924   0.5173262   0.13310479  0.55751115  0.41049585
  0.5358088   0.35073367  0.48867866  0.5514607   0.42736667  0.4300562
  0.6663368   0.3867206   0.41238967  0.4977518   0.50627774  0.47586948
  0.6271106   0.5015186   0.483066    0.5785454   0.45334888  0.4352267
  0.5518057   0.54328173  0.49780807  0.35882977  0.3773001   0.39945748
  0.58011425  0.4760137   0.5068844   0.5041995   0.45224026  0.4665216
  0.305078    0.5546049   0.5376226   0.5065207   0.55880344  0.4623099
  0.5927013   0.63393605  0.573927    0.61111593  0.57571787  0.51527935
  0.6111893   0.7035301   0.6836227   0.6330158   0.43207327  0.60042495
  0.7122055   0.6647368   0.68852556  0.65993154  0.6672181   0.59227943
  0.54742837  0.5072287   0.5405209   0.57716644  0.57839966  0.3665278
  0.53010476  0.468935    0.4394893   0.5352024   0.54116297  0.2759382
  0.49674863  0.3802386   0.53398013  0.51302004  0.5343257   0.44412827
  0.10762659  0.5478018   0.5844514   0.29307786  0.52487355  0.57014924
  0.4788436   0.45248306  0.4086082   0.6161979   0.4532201   0.11563887
  0.2558032   0.46978492  0.43371043  0.4214181   0.5629326   0.31733617
  0.3481757   0.47562858  0.17330836  0.66905594  0.5012574   0.49851638
  0.62185216  0.46503505  0.56100804  0.26991346  0.5550781   0.55348945
  0.33812034  0.65739125  0.6379333   0.6302679   0.43367246  0.34714165
  0.42965445  0.55889744  0.5022353   0.5136854   0.43691745  0.5051288 ]","[ 5.68451583e-01  4.29058969e-01  6.82413638e-01  6.81657434e-01
  2.33282924e-01  4.94097590e-01  6.29131496e-01  5.14479995e-01
  3.80271435e-01  5.63780308e-01  5.09967506e-01 -1.23679304e+00
  4.19889987e-01  4.13042724e-01  4.64422762e-01  3.07515562e-01
  6.31831050e-01  3.13012064e-01  5.88834643e-01  4.62741375e-01
  4.80413616e-01  4.55509543e-01  4.96171653e-01  3.22794080e-01
  6.38747633e-01  4.06294823e-01  6.72079921e-01  3.18875313e-01
  3.62083554e-01  6.39787912e-01 -2.97363400e-01  4.79479909e-01
  2.51295805e-01  5.13892174e-01  4.79815245e-01  2.71192074e-01
  3.36118579e-01  3.52420449e-01  5.09002924e-01  4.58157063e-01
  5.35846829e-01  6.33848190e-01  2.53648460e-01  3.29248607e-01
  5.08551836e-01  5.08593082e-01  5.25799513e-01  3.81641567e-01
  6.73276842e-01  6.61927521e-01  7.30440617e-01  3.90931666e-01
  3.17165375e-01  4.34919059e-01  6.15529060e-01  4.73999262e-01
  7.04555869e-01  5.40317893e-01  5.62719703e-01  5.53223848e-01
  4.25761402e-01 -9.66418147e-01  3.84649217e-01  2.90499270e-01
  4.63392615e-01  4.73890483e-01  4.73324776e-01  5.44783175e-01
  4.84190464e-01  4.63947654e-01  5.53199887e-01  3.99190545e-01
  4.59897161e-01  4.58703518e-01  4.49397862e-01  4.12367463e-01
  5.55405736e-01  3.82785320e-01  6.82730734e-01  4.79344249e-01
  4.68821883e-01  4.38644409e-01  4.82256472e-01  4.58910465e-01
  4.48662281e-01  6.75543547e-01  5.57558179e-01  5.13728380e-01
  3.30389023e-01  4.43353534e-01  3.53676260e-01  5.24500370e-01
  6.48409247e-01  5.95517278e-01  6.15625620e-01  4.05841470e-01
  3.47960234e-01  4.51122165e-01  4.69133437e-01  5.93634486e-01
  4.67486858e-01  5.62004387e-01  4.32525218e-01  3.53728592e-01
  5.70168376e-01  6.41255140e-01  4.80095685e-01  5.21788716e-01
  4.91003752e-01  4.80634153e-01  5.97993731e-01  5.13780117e-01
  3.97983551e-01  1.87011003e-01  6.16026759e-01  3.56874168e-01
 -1.55632591e+00  3.89994740e-01  3.58640015e-01 -3.17579031e-01
 -1.43200254e+00  4.12801147e-01 -4.84034181e-01  2.87285686e-01
  3.01476598e-01  2.05085456e-01 -1.23754382e-01  4.50478315e-01
  9.57500339e-02  1.18928134e-01  3.16483200e-01 -2.49627113e-01
  7.35687613e-02  4.80393767e-01 -1.11164999e+00  2.89368093e-01
  3.79022658e-01 -4.43108082e-02 -2.12185836e+00  4.21769440e-01
  4.53511357e-01  3.96740556e-01  4.90689754e-01  4.18557525e-01
  1.74098611e-01  5.11072874e-02  4.21168625e-01  8.81922841e-02
  3.50965261e-01  2.78977633e-01  5.01586795e-01  5.35261691e-01
  6.20879233e-01  3.28486264e-01  2.93050289e-01  4.48309004e-01
  5.05181074e-01  2.35315084e-01  2.70227730e-01  2.91222990e-01
  4.20445263e-01  4.73580718e-01  3.09491813e-01  4.43364799e-01
  3.56969893e-01  4.14648116e-01  4.56521094e-01  3.94694567e-01
  3.81259799e-01  4.46936846e-01  6.42600119e-01  6.68924749e-01
  5.34564972e-01  4.02397454e-01  6.17301941e-01  5.88836312e-01
  5.46601415e-01  5.81495643e-01  6.22404277e-01  5.79658270e-01
  6.08625293e-01  2.90769339e-01  4.50370491e-01  6.03076220e-01
  3.36277544e-01 -5.98057151e-01  6.23046875e-01  5.67114115e-01
  5.91744602e-01  2.24771261e-01  4.88300323e-01  5.03380299e-01
  5.01754642e-01  5.17317295e-01  6.02028072e-01  5.22258282e-01
  4.49027777e-01  3.41825485e-01  3.55558395e-01  3.61072004e-01
  5.55901766e-01  6.40139997e-01  6.60338521e-01  6.04101062e-01
  5.04963517e-01  3.40642869e-01  4.20871437e-01  6.08449757e-01
  5.07375002e-01  5.46189189e-01  6.06959760e-01  6.10925078e-01
  5.75640798e-01  3.66032004e-01 -7.98377991e-02  4.25303221e-01
  4.81073141e-01  6.29853249e-01  6.15162730e-01  6.48905158e-01
  3.67291272e-01  3.88167024e-01  3.53634536e-01  5.79413772e-01
  5.76206923e-01  5.75083971e-01  5.45827031e-01  6.26685858e-01
  5.59520006e-01  1.81762755e-01  1.98102951e-01  1.41710341e-01
  1.54094577e-01  1.33636355e-01  2.83393443e-01  2.66422331e-01
  1.31110728e-01  2.56089985e-01  4.12103653e-01 -6.54962063e-02
  1.69929206e-01  3.68651986e-01  2.34966874e-01 -1.42036986e+00
  1.45893097e-01  4.20464575e-01  2.27322638e-01  2.96499372e-01
  3.42073202e-01  1.00853205e-01  6.19363785e-03  1.36432111e-01
  1.76383913e-01 -1.14845157e+00  1.92599297e-01  3.32466364e-02
  3.61620367e-01  1.75244212e-01  6.17797375e-02  1.35989487e-01
  3.51505637e-01 -3.45281124e-01 -1.17283940e-01  3.97362232e-01
  2.75078773e-01  2.83908844e-01  2.11614370e-01  4.73143160e-01
  2.93852985e-01  2.37676680e-01 -3.34817886e-01 -1.35635376e-01
  2.44521379e-01  3.66850078e-01  5.02684832e-01  4.75007057e-01
  2.21447647e-01  1.34663939e-01  1.54595733e-01  2.13559747e-01
  1.72531784e-01  4.24809933e-01  3.61458421e-01  4.99544203e-01
  4.88007426e-01  5.30692101e-01 -5.06221294e-01  2.70260513e-01
  4.33003962e-01  3.60764861e-01  5.88583708e-01  4.62179422e-01
  3.33620429e-01  4.07661319e-01  3.79586637e-01  2.43068993e-01
  1.53017879e-01  4.95034814e-01  5.55101275e-01  5.45579374e-01
  5.05243957e-01  5.00454545e-01  2.98385859e-01  4.05455649e-01
  1.46566629e-01  4.99677837e-01  5.42900801e-01  5.49939513e-01
  5.14204979e-01  2.72406697e-01  2.96283960e-01  3.64299417e-01
  3.05631518e-01  5.29029667e-01  4.05044556e-01  2.90023208e-01
  5.76943636e-01  5.55418789e-01 -5.58697224e-01  3.90353858e-01
  3.76266003e-01  5.89245915e-01  4.80937123e-01  5.94010711e-01
  5.98045349e-01  4.56879735e-01  4.84352767e-01  3.62158656e-01
  5.00865340e-01  5.94478130e-01  5.89315653e-01  5.81016004e-01
  3.49867940e-01 -1.67024536e+01 -4.27566433e+00  6.35793924e-01
 -4.49625015e-01  6.66560769e-01  6.56310558e-01  5.30944884e-01
  5.97337782e-01  5.21791041e-01  5.82744539e-01  2.22466469e-01
  2.59433925e-01 -1.21941662e+00  2.93311119e-01  1.66883290e-01
  2.86235392e-01  9.35058594e-02  2.25124836e-01  2.95103014e-01
  1.71447992e-01  1.75307214e-01  4.34722364e-01  1.38307989e-01
  1.41564608e-01  2.47573197e-01  2.46519268e-01  2.04263270e-01
  3.79917979e-01  2.38454342e-01  2.28693962e-01  3.33388746e-01
  2.03251302e-01  1.79736495e-01  2.97024965e-01  2.91489661e-01
  2.43078768e-01  9.21112895e-02  9.69517827e-02  1.44339561e-01
  3.34821284e-01  2.21948087e-01  2.46605873e-01  2.43581116e-01
  1.90729022e-01  2.04817295e-01 -6.76315665e-01  3.06313634e-01
  2.85617411e-01  2.46361554e-01  3.06051135e-01  2.03624904e-01
  3.48835349e-01  3.88880491e-01  3.19401622e-01  3.56064022e-01
  3.08202386e-01  2.46682644e-01  3.52006257e-01  4.84881699e-01
  4.55057204e-01  3.79015863e-01 -2.57030129e-01  3.14538896e-01
  5.02094090e-01  4.15526211e-01  4.69124079e-01  4.19194520e-01
  4.26596344e-01  3.21656108e-01  2.92635441e-01  2.35945880e-01
  2.88321197e-01  3.27737689e-01  3.31329048e-01  3.39153409e-02
  2.57356465e-01  2.16628313e-01  1.46632552e-01  2.82131255e-01
  2.82688200e-01 -2.06882954e-02  1.48399830e-01  1.36348605e-01
  2.80924559e-01  2.47121453e-01  2.62780845e-01  1.67555809e-01
 -2.82905698e+00  2.99860537e-01  3.37082148e-01  1.20332241e-02
  2.60968149e-01  3.24478924e-01  2.26817846e-01  1.98515475e-01
  1.25841796e-01  3.73614788e-01  1.89824820e-01 -2.30801463e-01
 -3.98008823e-02  2.13373959e-01  1.66829348e-01  1.76680565e-01
  3.16006184e-01  6.06447458e-03  2.47766376e-02  2.20916927e-01
 -8.14182639e-01  4.29760337e-01  2.33988523e-01  2.07533836e-01
  3.69174540e-01  2.03230381e-01  3.11884999e-01 -6.40006304e-01
  3.01699936e-01  2.89405048e-01  6.08503819e-02  4.25331891e-01
  4.00713384e-01  3.96456003e-01 -9.85155106e-02 -5.80387712e-01
  1.27503276e-01  2.84179211e-01  2.42764831e-01  2.44903505e-01
  1.49716616e-01  2.09882140e-01]","[ 0.82268389  0.70880845  0.85466469  0.86631065  0.55999778  0.72830456
  0.81459485  0.73347827  0.65983157  0.77867383  0.7523059   0.01178348
  0.71749512  0.68874653  0.71802348  0.57352043  0.86065635  0.60720083
  0.81942488  0.70974629  0.73323752  0.69085171  0.73923117  0.5809455
  0.86644222  0.69387989  0.84977478  0.5792728   0.63747256  0.81133587
  0.01100343  0.71233791  0.58751885  0.76448313  0.74262652  0.54650931
  0.59857846  0.61947775  0.72543694  0.69906135  0.75942351  0.82949291
  0.77222969  0.5855411   0.72191832  0.72555144  0.75278701  0.64749809
  0.8580493   0.84274494  0.88505155  0.64122108  0.58361079  0.68360982
  0.80880888  0.71956218  0.86834374  0.78598858  0.78938625  0.76723185
  0.67223384 -0.09872249  0.69049189  0.55979031  0.70697678  0.72416844
  0.73238989  0.77048303  0.71679461  0.7233821   0.78802058  0.66199863
  0.71055132  0.70940377  0.70346552  0.67155134  0.77850621  0.6878033
  0.84661281  0.73027634  0.71329069  0.69423862  0.72327578  0.70498218
  0.71065489  0.85048472  0.78397661  0.74197551  0.61527768  0.67818456
  0.62248109  0.75733613  0.82993016  0.79788979  0.82387246  0.65809624
  0.61139746  0.71043043  0.73141133  0.79975224  0.77681035  0.79928416
  0.68902851  0.65005227  0.7723168   0.8291921   0.72687621  0.80870219
  0.72971966  0.71709279  0.80044294  0.76248655  0.64367709  0.56732407
  0.82677297  0.63779679  0.2430998   0.65619201  0.62768103  0.32436804
  0.28880232  0.68146875  0.32013888  0.59138916  0.5732695   0.52130575
  0.22176127  0.68812985  0.50253235  0.51835048  0.57830249  0.31640038
  0.42199847  0.71026607  0.40833976  0.61157523  0.64841093  0.3476155
  0.29554883  0.6650202   0.72347631  0.65646265  0.72639828  0.68918232
  0.48960821  0.47584012  0.71121439  0.41487504  0.61734631  0.55717163
  0.72787509  0.74343763  0.80355135  0.62527958  0.5741276   0.69042717
  0.72903434  0.4913658   0.57387015  0.55807037  0.66573422  0.70921692
  0.62271447  0.68578804  0.62331506  0.66446032  0.69444323  0.65123633
  0.63134623  0.69060933  0.82837647  0.83946016  0.81062842  0.64875031
  0.80301691  0.79960719  0.76044833  0.7920108   0.80856074  0.77802118
  0.80798385  0.55543713  0.68984175  0.81235627  0.60116511  0.4544854
  0.80746545  0.77250038  0.78875554  0.50952404  0.71392411  0.74810445
  0.73647562  0.75468605  0.81561749  0.74169259  0.69132492  0.60874763
  0.61242666  0.62180184  0.77863644  0.83087447  0.84561401  0.80486658
  0.72933699  0.60409923  0.67841698  0.81422174  0.7802401   0.76084121
  0.82467937  0.81046002  0.76874455  0.61592547  0.37450968  0.6772091
  0.71320967  0.81882642  0.81015485  0.81928516  0.65531097  0.65114832
  0.63234016  0.79118896  0.77922567  0.79299884  0.78190561  0.8017128
  0.75660178  0.5095216   0.50123966  0.41478438  0.42422494  0.40982047
  0.60045792  0.55648437  0.43436833  0.56718459  0.6622344   0.28125727
  0.46047162  0.62994452  0.55526271  0.06144901  0.42031378  0.6687964
  0.48675288  0.57151441  0.61037751  0.42253986  0.26003681  0.4017352
  0.45572331  0.18493671  0.44588361  0.41845514  0.62551015  0.43258719
  0.2866451   0.41238029  0.59868783  0.28921074  0.23193286  0.6530209
  0.52745569  0.53964656  0.48203709  0.6990682   0.54755     0.4919592
  0.2200946   0.22384828  0.49997154  0.65043527  0.725215    0.70716391
  0.4830852   0.41369017  0.41642408  0.4667234   0.50368051  0.65566757
  0.61472408  0.7231416   0.72368374  0.79177229  0.4204481   0.55380903
  0.66325379  0.61717121  0.793579    0.69704422  0.61815746  0.67808354
  0.6493529   0.56160437  0.53285963  0.74025593  0.75353379  0.76348952
  0.72677685  0.73166789  0.58348012  0.67971595  0.49072908  0.71550647
  0.76487326  0.77779792  0.75637506  0.61207764  0.59199696  0.62606521
  0.56804859  0.74407798  0.69588297  0.61931618  0.78344638  0.77455274
  0.31451997  0.70623749  0.6301363   0.78557366  0.72532075  0.79690435
  0.79946781  0.70309579  0.72534909  0.68823648  0.72433325  0.78752492
  0.79292857  0.78656077  0.66937206  0.09538327  0.31055696  0.81395057
  0.4431762   0.83674851  0.83605865  0.75890788  0.79843058  0.75238989
  0.78013445  0.47713557  0.52240225  0.13490105  0.5661439   0.42145768
  0.54851195  0.36456429  0.50202392  0.55862321  0.43949059  0.43852366
  0.67498652  0.39529481  0.44154932  0.50485066  0.51771701  0.48071465
  0.63039381  0.53325633  0.49280171  0.58398967  0.46489429  0.44574953
  0.58219242  0.54805927  0.50590129  0.38382751  0.39149098  0.41025589
  0.60066458  0.48634082  0.51836367  0.51567467  0.47271907  0.47602511
  0.31219925  0.56784189  0.54780328  0.51447763  0.57792897  0.47782816
  0.59872743  0.64692     0.58499607  0.61966065  0.6475501   0.53897604
  0.63974433  0.71883902  0.68897572  0.64053448  0.43673953  0.61089897
  0.72063117  0.67076467  0.69287336  0.66295467  0.67103347  0.59841771
  0.55363443  0.51576266  0.55057677  0.58991994  0.59829284  0.41606307
  0.57326036  0.48991473  0.47163751  0.55807907  0.56730802  0.31352253
  0.56160406  0.4182928   0.57223621  0.53830757  0.55535172  0.45769502
  0.11129954  0.56411327  0.59550615  0.31745992  0.57955531  0.58153305
  0.48621586  0.46647508  0.43400792  0.63197748  0.48422652  0.13138857
  0.26310784  0.48064687  0.45117085  0.44704895  0.57827305  0.33976007
  0.36224596  0.49997706  0.18140893  0.67509885  0.51825808  0.523039
  0.63178296  0.48988611  0.58336392  0.29823625  0.57211539  0.57022768
  0.35537101  0.66496382  0.64807652  0.6433906   0.46516597  0.37162066
  0.46275945  0.60633324  0.5273762   0.53769189  0.48250163  0.56589314]","[ 6.39916813e-01  4.78647889e-01  6.99187728e-01  7.15919863e-01
  2.63461903e-01  5.15725263e-01  6.38960196e-01  5.28583728e-01
  4.27368187e-01  5.91178739e-01  5.40615054e-01 -1.31265349e+00
  4.76797294e-01  4.38826223e-01  4.89953706e-01  3.19573755e-01
  6.68411512e-01  3.49384678e-01  6.58797237e-01  4.93282956e-01
  5.21637555e-01  4.70090918e-01  5.21340443e-01  3.32126496e-01
  6.76000305e-01  4.50895848e-01  6.96841423e-01  3.30277907e-01
  3.93522266e-01  6.47094611e-01 -3.00876131e-01  4.92909766e-01
  2.61989031e-01  5.56055047e-01  5.15849631e-01  2.84659013e-01
  3.45110098e-01  3.67642624e-01  5.17059074e-01  4.63024176e-01
  5.48756598e-01  6.58478221e-01  2.63826928e-01  3.38157322e-01
  5.13310377e-01  5.14583722e-01  5.41501596e-01  3.90554857e-01
  7.08675862e-01  6.81516638e-01  7.60798485e-01  4.03058797e-01
  3.23876276e-01  4.56745310e-01  6.30998852e-01  4.86202511e-01
  7.18472457e-01  5.82684955e-01  6.02232894e-01  5.84159614e-01
  4.36955433e-01 -1.02101016e+00  3.99392134e-01  3.01678360e-01
  4.75125089e-01  4.81300230e-01  4.84199067e-01  5.50752692e-01
  4.89183624e-01  5.02173518e-01  5.85702297e-01  4.06138850e-01
  4.65864844e-01  4.63392105e-01  4.53868186e-01  4.16785242e-01
  5.63039510e-01  4.14354873e-01  7.04170309e-01  4.87736366e-01
  4.75983516e-01  4.43425656e-01  4.86502164e-01  4.65136176e-01
  4.69765815e-01  7.02602153e-01  5.92919078e-01  5.23803466e-01
  3.33828051e-01  4.46850673e-01  3.56981552e-01  5.37814634e-01
  6.73105028e-01  6.13624002e-01  6.40521477e-01  4.16912605e-01
  3.51205950e-01  4.58882214e-01  4.79876391e-01  6.27626983e-01
  5.65213423e-01  6.24566180e-01  4.38303506e-01  3.59551658e-01
  5.83070827e-01  6.67440152e-01  5.26599794e-01  6.42016358e-01
  5.07077743e-01  5.11034637e-01  6.25603287e-01  5.58059124e-01
  4.06575213e-01  2.04778256e-01  6.56320551e-01  3.93401502e-01
 -1.67689003e+00  4.27563064e-01  3.93332774e-01 -3.62057590e-01
 -1.55288757e+00  4.63865950e-01 -4.97591324e-01  3.31417423e-01
  3.27568817e-01  2.48370267e-01 -1.41953699e-01  4.58664925e-01
  9.78017025e-02  1.24060530e-01  3.30735102e-01 -2.63560252e-01
  9.40347765e-02  4.89374122e-01 -1.13688527e+00  3.50943781e-01
  4.17878372e-01 -4.75689011e-02 -2.42661301e+00  4.29306662e-01
  5.03677657e-01  4.28927040e-01  5.18176573e-01  4.61572713e-01
  2.12513824e-01  6.33032936e-02  4.91554638e-01  1.07564241e-01
  3.76024070e-01  2.93545794e-01  5.18015580e-01  5.47616778e-01
  6.39969900e-01  3.38307409e-01  3.05012620e-01  4.62566146e-01
  5.24451304e-01  2.40747869e-01  2.95046892e-01  3.02272576e-01
  4.29706076e-01  4.91612235e-01  3.32782293e-01  4.51489381e-01
  3.66289556e-01  4.18844277e-01  4.58809597e-01  3.99670062e-01
  3.83898334e-01  4.75994023e-01  6.49651954e-01  6.73900709e-01
  6.44904998e-01  4.04641838e-01  6.20131304e-01  5.91883441e-01
  5.57010742e-01  5.99382894e-01  6.50388673e-01  5.94446387e-01
  6.34713094e-01  2.92375842e-01  4.53689139e-01  6.08277454e-01
  3.45035392e-01 -6.15977392e-01  6.40238111e-01  5.93236986e-01
  6.08672330e-01  2.26489358e-01  4.91816980e-01  5.06103456e-01
  5.20736474e-01  5.59241038e-01  6.33980072e-01  5.49620069e-01
  4.75452168e-01  3.44182436e-01  3.59248078e-01  3.83012810e-01
  5.68533959e-01  6.60510995e-01  6.99212520e-01  6.40593308e-01
  5.12932604e-01  3.42789508e-01  4.24286451e-01  6.18340449e-01
  5.11521626e-01  5.61395401e-01  6.49682101e-01  6.48890904e-01
  5.85434726e-01  3.69001921e-01 -8.04498684e-02  4.27840755e-01
  4.85723973e-01  6.41300495e-01  6.39304719e-01  6.55967958e-01
  4.19383754e-01  3.95515854e-01  3.59824805e-01  5.85784769e-01
  5.80905816e-01  6.23651620e-01  5.89960113e-01  6.36183154e-01
  5.65349297e-01  2.32593786e-01  2.39987016e-01  1.68862746e-01
  1.64195794e-01  1.48962623e-01  3.57314451e-01  2.95910575e-01
  1.56619140e-01  3.17135295e-01  4.19222195e-01 -7.24311465e-02
  1.95961070e-01  3.77979501e-01  2.94085960e-01 -1.61942445e+00
  1.67651753e-01  4.27659681e-01  2.35391706e-01  3.13437502e-01
  3.50732940e-01  1.19733106e-01  6.50880284e-03  1.52927183e-01
  1.91770167e-01 -1.16102348e+00  1.97750661e-01  3.39220934e-02
  3.66839962e-01  1.84475463e-01  6.52038053e-02  1.54475554e-01
  3.54806672e-01 -3.49076805e-01 -1.19545452e-01  4.11451928e-01
  2.77822869e-01  2.88719365e-01  2.14531383e-01  4.79021752e-01
  2.97122025e-01  2.39804883e-01 -3.37538431e-01 -1.37667938e-01
  2.49530338e-01  4.22336509e-01  5.06437180e-01  4.79289606e-01
  2.28013218e-01  1.35895132e-01  1.56675910e-01  2.15564013e-01
  1.75784475e-01  4.29667925e-01  3.66161129e-01  5.22624484e-01
  5.22589749e-01  6.22220217e-01 -5.36182705e-01  2.99646487e-01
  4.37655629e-01  3.67535370e-01  6.19035446e-01  4.85437838e-01
  3.71351219e-01  4.56404044e-01  4.21316314e-01  2.79255272e-01
  1.58432039e-01  5.47668206e-01  5.67133022e-01  5.82394462e-01
  5.27574827e-01  5.35265954e-01  3.17579404e-01  4.59713254e-01
  1.48843230e-01  5.08691944e-01  5.76214147e-01  6.01663351e-01
  5.64695603e-01  3.25894112e-01  3.41331982e-01  3.89540354e-01
  3.21715867e-01  5.46457656e-01  4.74680654e-01  3.27766289e-01
  6.04226252e-01  5.92590108e-01 -6.30197106e-01  4.75000119e-01
  3.83364274e-01  6.08081150e-01  4.97621780e-01  6.19894157e-01
  6.24607545e-01  4.84269458e-01  5.19448174e-01  4.29096564e-01
  5.08831267e-01  6.05224023e-01  6.12153838e-01  6.05079605e-01
  3.79345856e-01 -1.83224108e+01 -4.73359934e+00  6.48186961e-01
 -4.60742313e-01  6.85048257e-01  6.81114535e-01  5.54883468e-01
  6.35734452e-01  5.55417024e-01  5.96129442e-01  2.26764290e-01
  2.64550103e-01 -1.25255109e+00  3.02464962e-01  1.75915156e-01
  2.99968622e-01  1.01025771e-01  2.37588534e-01  3.02818556e-01
  1.81313552e-01  1.82278480e-01  4.46081920e-01  1.44508995e-01
  1.62292179e-01  2.54685249e-01  2.57785251e-01  2.08443949e-01
  3.83906482e-01  2.69589620e-01  2.38005053e-01  3.39692841e-01
  2.13735503e-01  1.88532826e-01  3.30638731e-01  2.96638831e-01
  2.51046826e-01  1.05392120e-01  1.04381961e-01  1.52248812e-01
  3.58963292e-01  2.31682894e-01  2.57901989e-01  2.54794695e-01
  2.08393703e-01  2.13246967e-01 -7.08257797e-01  3.21109972e-01
  2.96537035e-01  2.54162539e-01  3.27359381e-01  2.17524411e-01
  3.55964771e-01  4.04973325e-01  3.31840754e-01  3.66090714e-01
  3.89909070e-01  2.69893260e-01  3.85666381e-01  5.06213530e-01
  4.62211611e-01  3.88072886e-01 -2.62611808e-01  3.25608467e-01
  5.14044253e-01  4.23096401e-01  4.75067507e-01  4.23043951e-01
  4.31489144e-01  3.28357831e-01  2.99308126e-01  2.43952127e-01
  2.99148853e-01  3.42381582e-01  3.54512102e-01  4.37019382e-02
  3.00964662e-01  2.36445409e-01  1.68869200e-01  3.06765552e-01
  3.10662901e-01 -2.67078251e-02  1.89679561e-01  1.65005757e-01
  3.22619182e-01  2.72083856e-01  2.83868887e-01  1.77948777e-01
 -3.02544478e+00  3.17983839e-01  3.49954424e-01  1.41186701e-02
  3.18176350e-01  3.37565609e-01  2.33855767e-01  2.10982592e-01
  1.41973102e-01  3.92994848e-01  2.16686483e-01 -2.97951788e-01
 -4.21064217e-02  2.23354915e-01  1.80532252e-01  1.98825717e-01
  3.33463780e-01  6.95182274e-03  2.68196153e-02  2.44114316e-01
 -8.92072495e-01  4.37558581e-01  2.50129605e-01  2.28453695e-01
  3.81059920e-01  2.25531659e-01  3.37237183e-01 -7.81368724e-01
  3.20504633e-01  3.07173686e-01  6.72178625e-02  4.35187230e-01
  4.13557462e-01  4.13136928e-01 -1.13343548e-01 -6.65126821e-01
  1.47908560e-01  3.34465113e-01  2.67677806e-01  2.68328946e-01
  1.82586550e-01  2.63414744e-01]",0.3699896148749908,0.5960098908619923
TVSD,Model B (Qwen3),features/visual-blocks-18,monkeyF/V1,100000.0,0.5720755457878113,0.5879233410983661,0.2465188205242157,0.2518077796296233,"[ 0.51970404  0.5729609   0.82815593  0.81379765  0.5142383   0.7083984
  0.8014836   0.73528737  0.54615456  0.7186462   0.72070956  0.80980575
  0.64525115  0.6637      0.6670953   0.57764614  0.794986    0.53300095
  0.73917425  0.670011    0.6724072   0.6577084   0.70156866  0.5238616
  0.78698695  0.6268615   0.8079266   0.5391512   0.59199786  0.79007363
  0.7469023   0.6437182   0.59308517  0.6691327   0.6672719   0.5637639
  0.6019242   0.6019855  -0.27654943  0.663277    0.6874113   0.78768444
  0.7706595   0.6043835   0.711831    0.7051375   0.7111739   0.60650826
  0.75913274  0.8150055   0.8511588   0.6137921   0.5903057   0.67326677
  0.78975147  0.6853307   0.82398224  0.48048717  0.74170434  0.7296203
  0.67247564  0.45017236  0.66035753  0.54749274  0.63514733  0.6743453
  0.6873997   0.741026    0.6951164   0.66298085  0.72543716  0.5647283
  0.67232144  0.6812705   0.6753287   0.6463028   0.74354535  0.58335143
  0.7890628   0.6638034   0.65191615  0.66173416  0.683219    0.66754305
  0.69615424  0.7967647   0.70629704  0.7024812   0.5902222   0.64832526
  0.6085611   0.7191401   0.73821366  0.75892824  0.75327516  0.60535127
  0.59998196  0.66353697  0.7063188   0.7268243   0.51037353  0.68975925
  0.66033566  0.7553894   0.76525706  0.31753287  0.66359514  0.69329906
  0.6758855   0.6031505   0.7461205   0.6872767   0.60543686  0.647653
  0.75081176  0.5950427   0.5296561   0.04723409  0.6050345   0.37949002
  0.5126327   0.559576    0.6638189   0.4756198   0.5793132   0.43509063
  0.35354677  0.7565212   0.5922228   0.6286578   0.41429424  0.55358464
  0.3862822   0.6449546   0.6711123   0.52555954  0.33600724  0.5021883
  0.2281257   0.6288451   0.6826997   0.636929    0.69283485  0.537223
  0.37558872  0.35252103  0.31563357  0.30331558  0.5926973   0.543167
  0.67250174  0.68759185  0.77107763  0.5770882   0.6579155   0.6533845
  0.6911863   0.49152973  0.5690711   0.5242153   0.62442535  0.65276927
  0.59118634  0.64621437  0.5885747   0.6299557   0.6697013   0.60866493
  0.5749411   0.63236874  0.7964769   0.8087146   0.64768463  0.5941266
  0.74638075  0.75703007  0.70381105  0.76303554  0.7583847   0.7197131
  0.74793     0.5313726   0.6504918   0.7696461   0.5535948   0.13059694
  0.77510375  0.7292749   0.75519186  0.4675946   0.6804999   0.70651054
  0.7061927   0.6774663   0.76066893  0.66920376  0.6429186   0.57685924
  0.6122269   0.5734776   0.72936654  0.7923604   0.7813267   0.7613177
  0.6911703   0.48259088  0.41906205  0.77467436  0.74920595  0.71782607
  0.7738805   0.768431    0.73866946  0.6301126   0.45915252  0.62131035
  0.6852931   0.7877649   0.77784956  0.7935724   0.5727542   0.60781217
  0.59379363  0.7595592   0.7528876   0.7148657   0.67503786  0.7715168
  0.7219301   0.41835067  0.09927826  0.38881814  0.34556878  0.2950915
  0.5331401   0.5300735   0.3252259   0.49827424  0.52862674  0.34516215
  0.4410308   0.58853734  0.44428292  0.37931222  0.38471603  0.6151269
  0.45417294  0.5477534   0.5627883   0.4023778   0.25155348  0.3572167
  0.41411787  0.65387565  0.40131843  0.53301984  0.5667621   0.41385686
  0.24926168  0.34290037  0.5447196   0.654304    0.45128322  0.6001222
  0.50095236  0.536898    0.53436863  0.6456481   0.42660737  0.41034874
  0.3998505   0.3777998   0.47995684  0.5531145   0.68696195  0.66230565
  0.4607174   0.43625396  0.38582227  0.4692309   0.5030687   0.6259262
  0.6068557   0.66476     0.66128665  0.6812473   0.63195235  0.5009413
  0.62890345  0.5575593   0.7501683   0.645321    0.56323284  0.5603332
  0.5461904   0.47817704  0.6006685   0.66979814  0.7149841   0.66686726
  0.6321727   0.64749986  0.5158197   0.59276575  0.62544155  0.6682565
  0.6612179   0.51393044  0.6536781   0.5084241   0.5174941   0.56505734
  0.51223254  0.61592823  0.57621807  0.5376484   0.72940564  0.71278226
  0.52203596  0.5994052   0.5729632   0.72191864  0.50585586  0.7410535
  0.7424472   0.6472274   0.66836125  0.55034846  0.69442457  0.6437594
  0.73964876  0.726125    0.71186745  0.66886604  0.6786768   0.77083874
  0.79435843  0.80131197  0.7910951   0.702887    0.7335849   0.7096613
  0.73347586  0.42610535  0.4476036   0.22448069  0.49876368  0.352888
  0.5137254   0.43832028  0.45310956  0.49940446  0.40264666  0.38332096
  0.61129457  0.35488844  0.36547986  0.46915534  0.4906649   0.4692533
  0.5629073   0.48763242  0.3831565   0.5394126   0.40614486  0.37565497
  0.5150039   0.49611562  0.48353282  0.33794194  0.31720412  0.32642862
  0.5259312   0.43461958  0.4599695   0.45851922  0.46147165  0.4297891
  0.43253523  0.50527364  0.51299685  0.4928929   0.51640266  0.45226908
  0.5353209   0.31123286  0.5571482   0.5864604   0.5582377   0.49183378
  0.5536449   0.67933     0.6615523   0.6108024   0.568061    0.5491516
  0.66558546  0.6244902   0.67476964  0.63353646  0.63937664  0.55702657
  0.49860343  0.44893324  0.47976163  0.5405491   0.5361545   0.28496948
  0.47405776  0.41391474  0.42764968  0.4383853   0.46633762  0.2187454
  0.42412525  0.2788046   0.46345776  0.47412717  0.49471784  0.41339564
  0.27899837  0.47378048  0.53175336  0.23323959  0.46912175  0.50028145
  0.4028673   0.3922613   0.39063567  0.54896235  0.39793554  0.2152049
  0.29664993  0.42190045  0.3933714   0.27488676  0.533707    0.3393379
  0.164228    0.4123654   0.23722075  0.6152347   0.47503236  0.4189596
  0.58609045  0.40626812  0.52020776  0.13902754  0.5481934   0.5067705
  0.3363253   0.6070064   0.32412103  0.59181595  0.4235565   0.4818216
  0.04803865  0.5044179   0.44741878  0.49918458  0.36355728  0.4641143 ]","[-4.13250446e-01  2.64865398e-01  6.47879004e-01  6.34194672e-01
  1.90978229e-01  4.83392119e-01  6.17368221e-01  5.30128956e-01
  2.84646749e-01  4.96830165e-01  4.90107119e-01  6.46592140e-01
  3.62099469e-01  3.96919608e-01  4.28221524e-01  3.24311197e-01
  5.56940198e-01  1.79137528e-01  5.43855906e-01  4.08453882e-01
  4.28393483e-01  4.24237967e-01  4.75188673e-01  2.70966411e-01
  5.50400555e-01  3.60243678e-01  6.30106091e-01  2.81295776e-01
  3.33602607e-01  6.15682244e-01  5.45884013e-01  4.11205947e-01
  2.87876487e-01  4.08862293e-01  4.06060994e-01  2.93876946e-01
  3.52806330e-01  3.31651688e-01 -1.71632433e+00  4.21970487e-01
  4.55094397e-01  5.87997913e-01  5.79289973e-01  3.57630730e-01
  4.99325812e-01  4.88058627e-01  4.86943066e-01  3.54632437e-01
  5.56036890e-01  6.35033190e-01  7.00432777e-01  3.66584361e-01
  3.31182897e-01  4.45263386e-01  6.04373097e-01  4.47340012e-01
  6.43353462e-01 -1.19275427e+00  4.83419597e-01  5.28139412e-01
  4.35347736e-01  1.16686702e-01  3.65522802e-01  2.86878765e-01
  3.75938475e-01  4.20523643e-01  4.21533346e-01  5.06100774e-01
  4.60550606e-01  4.15683687e-01  4.92711008e-01  2.94905663e-01
  4.05646920e-01  4.23549533e-01  4.13568079e-01  3.76360059e-01
  5.09143710e-01  2.86832809e-01  6.09641552e-01  4.12438214e-01
  3.92400384e-01  3.94923151e-01  4.30419683e-01  4.02458191e-01
  4.40592170e-01  6.16296053e-01  4.79228973e-01  4.66646135e-01
  2.95440793e-01  4.07092690e-01  3.36832941e-01  4.79430556e-01
  5.38210273e-01  5.53190827e-01  5.35226226e-01  3.42252254e-01
  3.25764775e-01  3.88337672e-01  4.35954332e-01  5.08573174e-01
 -5.85658550e-02  4.69396651e-01  4.04267132e-01  5.40800691e-01
  5.61251163e-01 -1.93528414e+00  4.39744174e-01  4.79345500e-01
  4.32592213e-01  3.52417052e-01  5.42414308e-01  4.59328473e-01
  3.60273659e-01  4.09560323e-01  5.43231249e-01  3.47218037e-01
  2.63827920e-01 -3.52199411e+00  3.65976870e-01  1.64311528e-02
  2.61773169e-01  3.09017181e-01  4.38872576e-01  1.71180308e-01
  3.35469544e-01  1.38727427e-01  9.78199840e-02  5.62512636e-01
  3.49562347e-01  3.92531753e-01 -1.69193506e-01  3.06183636e-01
  6.56357408e-02  4.05771971e-01  4.47287202e-01  2.34006882e-01
 -4.44766521e-01  2.43235171e-01 -6.71757460e-02  3.84697676e-01
  4.53539491e-01  4.01926994e-01  4.75163698e-01  2.37294734e-01
  8.42920542e-02 -3.80337596e-01 -2.08555102e+00 -4.69136238e-02
  3.46136153e-01  2.76987553e-01  4.45278108e-01  4.70203698e-01
  5.91670394e-01  2.97891200e-01  4.25693750e-01  4.16266918e-01
  4.71427560e-01  2.40323484e-01  3.13166678e-01  2.71729529e-01
  3.82319629e-01  4.22631145e-01  3.32665265e-01  4.03209686e-01
  3.31824958e-01  3.72549474e-01  4.27151620e-01  3.58141541e-01
  3.25659633e-01  3.89120340e-01  6.10485911e-01  6.35541141e-01
  4.13708866e-01  3.40508401e-01  5.35995603e-01  5.32636642e-01
  4.82289433e-01  5.66282272e-01  5.74869394e-01  5.12354970e-01
  5.49937665e-01  2.70783901e-01  4.01051998e-01  5.45658469e-01
  2.91207850e-01 -4.00795412e+00  5.92033505e-01  5.30410528e-01
  5.62842727e-01  1.81469202e-01  4.50395584e-01  4.58208740e-01
  4.81196821e-01  4.40235734e-01  5.54354906e-01  4.46212888e-01
  4.09345567e-01  3.05740535e-01  3.58186662e-01  3.23263347e-01
  5.13756692e-01  6.05845451e-01  6.06011510e-01  5.74753463e-01
  4.58103657e-01  2.24115252e-01  7.74722099e-02  5.70021272e-01
  4.81007814e-01  5.04638612e-01  5.78258872e-01  5.85314870e-01
  5.43306887e-01  3.83963883e-01  2.08507836e-01  3.70170653e-01
  4.52748358e-01  6.01917326e-01  5.96302509e-01  6.18221819e-01
  2.97813475e-01  3.43352139e-01  3.22292268e-01  5.40439963e-01
  5.43977261e-01  5.05582154e-01  4.50697780e-01  5.91027260e-01
  5.14750004e-01  1.31512403e-01 -4.71475172e+00  1.43422723e-01
  1.09145999e-01  6.36368990e-03  2.76695132e-01  2.74981439e-01
  4.15980816e-02  2.44886279e-01  2.70948470e-01  9.51026082e-02
  1.70553684e-01  3.36437225e-01  1.80393338e-01  1.26208961e-01
  1.39386714e-01  3.70537102e-01  2.01968849e-01  2.94034123e-01
  3.07142258e-01  1.14654005e-01 -2.91954279e-02  1.07324004e-01
  1.48706615e-01  4.15763795e-01  1.47981465e-01  2.76952386e-01
  3.08695912e-01  1.69084549e-01  2.52500772e-02  8.76215100e-02
  2.95938611e-01  4.07854080e-01  2.03121483e-01  3.54821682e-01
  2.50924647e-01  2.84213901e-01  2.82666564e-01  4.11932528e-01
  1.20424390e-01  1.48633778e-01  1.35793030e-01  1.34101629e-01
  2.29871511e-01  2.99105823e-01  4.54778373e-01  4.24106419e-01
  2.04346776e-01  1.67470038e-01  1.27609134e-01  2.17263222e-01
  2.50439763e-01  3.91566277e-01  3.60034525e-01  4.39851582e-01
  4.36753869e-01  4.55637157e-01  3.92685950e-01  2.37042248e-01
  3.92905772e-01  2.92166710e-01  5.55440307e-01  4.16290343e-01
  3.00194621e-01  2.79364884e-01  2.88206220e-01  1.64092660e-01
  3.53828669e-01  4.47651505e-01  5.10953188e-01  4.36649919e-01
  3.96359563e-01  4.13866520e-01  2.29757607e-01  3.44149828e-01
  3.87508035e-01  4.40795481e-01  4.19132233e-01  9.77879167e-02
  4.20922399e-01  1.87089801e-01  2.48222828e-01  3.12395394e-01
  2.54838765e-01  3.47571254e-01  3.11901867e-01  2.00808764e-01
  5.22705257e-01  5.02875686e-01  2.66285419e-01  3.26396406e-01
  2.94022501e-01  5.10589957e-01  3.27128768e-02  5.36489725e-01
  5.37232101e-01  4.01768804e-01  4.37907100e-01  2.35465586e-01
  4.61789727e-01  3.96963596e-01  5.31506598e-01  5.14428854e-01
  4.92391586e-01  4.42663252e-01  4.21334088e-01  5.82753420e-01
  6.07737303e-01  6.26130581e-01  6.11455917e-01  4.76684272e-01
  5.36221385e-01  4.82622504e-01  5.21936417e-01  1.74955487e-01
  1.98315799e-01 -2.02851534e-01  2.35967934e-01  1.11464679e-01
  2.60295808e-01  1.90422893e-01  1.78715706e-01  2.30611026e-01
  1.42235994e-01  1.30302131e-01  3.71902108e-01  1.03254676e-01
  7.92149305e-02  2.19609499e-01  2.22796738e-01  1.98321939e-01
  3.10620606e-01  2.16132343e-01  1.31064296e-01  2.85467565e-01
  1.58120096e-01  1.26170397e-01  2.41964996e-01  2.34014153e-01
  2.22592235e-01  5.74015975e-02  1.21021867e-02  5.69210649e-02
  2.61642754e-01  1.78577900e-01  1.87092423e-01  1.84851050e-01
  1.97735250e-01  1.54861927e-01  8.04816484e-02  2.43596017e-01
  2.51763165e-01  2.26141214e-01  2.51271665e-01  1.88194752e-01
  2.81875908e-01 -7.31950879e-01  2.92761505e-01  3.11447263e-01
  2.75375426e-01  1.98991835e-01  2.43286192e-01  4.46407855e-01
  4.17442560e-01  3.41050386e-01  3.00906301e-01  2.26998925e-01
  4.22510266e-01  3.50728631e-01  4.44776177e-01  3.76770437e-01
  3.80317986e-01  2.66867399e-01  2.28742659e-01  1.65012777e-01
  2.21659660e-01  2.80547738e-01  2.75825322e-01 -9.02775526e-02
  1.60212934e-01  1.56605422e-01  1.30681217e-01  1.61377847e-01
  1.85713649e-01 -1.45045757e-01  2.23003626e-02  1.78798437e-02
  1.98911428e-01  1.84436321e-01  2.08486676e-01  1.29210353e-01
 -1.17688179e-02  2.20068336e-01  2.79154599e-01 -7.97638893e-02
  2.07979202e-01  2.40558684e-01  1.45408809e-01  1.37899458e-01
  9.92969871e-02  3.01105917e-01  1.09060228e-01 -3.91441298e+00
  3.95489335e-02  1.55722499e-01  1.29330695e-01  4.64226007e-02
  2.84821808e-01  5.07368445e-02 -5.13235688e-01  1.51505649e-01
 -4.23116922e-01  3.60376835e-01  2.02892780e-01 -4.62532043e-05
  3.31927776e-01  1.32710457e-01  2.62402177e-01 -2.45103335e+00
  2.91618586e-01  2.14351594e-01  6.49019480e-02  3.67098153e-01
 -1.64300609e+00  3.47980499e-01  1.15021586e-01  5.07278442e-02
 -4.19842958e+00  1.93163157e-01  1.61725223e-01  2.20666945e-01
  3.13864350e-02  1.31110787e-01]","[ 0.55140553  0.60516608  0.8382724   0.83399904  0.54648954  0.72373639
  0.80771996  0.74529765  0.57898833  0.73590136  0.74204988  0.83427146
  0.68758742  0.6841016   0.68518628  0.58886247  0.81767546  0.56311795
  0.78185467  0.69176855  0.70066292  0.66815248  0.71914243  0.53138041
  0.80961086  0.66037265  0.82267523  0.54870622  0.61716373  0.79457234
  0.75130088  0.65267095  0.6055723   0.69604153  0.6918746   0.57759211
  0.60992209  0.61484893 -0.27872935  0.66679074  0.69564268  0.80284249
  0.78597003  0.61250557  0.71515354  0.70927819  0.72171476  0.61354992
  0.77883365  0.82697721  0.86866626  0.62323967  0.59651813  0.68995379
  0.79961411  0.69409665  0.83208021  0.49896952  0.76730318  0.74974264
  0.68125858  0.4627126   0.6728937   0.5579277   0.64313761  0.67959689
  0.6952511   0.74507486  0.69869136  0.68975268  0.74644399  0.56962194
  0.67666944  0.68474339  0.67867923  0.64975558  0.74863774  0.60693035
  0.80135637  0.66958895  0.65687655  0.66533086  0.68621989  0.67205584
  0.71233846  0.81256504  0.7283498   0.70933619  0.59328605  0.65087721
  0.61139815  0.72821047  0.75214036  0.77037947  0.7683554   0.61355254
  0.60277374  0.6692196   0.71436022  0.7473442   0.56118968  0.72713812
  0.66473188  0.76158161  0.7738672   0.32395107  0.69499173  0.76903537
  0.68685964  0.62193291  0.76315047  0.71628044  0.61193705  0.67772064
  0.77497783  0.62475334  0.54978895  0.04945683  0.63362283  0.40519425
  0.5338318   0.59317776  0.67305103  0.5108467   0.60386229  0.47880878
  0.37865172  0.76336446  0.59853406  0.64207954  0.42351979  0.56882426
  0.43671914  0.65095502  0.67868693  0.57878249  0.35281009  0.52032337
  0.24395869  0.6344391   0.71946879  0.66226137  0.71197562  0.56415322
  0.41496214  0.39233475  0.34098955  0.33497576  0.61349174  0.55716857
  0.68342644  0.69548219  0.78284235  0.58565159  0.67120924  0.66369267
  0.70424565  0.4971714   0.5946304   0.53406759  0.63126476  0.66508023
  0.61302744  0.65210837  0.59620837  0.6331352   0.67137776  0.61248931
  0.57692713  0.6526015   0.80083521  0.81171697  0.71139567  0.59578116
  0.74808928  0.75898629  0.71048104  0.77468243  0.77524641  0.72883586
  0.76379125  0.5328385   0.65288402  0.77295789  0.56075727  0.1325391
  0.78572439  0.74588207  0.76591739  0.46937828  0.68294594  0.70841899
  0.71942663  0.70438273  0.78059383  0.6865102   0.66156542  0.5788446
  0.61539529  0.59064458  0.73760698  0.80486922  0.80399612  0.78397517
  0.69660278  0.48410907  0.42075878  0.78094536  0.75226124  0.72774981
  0.80065311  0.79194815  0.7449268   0.63266373  0.46090919  0.62316109
  0.68859769  0.79489128  0.79296598  0.79787943  0.61202447  0.61353878
  0.59896818  0.7637237   0.75595122  0.74444025  0.70179769  0.77734091
  0.72568101  0.47324613  0.1092704   0.42443645  0.35671538  0.3115538
  0.59864831  0.55863873  0.3554581   0.5544909   0.53317285  0.36297589
  0.47360885  0.59593632  0.49704241  0.40501998  0.41240789  0.62036769
  0.46216334  0.56318187  0.56986741  0.438426    0.25787425  0.378195
  0.43180236  0.65744484  0.40664996  0.53840718  0.57083773  0.42461724
  0.25607605  0.36546447  0.54727137  0.65789058  0.45561335  0.61066912
  0.50344483  0.54142748  0.53803905  0.64964668  0.42897376  0.41218182
  0.40147168  0.38062004  0.48484781  0.59347172  0.68952114  0.66528455
  0.46749729  0.4382437   0.38840933  0.47142762  0.50778865  0.62949497
  0.61079064  0.67994344  0.68431646  0.73765882  0.65038501  0.52747286
  0.63227251  0.56276688  0.76932946  0.66135907  0.59422932  0.5928862
  0.5754303   0.5125363   0.6112027   0.70450621  0.72269117  0.68899971
  0.6459921   0.66964121  0.53215114  0.63118248  0.63028029  0.6742572
  0.68120266  0.53755593  0.68501962  0.55610333  0.5554434   0.58430487
  0.52553826  0.62599138  0.62378688  0.571563    0.74645257  0.73624744
  0.55443465  0.66120807  0.57834241  0.73336594  0.51455562  0.75702672
  0.75875598  0.66634553  0.692152    0.59905382  0.69992496  0.64955173
  0.75384461  0.7410092   0.74125005  0.7005519   0.71409656  0.77831516
  0.804119    0.81234842  0.80590539  0.71855776  0.756795    0.73217081
  0.74185155  0.43020162  0.45199556  0.22751009  0.50648676  0.36231147
  0.52590498  0.45560474  0.46548347  0.50589086  0.4140693   0.39086823
  0.61922981  0.36275688  0.39132257  0.47584636  0.5017514   0.47403111
  0.56585436  0.51849138  0.39087865  0.54448865  0.41648813  0.38473747
  0.54336407  0.50047839  0.49139395  0.36148455  0.32913468  0.33525286
  0.5445621   0.44404866  0.4703863   0.46895474  0.48236849  0.43854434
  0.44263163  0.51733323  0.52271123  0.50063575  0.53407699  0.46745031
  0.5407636   0.31760738  0.5678937   0.59466039  0.62788891  0.51445225
  0.57951142  0.69411234  0.66673249  0.61805724  0.57419589  0.55873119
  0.67345956  0.63015311  0.67903058  0.63643867  0.64303282  0.56279949
  0.50425598  0.45648643  0.48868712  0.55249347  0.55459473  0.32348236
  0.51265061  0.4324329   0.45893182  0.45712364  0.48886766  0.24853973
  0.47949899  0.30670731  0.49666139  0.49749762  0.51418525  0.4260236
  0.28851968  0.48788788  0.54181137  0.25264352  0.51799524  0.51027026
  0.40906982  0.4043911   0.41491819  0.56302018  0.42515975  0.2445152
  0.30512098  0.43165526  0.40920785  0.2916055   0.54825104  0.36331649
  0.17086469  0.4334753   0.24830864  0.62079147  0.49114357  0.43956871
  0.59545015  0.42797873  0.54093778  0.15361609  0.56501938  0.52209589
  0.35348437  0.61399855  0.32927459  0.60413803  0.4543154   0.51579769
  0.05174004  0.54722981  0.46981568  0.52251339  0.40148769  0.51994482]","[-4.65203926e-01  2.95477482e-01  6.63804215e-01  6.66071462e-01
  2.15684401e-01  5.04551192e-01  6.27013148e-01  5.44661683e-01
  3.19900350e-01  5.20974973e-01  5.19561117e-01  6.86251784e-01
  4.11174480e-01  4.21696648e-01  4.51762359e-01  3.37027975e-01
  5.89184783e-01  1.99953659e-01  6.08474334e-01  4.35412412e-01
  4.65153613e-01  4.37818303e-01  4.99293080e-01  2.78800418e-01
  5.82500700e-01  3.99789438e-01  6.53321148e-01  2.91354572e-01
  3.62568397e-01  6.22713644e-01  5.52332499e-01  4.22723505e-01
  3.00126307e-01  4.42407869e-01  4.36556395e-01  3.08470378e-01
  3.62244263e-01  3.45976793e-01 -1.74348914e+00  4.26453181e-01
  4.66058656e-01  6.10846297e-01  6.02535864e-01  3.67307400e-01
  5.03998024e-01  4.93807394e-01  5.01484770e-01  3.62914925e-01
  5.85271760e-01  6.53826395e-01  7.29543489e-01  3.77956212e-01
  3.38190395e-01  4.67608763e-01  6.19562512e-01  4.58856911e-01
  6.56061163e-01 -1.28627975e+00  5.17364474e-01  5.57672480e-01
  4.46793810e-01  1.23278219e-01  3.79532637e-01  2.97918529e-01
  3.85456728e-01  4.27098947e-01  4.31217767e-01  5.11646425e-01
  4.65299982e-01  4.49932956e-01  5.21659486e-01  3.00038786e-01
  4.10910646e-01  4.27878797e-01  4.17681992e-01  3.80392082e-01
  5.16141635e-01  3.10488846e-01  6.28785930e-01  4.19658974e-01
  3.98394617e-01  3.99227833e-01  4.34209014e-01  4.07918054e-01
  4.61316113e-01  6.40981526e-01  5.09622156e-01  4.75797858e-01
  2.98516044e-01  4.10303807e-01  3.39980824e-01  4.91600738e-01
  5.58708936e-01  5.70010615e-01  5.56870737e-01  3.51588711e-01
  3.28803456e-01  3.95017724e-01  4.45937500e-01  5.37694919e-01
 -7.08088512e-02  5.21649439e-01  4.09667909e-01  5.49703329e-01
  5.73951825e-01 -2.01430953e+00  4.82339665e-01  5.89793613e-01
  4.46753986e-01  3.74707704e-01  5.67457744e-01  4.98914684e-01
  3.68051241e-01  4.48471197e-01  5.78763548e-01  3.82757031e-01
  2.84265915e-01 -3.86126898e+00  4.01379354e-01  1.87324194e-02
  2.83871213e-01  3.47243581e-01  4.51164804e-01  1.97476378e-01
  3.64503787e-01  1.68006881e-01  1.12205389e-01  5.72735262e-01
  3.57052539e-01  4.09471630e-01 -1.76812645e-01  3.23273523e-01
  8.38948774e-02  4.13357365e-01  4.57440954e-01  2.83802056e-01
 -4.90362003e-01  2.61119809e-01 -7.68239493e-02  3.91572408e-01
  5.03708902e-01  4.34534240e-01  5.01780799e-01  2.61681531e-01
  1.02891268e-01 -4.71099597e-01 -2.43408985e+00 -5.72184788e-02
  3.70850164e-01  2.91451793e-01  4.59862580e-01  4.81057095e-01
  6.09862954e-01  3.06797608e-01  4.43070595e-01  4.29505056e-01
  4.89410255e-01  2.45871899e-01  3.41929583e-01  2.82039494e-01
  3.90740679e-01  4.38722764e-01  3.57699638e-01  4.10598433e-01
  3.40488145e-01  3.76319605e-01  4.29292897e-01  3.62656252e-01
  3.27913383e-01  4.14418632e-01  6.17185328e-01  6.40268769e-01
  4.99102877e-01  3.42407598e-01  5.38452303e-01  5.35392947e-01
  4.91474021e-01  5.83701549e-01  6.00716538e-01  5.25426060e-01
  5.73509910e-01  2.72279984e-01  4.04007233e-01  5.50364504e-01
  2.98791924e-01 -4.12804884e+00  6.08369014e-01  5.54842729e-01
  5.78943674e-01  1.82856309e-01  4.53639257e-01  4.60687531e-01
  4.99400933e-01  4.75912736e-01  5.83776704e-01  4.69590558e-01
  4.33434739e-01  3.07848674e-01  3.61903619e-01  3.42906682e-01
  5.25431190e-01  6.25125103e-01  6.41687289e-01  6.09472894e-01
  4.65333224e-01  2.25527566e-01  7.81008311e-02  5.79287287e-01
  4.84938948e-01  5.18688033e-01  6.18961031e-01  6.21689153e-01
  5.52550688e-01  3.87079296e-01  2.10106342e-01  3.72379244e-01
  4.57125357e-01  6.12856852e-01  6.19704331e-01  6.24950657e-01
  3.40052004e-01  3.49852528e-01  3.27933900e-01  5.46382421e-01
  5.48413325e-01  5.48280156e-01  4.87139145e-01  5.99984157e-01
  5.20112864e-01  1.68290626e-01 -5.71157165e+00  1.70903229e-01
  1.16300744e-01  7.09351837e-03  3.48868938e-01  3.05417024e-01
  4.96912487e-02  3.03260912e-01  2.75628744e-01  1.05172366e-01
  1.96681213e-01  3.44949653e-01  2.25781393e-01  1.43896236e-01
  1.60175000e-01  3.76877835e-01  2.09137956e-01  3.10831422e-01
  3.14917703e-01  1.36117440e-01 -3.06810454e-02  1.20299814e-01
  1.61678534e-01  4.20315096e-01  1.51939457e-01  2.82579103e-01
  3.13151601e-01  1.77991330e-01  2.66495325e-02  9.95325566e-02
  2.98717808e-01  4.12337626e-01  2.07038146e-01  3.67402972e-01
  2.53427788e-01  2.89029591e-01  2.86563000e-01  4.17050605e-01
  1.21764081e-01  1.49964674e-01  1.36896409e-01  1.36111207e-01
  2.34580371e-01  3.44345870e-01  4.58173119e-01  4.27930060e-01
  2.10405334e-01  1.69001167e-01  1.29326190e-01  2.19302245e-01
  2.55161230e-01  3.96044105e-01  3.64718708e-01  4.60173904e-01
  4.67704143e-01  5.34220597e-01  4.15927613e-01  2.62816333e-01
  3.97126673e-01  2.97649831e-01  5.84177294e-01  4.37239466e-01
  3.34145121e-01  3.12767625e-01  3.19890034e-01  1.88521538e-01
  3.66348023e-01  4.95246981e-01  5.22028031e-01  4.66114568e-01
  4.13877939e-01  4.42654902e-01  2.44536669e-01  3.90203559e-01
  3.93527148e-01  4.48747360e-01  4.44850922e-01  1.06985231e-01
  4.62253455e-01  2.23825130e-01  2.85963471e-01  3.34040096e-01
  2.68250063e-01  3.59021402e-01  3.65524682e-01  2.26941643e-01
  5.47423039e-01  5.36530565e-01  3.00363584e-01  3.97173816e-01
  2.99569245e-01  5.26910956e-01  3.38477509e-02  5.59866749e-01
  5.61093275e-01  4.25854652e-01  4.69637130e-01  2.78986771e-01
  4.69134183e-01  4.04139181e-01  5.52104466e-01  5.35734654e-01
  5.33877748e-01  4.85596796e-01  4.66460088e-01  5.94112579e-01
  6.22764039e-01  6.43496712e-01  6.34564700e-01  4.98176421e-01
  5.70689513e-01  5.13724334e-01  5.33924635e-01  1.78335446e-01
  2.02226695e-01 -2.08363496e-01  2.43332174e-01  1.17497243e-01
  2.72784488e-01  2.05737049e-01  1.88610033e-01  2.36640410e-01
  1.50420620e-01  1.35483725e-01  3.81620134e-01  1.07884075e-01
  9.08134025e-02  2.25918236e-01  2.32978597e-01  2.02381016e-01
  3.13881602e-01  2.44353010e-01  1.36400473e-01  2.90865512e-01
  1.66276318e-01  1.32345195e-01  2.69347727e-01  2.38148018e-01
  2.29888749e-01  6.56779001e-02  1.30296725e-02  6.00401195e-02
  2.80508286e-01  1.86410458e-01  1.95662445e-01  1.93360913e-01
  2.16048824e-01  1.61235584e-01  8.42827660e-02  2.55362810e-01
  2.61388485e-01  2.33301927e-01  2.68765991e-01  2.01040991e-01
  2.87636828e-01 -7.62240812e-01  3.04163134e-01  3.20217556e-01
  3.48379445e-01  2.17715175e-01  2.66550107e-01  4.66047072e-01
  4.24005591e-01  3.49200180e-01  3.07440796e-01  2.34987701e-01
  4.32566283e-01  3.57118318e-01  4.50411137e-01  3.80230291e-01
  3.84680002e-01  2.72427596e-01  2.33958458e-01  1.70612082e-01
  2.29983900e-01  2.93083102e-01  2.95124787e-01 -1.16328007e-01
  1.87360483e-01  1.70931642e-01  1.50498864e-01  1.75468558e-01
  2.04091790e-01 -1.87248715e-01  2.85035568e-02  2.16377508e-02
  2.28433721e-01  2.03066730e-01  2.25217636e-01  1.37224871e-01
 -1.25857871e-02  2.33369068e-01  2.89814775e-01 -9.35875565e-02
  2.53571418e-01  2.50260749e-01  1.49920692e-01  1.46559784e-01
  1.12025588e-01  3.16724813e-01  1.24493084e-01 -5.05328835e+00
  4.18398783e-02  1.63006702e-01  1.39953563e-01  5.22412122e-02
  3.00556640e-01  5.81606114e-02 -5.55554953e-01  1.67414505e-01
 -4.63594961e-01  3.66916076e-01  2.16888804e-01 -5.09156272e-05
  3.42614016e-01  1.47273303e-01  2.83732052e-01 -2.99240928e+00
  3.09794921e-01  2.27512166e-01  7.16933909e-02  3.75604161e-01
 -1.69566941e+00  3.62621813e-01  1.32334032e-01  5.81343283e-02
 -4.87033505e+00  2.27343643e-01  1.78321765e-01  2.41774117e-01
  3.82772538e-02  1.64551946e-01]",0.3742770203301971,0.5733844893752792
TVSD,Model B (Qwen3),features/visual-blocks-2,monkeyF/V1,100000.0,0.794765830039978,0.8176723967161068,0.626462459564209,0.6605520072508342,"[0.8039219  0.72809786 0.91469806 0.9094324  0.651262   0.8066574
 0.88723004 0.87293196 0.74097127 0.83350974 0.85549194 0.86710787
 0.7371218  0.7836974  0.77769315 0.7532909  0.8415058  0.7113124
 0.7929907  0.82418823 0.7743054  0.8617289  0.7961343  0.8025763
 0.84254026 0.7932993  0.8543965  0.7612827  0.6884249  0.8985302
 0.8387121  0.8330389  0.8384411  0.79601264 0.78663605 0.7306855
 0.78247494 0.78632593 0.8783454  0.8622177  0.8727247  0.8549048
 0.872762   0.8034676  0.882313   0.8537872  0.86273456 0.8314865
 0.8891563  0.8889946  0.89450794 0.82572025 0.7703005  0.74836123
 0.85701334 0.79806584 0.9418925  0.7702015  0.8176197  0.85674393
 0.82173836 0.72621506 0.7215414  0.74784267 0.80062634 0.82576483
 0.8440506  0.87345076 0.84670234 0.8205616  0.8763282  0.8133929
 0.8432544  0.8336878  0.82271373 0.8210963  0.8971304  0.8281307
 0.9018508  0.8304184  0.8609135  0.85942644 0.86019903 0.879635
 0.87109077 0.90581274 0.8602855  0.8570476  0.81529844 0.8550966
 0.7864617  0.8898953  0.8977397  0.8712608  0.9153536  0.8363746
 0.8140352  0.8371286  0.8397693  0.8452159  0.7905996  0.86726063
 0.8333732  0.8895875  0.9058385  0.8854473  0.82718235 0.79014534
 0.8457476  0.8512611  0.87349766 0.81182367 0.79585004 0.85892564
 0.87883407 0.7859482  0.79318637 0.8133413  0.79521817 0.6456979
 0.71852225 0.6905534  0.8416896  0.7214     0.7672443  0.61945534
 0.63988966 0.8842426  0.84390163 0.86279607 0.8253137  0.8185058
 0.61883444 0.8325402  0.87455136 0.7511575  0.7965254  0.7875774
 0.688518   0.82483184 0.78071254 0.8151972  0.8741749  0.86802554
 0.696063   0.60543346 0.7924445  0.5152165  0.8089016  0.8142408
 0.8176431  0.89841497 0.87147653 0.77339846 0.9032567  0.8968704
 0.88996327 0.8467636  0.82932484 0.7258104  0.8970503  0.8133074
 0.76261914 0.8979039  0.8682465  0.8579033  0.89026153 0.8418633
 0.83865094 0.8080162  0.9188906  0.93299025 0.82501316 0.8802092
 0.9152803  0.9202099  0.88790035 0.88936806 0.90993124 0.91320807
 0.90027076 0.79917717 0.86844957 0.9282581  0.75856286 0.88439125
 0.90793264 0.8911814  0.89034724 0.79518247 0.88240147 0.9090273
 0.8056456  0.81846046 0.8664617  0.8510098  0.8358016  0.83909595
 0.86515146 0.7908855  0.8930318  0.9157291  0.87615806 0.8677057
 0.7818097  0.8539117  0.8802748  0.88934493 0.88704985 0.8404063
 0.8809557  0.8803546  0.91742593 0.844476   0.8156378  0.8446353
 0.8821384  0.8949369  0.8685556  0.9380292  0.7249907  0.8315198
 0.76749164 0.889415   0.86946803 0.8224485  0.8584646  0.9352365
 0.9065612  0.63258314 0.6454417  0.610925   0.6507596  0.5790399
 0.68794185 0.6899583  0.6780933  0.6223953  0.83812684 0.69913816
 0.65351135 0.79580235 0.71370953 0.70771235 0.6693207  0.84161747
 0.8156451  0.7869195  0.7983484  0.58149064 0.6540617  0.7086217
 0.7038898  0.842206   0.8304787  0.7861302  0.85061026 0.7277178
 0.60252357 0.6833156  0.7852064  0.839547   0.8107195  0.7762494
 0.8014505  0.87123495 0.8504218  0.861076   0.83025956 0.8135055
 0.83978546 0.7364786  0.77784646 0.7279475  0.8963792  0.81540626
 0.7711915  0.7590507  0.79180753 0.7823909  0.79736376 0.8081814
 0.783533   0.82917714 0.8035522  0.7530141  0.87066233 0.75271803
 0.81617767 0.8282821  0.8438782  0.78014416 0.77007264 0.78963673
 0.7824886  0.69669276 0.83002114 0.852321   0.8581583  0.8630762
 0.85883766 0.8300722  0.7834824  0.73758245 0.8344649  0.8687443
 0.8371215  0.826106   0.80768675 0.6445845  0.6747706  0.76813895
 0.7794627  0.88941497 0.71402407 0.72307765 0.89403933 0.8747314
 0.691321   0.67779154 0.8169036  0.9023925  0.8952624  0.8825688
 0.8897941  0.84995264 0.82619464 0.7310702  0.8729629  0.9025651
 0.8884965  0.8931507  0.8560594  0.82622826 0.84725636 0.8988709
 0.9153535  0.9057892  0.9050886  0.8540386  0.8822534  0.86814004
 0.9082842  0.76030946 0.7551708  0.6721695  0.72681683 0.69222236
 0.7314893  0.6880742  0.75433034 0.7748661  0.6761427  0.72162205
 0.8147162  0.6517594  0.6900186  0.7818844  0.765493   0.72664726
 0.80746955 0.74137866 0.67255    0.7393186  0.7059043  0.6994438
 0.73237425 0.78963095 0.74801695 0.6601592  0.70736873 0.7093058
 0.76386    0.7299111  0.75265753 0.74782383 0.64743483 0.73873127
 0.7972747  0.7533379  0.8057133  0.7996913  0.76328635 0.728965
 0.82305443 0.8400869  0.8118062  0.83234304 0.6767625  0.71645296
 0.8202711  0.899951   0.8931704  0.8734005  0.84574157 0.8011959
 0.9080908  0.8780521  0.9020956  0.8952421  0.89064175 0.86384356
 0.7617303  0.7286157  0.75329304 0.7923825  0.7710097  0.5411264
 0.698222   0.74005777 0.6432025  0.6929971  0.77907616 0.5364063
 0.4909382  0.6653076  0.71483487 0.7282876  0.7092735  0.67891794
 0.58216333 0.7224922  0.7252845  0.56074524 0.62484217 0.77144796
 0.7124092  0.71506083 0.66069615 0.78297025 0.64116263 0.38456407
 0.64433575 0.6874626  0.7187143  0.6207181  0.73246187 0.5976292
 0.67216104 0.63412416 0.7216932  0.80971503 0.6745746  0.6264085
 0.8040103  0.6203384  0.7424517  0.6469664  0.7693947  0.752484
 0.6198425  0.79534924 0.76481956 0.8294494  0.6791801  0.7278814
 0.6536554  0.7566093  0.7258084  0.74559957 0.64170766 0.6585925 ]","[0.6424874  0.49676162 0.8349972  0.8209755  0.41611713 0.64677256
 0.7718419  0.755357   0.5423593  0.68708456 0.71148556 0.74939245
 0.53560174 0.60238856 0.6001643  0.5667958  0.69014746 0.46243727
 0.6256026  0.66822815 0.5938052  0.7411609  0.63055265 0.6236476
 0.69248307 0.6254387  0.71965307 0.57746816 0.45455968 0.79529595
 0.6838293  0.67321867 0.69602007 0.6236869  0.597159   0.5168761
 0.6043351  0.5993293  0.7426915  0.71308136 0.75456274 0.7158513
 0.74482286 0.64012444 0.76112527 0.70695984 0.7227448  0.6448934
 0.78928983 0.78017503 0.7896892  0.6727125  0.5907538  0.55917037
 0.7123705  0.61643475 0.8745541  0.58319134 0.65855557 0.7333169
 0.6637299  0.5228177  0.47714567 0.55578536 0.6335802  0.67680013
 0.7036747  0.7536385  0.7162322  0.6681571  0.76408154 0.6531643
 0.7039288  0.6866969  0.66664076 0.66358787 0.7913395  0.66929495
 0.8098902  0.68467975 0.73137593 0.7287135  0.7302508  0.76591414
 0.7504231  0.8163098  0.7391381  0.7254408  0.6543022  0.72350746
 0.60784805 0.78408766 0.8051552  0.7469566  0.8351021  0.6938331
 0.6542306  0.69044876 0.691297   0.70867777 0.61017287 0.7515141
 0.67139006 0.7852891  0.8177217  0.78316355 0.6755626  0.6226655
 0.70847267 0.720626   0.76035124 0.65366924 0.62734675 0.7348299
 0.766915   0.616616   0.6190319  0.6593387  0.62621784 0.39182115
 0.508642   0.45868778 0.7075093  0.5133989  0.58365166 0.36413544
 0.40925515 0.77861464 0.70990473 0.74374676 0.67987573 0.6648338
 0.3715285  0.6776087  0.7628396  0.55344796 0.6336988  0.6161028
 0.47083163 0.6712535  0.5985998  0.6640953  0.7583585  0.74874127
 0.45921648 0.30067694 0.61712503 0.00131631 0.65147257 0.66076505
 0.6598819  0.8035276  0.75687075 0.58194375 0.80848527 0.79952
 0.788983   0.69529927 0.68587756 0.5249357  0.7969197  0.66134983
 0.56025577 0.7894319  0.7224114  0.7264963  0.7813692  0.69221365
 0.6907972  0.6504748  0.833013   0.85858583 0.6736876  0.7546498
 0.832394   0.8292831  0.7793155  0.78636664 0.82197726 0.8324313
 0.8052592  0.6239962  0.74610436 0.84201854 0.56677294 0.7687979
 0.8189493  0.79362464 0.79110724 0.6048436  0.77110034 0.8020381
 0.6359532  0.66157997 0.74438214 0.72228575 0.6897843  0.686329
 0.7289934  0.6203075  0.7850594  0.83271086 0.76748013 0.7526414
 0.6042634  0.6983521  0.75152504 0.78352565 0.7496488  0.70356685
 0.7707066  0.7715351  0.83608687 0.69801986 0.62945807 0.68727374
 0.7726791  0.79858494 0.7505523  0.8745164  0.4835775  0.6739052
 0.5626414  0.77565527 0.7440993  0.6731315  0.73575    0.87314624
 0.817491   0.38558155 0.3945434  0.36293542 0.37836748 0.31482804
 0.4685892  0.4705541  0.45852572 0.36473525 0.6677635  0.4881317
 0.42554027 0.59427726 0.4844815  0.4975087  0.42260224 0.6743473
 0.6474402  0.5983603  0.59031475 0.30302453 0.4177493  0.4989159
 0.49448502 0.6715729  0.6695558  0.5839968  0.6392188  0.51389724
 0.36202854 0.46660703 0.60507977 0.66650945 0.6207143  0.5752878
 0.6193261  0.74045247 0.7086362  0.71803594 0.6726926  0.63992655
 0.67303723 0.49465454 0.5869615  0.51447254 0.78341514 0.647843
 0.5864892  0.5678195  0.61407834 0.5926306  0.62471724 0.6482792
 0.58637846 0.68538153 0.6437898  0.5451759  0.7562546  0.5659535
 0.6575278  0.683522   0.7090141  0.6059867  0.5889412  0.6226785
 0.6092664  0.4526236  0.6862991  0.7153894  0.7342458  0.74325395
 0.7347965  0.6877918  0.61323065 0.53169346 0.6939653  0.75357735
 0.7006362  0.6807783  0.63532066 0.38000542 0.44929385 0.5877179
 0.6035852  0.7906518  0.480376   0.47637564 0.79605913 0.7634909
 0.47699988 0.42406416 0.6657558  0.8129309  0.8008484  0.7768527
 0.78817344 0.7203207  0.6808749  0.5014844  0.7569815  0.80815786
 0.7860632  0.7929307  0.7311412  0.68223214 0.7036034  0.7991613
 0.82577467 0.815389   0.81395936 0.715551   0.77681345 0.7509176
 0.819523   0.56504774 0.53764343 0.439749   0.52572405 0.46809828
 0.5321068  0.4701565  0.5683369  0.59985846 0.45641464 0.504742
 0.6460861  0.41663677 0.46612877 0.6038729  0.58527774 0.52762896
 0.6295408  0.5469763  0.43573278 0.54242516 0.4927134  0.4740262
 0.5343281  0.61561227 0.55569303 0.4270904  0.4930601  0.50060415
 0.5829985  0.5155504  0.565722   0.5589262  0.40343636 0.5436937
 0.634762   0.56475645 0.64430404 0.63535714 0.57889843 0.5261807
 0.66570556 0.703327   0.6579745  0.6919886  0.39162147 0.5057904
 0.6652942  0.80860925 0.79631096 0.75993586 0.7148749  0.63158643
 0.82299477 0.7668818  0.809549   0.7982745  0.790806   0.738531
 0.5789869  0.5299851  0.56234765 0.62783945 0.5913545  0.24522
 0.47196275 0.5466061  0.4057032  0.47899675 0.5994798  0.20449632
 0.00104684 0.4405598  0.4981814  0.5252665  0.4904477  0.4495635
 0.28754997 0.52172506 0.5246138  0.25200468 0.34174335 0.59247845
 0.50635    0.5076381  0.42868495 0.6050054  0.38870144 0.00360018
 0.41034454 0.46791983 0.5087545  0.37843937 0.5308828  0.3391559
 0.45102537 0.39730483 0.5189154  0.6538696  0.45030242 0.32925028
 0.61600184 0.37360084 0.5471004  0.3926316  0.5902552  0.5591085
 0.37020004 0.62624085 0.5778049  0.6839093  0.44253105 0.5102272
 0.3933366  0.5696926  0.52655745 0.54815507 0.33992934 0.35536414]","[0.8529604  0.76902301 0.9258717  0.9320078  0.69210688 0.82412283
 0.89413362 0.88481615 0.78551704 0.85352281 0.88082318 0.89330478
 0.78548591 0.80778767 0.79878343 0.76791777 0.86552298 0.75150483
 0.83877851 0.85095246 0.80684305 0.87541272 0.81607686 0.81409543
 0.86676119 0.83570799 0.86999347 0.7747744  0.71768987 0.90364645
 0.84365137 0.84462474 0.85609405 0.82802387 0.81563976 0.74860797
 0.79287187 0.80312839 0.88526901 0.8667854  0.8831751  0.87135639
 0.89010099 0.81426502 0.88643132 0.85880078 0.87552182 0.84114022
 0.91223154 0.90205314 0.91290706 0.83842981 0.77840724 0.76690948
 0.86771597 0.80827378 0.95114928 0.79982797 0.84583862 0.88037227
 0.83247077 0.74644489 0.73523908 0.7620962  0.81069837 0.83219562
 0.85369125 0.87822318 0.8510569  0.85369668 0.90170441 0.82044129
 0.84870784 0.83793767 0.82679552 0.82548287 0.90327469 0.86160356
 0.91590163 0.83765614 0.86746417 0.86409764 0.86397725 0.88558157
 0.89134193 0.9237756  0.88714627 0.86541089 0.81953068 0.85846242
 0.79012812 0.90111938 0.91467593 0.884407   0.93367858 0.84770575
 0.81782296 0.84429788 0.84933006 0.86907831 0.86931688 0.91425851
 0.83892141 0.89687981 0.91603035 0.90334462 0.86631873 0.87646118
 0.85947973 0.87776979 0.89343496 0.84608339 0.80439457 0.89880174
 0.90712074 0.82519081 0.82333629 0.85161549 0.83279285 0.68943335
 0.74823554 0.73202023 0.85339548 0.77483071 0.79975715 0.68169855
 0.68532749 0.89224115 0.852895   0.8812166  0.84369187 0.84103846
 0.69963576 0.84028583 0.88442213 0.82722657 0.83635759 0.81601842
 0.73630433 0.83216928 0.82276047 0.84761983 0.89832549 0.91153845
 0.76903212 0.6738111  0.85610447 0.568995   0.83728142 0.83523004
 0.83092561 0.90872457 0.88477309 0.78487492 0.92150782 0.91101991
 0.90677833 0.85648257 0.86657317 0.73945157 0.90687582 0.82864604
 0.79079374 0.90609354 0.87950743 0.86223328 0.89249015 0.8471529
 0.84154791 0.83386881 0.92391875 0.93645396 0.90616754 0.88266049
 0.91737545 0.92258778 0.89631495 0.90294327 0.93016239 0.92478349
 0.91936269 0.80138186 0.87164337 0.93225241 0.76837719 0.89754344
 0.92037334 0.9114755  0.9029923  0.79821577 0.88557322 0.91148276
 0.82074327 0.85097877 0.88915771 0.87301796 0.86004269 0.84198384
 0.86962878 0.81456052 0.90312131 0.93018549 0.90157891 0.89352941
 0.78795461 0.85659803 0.8838389  0.89654419 0.89066727 0.85202468
 0.91143262 0.90729704 0.92519754 0.84789503 0.81875836 0.84715128
 0.8863922  0.9030328  0.88543477 0.94312025 0.77469892 0.8393541
 0.77417985 0.89429148 0.87300603 0.85647384 0.89249583 0.94229652
 0.91127141 0.71558993 0.71040405 0.66688978 0.67175036 0.61134282
 0.77247089 0.72713953 0.74112722 0.69261562 0.84533461 0.73522052
 0.7017849  0.80580704 0.79846397 0.75567734 0.7174984  0.84878791
 0.82999498 0.8090845  0.80839054 0.63358516 0.67049626 0.750237
 0.73394869 0.8468032  0.84151166 0.79407576 0.85672708 0.74663865
 0.61899548 0.72828025 0.78888475 0.84414894 0.81849847 0.78989168
 0.80543807 0.87858501 0.85626307 0.86640873 0.834865   0.8171395
 0.84319037 0.74197635 0.78577306 0.78106117 0.89971852 0.81907377
 0.78254028 0.76251272 0.79711685 0.7860537  0.8048449  0.81278932
 0.78861353 0.84811596 0.83153652 0.81536835 0.89605765 0.79258458
 0.82054996 0.83601822 0.86543292 0.79953295 0.81245217 0.83551131
 0.82437856 0.7467534  0.84457763 0.89648721 0.86740867 0.89172059
 0.877612   0.85845666 0.80828827 0.78538465 0.84092075 0.87654529
 0.86242275 0.86408228 0.84641241 0.70503262 0.72425344 0.79430404
 0.79970996 0.90394639 0.77296925 0.76868907 0.91493392 0.90352806
 0.73422591 0.74767655 0.82457305 0.91670154 0.91065923 0.9015923
 0.90933955 0.87505896 0.85560358 0.79576929 0.87987745 0.91068605
 0.90554916 0.9114586  0.89139354 0.86536877 0.89147421 0.9075891
 0.92660076 0.91826461 0.92203302 0.87307926 0.9101673  0.89567628
 0.91865604 0.76761852 0.76258066 0.68124053 0.73807118 0.71070738
 0.74883171 0.71520729 0.77493024 0.78493028 0.69532411 0.73583019
 0.82529209 0.66620993 0.73880912 0.79303548 0.78278917 0.73404578
 0.81169702 0.7882955  0.6861046  0.74627582 0.72388153 0.71635482
 0.77270452 0.79657484 0.760178   0.70614892 0.73397401 0.72848027
 0.79091944 0.74574653 0.76970277 0.76484369 0.67675265 0.75377998
 0.815885   0.77131817 0.82097071 0.81225368 0.78941049 0.75343401
 0.8314226  0.85729311 0.82746316 0.84398099 0.76120209 0.74940123
 0.85859449 0.91953409 0.90016425 0.88377436 0.85487533 0.81517226
 0.9188338  0.88601433 0.90779205 0.89934317 0.89573475 0.87279628
 0.77036587 0.74087447 0.76730731 0.80989155 0.79752739 0.61425819
 0.75506394 0.77316726 0.6902521  0.72261856 0.81671545 0.60946779
 0.55503501 0.73189145 0.76604797 0.76418598 0.73718381 0.69965678
 0.60203067 0.74400532 0.73900312 0.60739539 0.68993873 0.78685097
 0.72337742 0.73717249 0.70176605 0.80302055 0.68502689 0.43694063
 0.66273521 0.70335753 0.74764849 0.65847049 0.75242214 0.6398594
 0.69932399 0.66658637 0.75542574 0.81702837 0.69745351 0.6572223
 0.81685009 0.65348872 0.77203805 0.71485443 0.79301013 0.77524011
 0.65146647 0.80451097 0.77698028 0.84671921 0.72850249 0.77920859
 0.70401975 0.8208257  0.76214091 0.78044429 0.70865787 0.73781774]","[0.72326035 0.55417534 0.85552185 0.86224051 0.46994872 0.67508314
 0.7839001  0.77606406 0.60953068 0.72047529 0.75424376 0.7953575
 0.60819135 0.63999166 0.63315742 0.58902083 0.73010421 0.51617339
 0.69993379 0.71233215 0.64475918 0.76488633 0.66253805 0.64167807
 0.73286967 0.69409624 0.74616731 0.59811772 0.49402784 0.80437863
 0.69190733 0.692075   0.72563735 0.67485802 0.642006   0.54254329
 0.62050172 0.62521626 0.75444633 0.7206566  0.77274187 0.74366781
 0.7747113  0.65744474 0.76824715 0.71528701 0.74432833 0.65995498
 0.83078849 0.80326357 0.82250948 0.69358079 0.60325355 0.58723212
 0.73027418 0.63230505 0.89182854 0.62892016 0.70479818 0.7743233
 0.68118056 0.55235113 0.49543381 0.57717328 0.6496216  0.68738257
 0.71984109 0.76189658 0.72361824 0.72320832 0.80897397 0.6645333
 0.7130631  0.69371588 0.67327208 0.67069702 0.80221608 0.72449389
 0.83532293 0.69666677 0.74254829 0.73665653 0.73667976 0.77630475
 0.7857204  0.84900675 0.78601501 0.73966793 0.66111283 0.72921444
 0.61352871 0.80399146 0.83582094 0.76966783 0.86887355 0.7127605
 0.66033315 0.70232563 0.7071274  0.74925784 0.73772747 0.83517191
 0.68035944 0.79821651 0.83622611 0.81514325 0.74100049 0.76613664
 0.73166594 0.76620615 0.79545689 0.71000428 0.6408899  0.80464349
 0.81707829 0.67972884 0.66698654 0.72285303 0.68679453 0.44669769
 0.55157993 0.51542891 0.72732566 0.59226528 0.63416559 0.44098894
 0.4694402  0.79276452 0.7251161  0.77584347 0.71049196 0.70194202
 0.47488362 0.69027577 0.78015664 0.67121816 0.6986628  0.66140373
 0.53845543 0.68324912 0.66481541 0.71797153 0.80083921 0.82568947
 0.56054353 0.37242909 0.72025943 0.00160544 0.6979875  0.69527008
 0.68149541 0.82207488 0.78014285 0.59934282 0.84148769 0.82494639
 0.8190789  0.71135183 0.74887223 0.54485284 0.81447282 0.68653063
 0.60241722 0.80389813 0.74127189 0.73384829 0.78528615 0.70093966
 0.69557792 0.69276479 0.84215441 0.86497263 0.81274402 0.7588589
 0.83620923 0.83357452 0.79415654 0.81055588 0.85893481 0.85366813
 0.83977544 0.62744378 0.75160218 0.84928054 0.58153369 0.79183421
 0.8415459  0.83018122 0.81373803 0.60946689 0.77665368 0.80637689
 0.66001187 0.71519485 0.78388943 0.76012723 0.73037672 0.69106137
 0.73655829 0.65800095 0.80289891 0.85920999 0.81266154 0.79810658
 0.61379961 0.70275292 0.75762303 0.79626229 0.75577547 0.72315454
 0.82495465 0.819482   0.85031202 0.70368347 0.63428375 0.6913743
 0.78014906 0.81309879 0.78000763 0.88403482 0.55216271 0.68666366
 0.57249025 0.78418406 0.75016735 0.7299796  0.79523941 0.88637859
 0.82600792 0.49341172 0.47796005 0.43247565 0.40317025 0.35093452
 0.59081709 0.52263614 0.54773477 0.45167881 0.6792982  0.53981659
 0.49072981 0.60931348 0.60637999 0.56723096 0.4856296  0.6858869
 0.6704218  0.63254285 0.60525883 0.35975127 0.43900658 0.55923641
 0.53761975 0.67892453 0.68746408 0.59586157 0.64844523 0.54096754
 0.38209354 0.53003641 0.61076215 0.6738364  0.63268315 0.59568641
 0.62550431 0.75299862 0.71840447 0.72695721 0.68017613 0.64565658
 0.67850596 0.50206718 0.59898527 0.59228702 0.78926303 0.6536838
 0.60387768 0.57301088 0.62234113 0.59819248 0.63649485 0.65569271
 0.59400746 0.717048   0.68941157 0.63920204 0.80101459 0.62749076
 0.66459148 0.69634971 0.7456966  0.63648199 0.6555475  0.69713014
 0.67624581 0.52000679 0.71058209 0.79145143 0.75016046 0.79340789
 0.7672732  0.73563434 0.65267645 0.60284406 0.70474459 0.76717176
 0.74362848 0.74480803 0.69770383 0.45461999 0.51760602 0.62843865
 0.63534982 0.81669849 0.56296324 0.53837028 0.83370332 0.81458743
 0.53804445 0.51602033 0.67831531 0.8389162  0.82863143 0.81070334
 0.82318018 0.76350359 0.73020996 0.59417393 0.76902077 0.82276627
 0.81652608 0.82577107 0.79274308 0.74840127 0.77896118 0.81473874
 0.84619253 0.83800431 0.84472137 0.7478129  0.82674675 0.79930929
 0.83834638 0.57596388 0.54824605 0.45169804 0.54213119 0.49343216
 0.55763666 0.50796733 0.59980202 0.61554191 0.48267792 0.52481359
 0.66296871 0.43531658 0.53437829 0.62122039 0.61202505 0.538428
 0.63614993 0.6183957  0.45347329 0.55268195 0.51812876 0.49722512
 0.59479703 0.62648707 0.5739085  0.48866934 0.53084719 0.52803533
 0.62503513 0.53816279 0.59163565 0.58465713 0.44080128 0.56607054
 0.66474156 0.59203675 0.66893684 0.65547559 0.61920317 0.56209796
 0.67931111 0.73243241 0.68359937 0.71147485 0.49544316 0.55338074
 0.72891203 0.84418311 0.80883056 0.7780954  0.73039918 0.65381386
 0.84258257 0.78085312 0.81980531 0.80560501 0.79987606 0.75391833
 0.59218896 0.54796882 0.58346614 0.65589241 0.63273149 0.31598059
 0.55193527 0.59660949 0.46722758 0.52082037 0.65880405 0.2639972
 0.00133803 0.53315473 0.57212113 0.57832511 0.5298059  0.47744854
 0.30751115 0.55325765 0.54464741 0.29567894 0.41665871 0.61637393
 0.52206149 0.53951865 0.48363687 0.63638808 0.44370566 0.00464763
 0.4341145  0.48980763 0.55054219 0.42587298 0.56021112 0.38878088
 0.48821503 0.43902384 0.56855814 0.66573446 0.48136535 0.36243941
 0.6358337  0.41459755 0.59157256 0.47935472 0.6270453  0.59343615
 0.40893836 0.64075144 0.59632532 0.71268485 0.5091385  0.58472258
 0.45628513 0.6705005  0.58059374 0.60058704 0.41456004 0.44600343]",0.7490853147573874,0.8700213358535634
TVSD,Model B (Qwen3),features/visual-blocks-22,monkeyF/V1,100000.0,0.5463283658027649,0.5614357199587028,0.23549890518188477,0.2434435809053517,"[0.69739294 0.54411566 0.763244   0.77016634 0.44162366 0.6833826
 0.75143826 0.67241955 0.45269123 0.7089504  0.6732816  0.75775844
 0.60055465 0.5966104  0.63899153 0.5092016  0.7934459  0.37560156
 0.69769096 0.6110727  0.66692924 0.6420183  0.6702246  0.4850674
 0.79589057 0.47762778 0.75089955 0.5099679  0.59348387 0.79052556
 0.73129714 0.6175633  0.6543454  0.03816516 0.6055882  0.47979072
 0.5589554  0.5613876  0.65982586 0.63155645 0.40638462 0.7473125
 0.77566934 0.5555189  0.6836508  0.68603086 0.68193984 0.5512022
 0.742387   0.7764482  0.8207641  0.584368   0.5541132  0.6302943
 0.75516635 0.63586277 0.7752779  0.68363035 0.56619847 0.6730607
 0.64975196 0.42143524 0.63058144 0.5045214  0.5774464  0.6678631
 0.6572866  0.70499283 0.67703426 0.6297764  0.7135248  0.5075665
 0.6156574  0.6602556  0.65392345 0.6138607  0.70869744 0.47152376
 0.7682954  0.5536629  0.5887513  0.63193566 0.67255604 0.6248795
 0.62851936 0.744879   0.67568    0.6418009  0.5547959  0.6220551
 0.6014254  0.69234836 0.72429556 0.7392346  0.716174   0.5880462
 0.56774426 0.48814675 0.67954063 0.7126148  0.64529854 0.62599725
 0.59344417 0.73003364 0.7666314  0.583994   0.6332441  0.6073821
 0.63027483 0.25893304 0.69115025 0.58214355 0.5809751  0.61762613
 0.67006695 0.52259916 0.50718594 0.56335807 0.5666543  0.34358403
 0.48270264 0.52406466 0.3961369  0.4541543  0.37772548 0.38681287
 0.35395926 0.7180929  0.59510016 0.6118162  0.5787792  0.53558946
 0.45466483 0.5269792  0.653604   0.4423523  0.61974925 0.53201693
 0.3973516  0.6431773  0.68428826 0.6446972  0.6610329  0.53650934
 0.3383861  0.31060946 0.4957931  0.27687654 0.61267304 0.5199828
 0.6111359  0.6824578  0.7431356  0.5792212  0.66737545 0.66542125
 0.67571485 0.48601082 0.5615304  0.50206983 0.60755914 0.6547022
 0.5963771  0.668825   0.1860114  0.6246813  0.6402073  0.57485175
 0.59162486 0.5178116  0.7537353  0.78428465 0.61144596 0.5075262
 0.7099279  0.6997442  0.67160517 0.72196954 0.68717456 0.70774204
 0.7266313  0.47367868 0.5776717  0.6858876  0.45028427 0.6983643
 0.726769   0.67908996 0.7382894  0.3777023  0.6313957  0.6336941
 0.5472637  0.6505183  0.6969562  0.628744   0.54547983 0.5575529
 0.574462   0.50470614 0.66774935 0.7437679  0.74014986 0.7398675
 0.68977624 0.49294677 0.4294163  0.7684713  0.6896708  0.67473674
 0.74829006 0.7503199  0.72154254 0.538664   0.40186667 0.5827793
 0.67266434 0.7502568  0.74556607 0.7729814  0.5159772  0.58153725
 0.50135535 0.715007   0.73238015 0.6621654  0.63019055 0.7508469
 0.7030944  0.38882378 0.43440327 0.3611239  0.36768872 0.36176676
 0.454047   0.5000247  0.3489595  0.53636724 0.61889523 0.35112053
 0.3937666  0.5507336  0.34364462 0.393096   0.40740508 0.6248908
 0.4826428  0.5296241  0.5301653  0.39099884 0.37081832 0.38020003
 0.4386271  0.6248158  0.44549853 0.49661088 0.5773289  0.4109387
 0.23541683 0.33508673 0.5964554  0.62635046 0.48605853 0.52933174
 0.46688473 0.5874372  0.12926371 0.6532592  0.52572566 0.46799788
 0.47992498 0.48460615 0.25329962 0.50168234 0.7057207  0.6807532
 0.4298529  0.38326433 0.3853097  0.47596687 0.08272654 0.62795526
 0.5855717  0.6712097  0.6673302  0.5850012  0.65123826 0.49190104
 0.63986135 0.57885015 0.7205041  0.6052054  0.57022274 0.53704786
 0.5049872  0.410282   0.6141035  0.63365245 0.7071632  0.6196576
 0.62475765 0.5869853  0.46500912 0.5359076  0.60753655 0.65990067
 0.6466604  0.5990047  0.6076459  0.43682772 0.4777129  0.47148013
 0.47631183 0.67025316 0.5534046  0.53816164 0.6841361  0.6585545
 0.46235874 0.5349743  0.62246275 0.7044943  0.6975708  0.70554966
 0.70861125 0.6084946  0.6091518  0.54746544 0.6811691  0.71251976
 0.71133375 0.7039543  0.7020657  0.2218131  0.63026404 0.75087196
 0.7392543  0.7856895  0.75190705 0.6727797  0.7058673  0.1062735
 0.7177237  0.42620483 0.45425117 0.20686913 0.48579293 0.32151923
 0.48616856 0.40142533 0.41478387 0.5133499  0.36884302 0.32850656
 0.5261211  0.36084375 0.38234124 0.3126876  0.46574625 0.4550124
 0.5052728  0.43517673 0.39160064 0.5157762  0.42086908 0.36038482
 0.51609796 0.4826509  0.43012595 0.28725532 0.32960996 0.3392246
 0.49644583 0.449582   0.42860773 0.43200228 0.40324518 0.41503325
 0.35733    0.49012652 0.5225057  0.48887894 0.52641463 0.44808134
 0.52013254 0.5306516  0.53179127 0.5629347  0.37435678 0.462541
 0.5158331  0.6584913  0.66650087 0.59990287 0.5526401  0.52311265
 0.69417965 0.6214486  0.66866034 0.6432299  0.48324576 0.5359352
 0.51940984 0.46139297 0.4468304  0.53429925 0.42722183 0.2866203
 0.41152635 0.3044578  0.35238132 0.36850914 0.45492226 0.14527702
 0.33312467 0.24847916 0.41620374 0.40273237 0.45857465 0.34412333
 0.28560546 0.42228225 0.4654627  0.25362962 0.41983327 0.5052837
 0.3940083  0.37841073 0.32358503 0.4847613  0.35146722 0.25208056
 0.26655546 0.38041618 0.36621812 0.19013327 0.4325529  0.30493176
 0.11986471 0.30524182 0.44322532 0.5542141  0.4398014  0.40773925
 0.47790343 0.3643723  0.509762   0.37358207 0.500009   0.5022963
 0.34633818 0.5608162  0.49767733 0.53461844 0.42349973 0.41188747
 0.3761042  0.43971795 0.37084186 0.41457248 0.39119688 0.35633224]","[ 4.49677765e-01  1.96902573e-01  5.53385198e-01  5.72626233e-01
  4.53093052e-02  4.36119139e-01  5.45196533e-01  4.41526294e-01
  1.34441555e-01  4.80171084e-01  4.12088633e-01  5.72446704e-01
  2.81611621e-01  2.86767721e-01  3.61150801e-01  2.34830737e-01
  5.49623549e-01 -1.81401539e+00  4.72892344e-01  3.55248630e-01
  4.20696080e-01  3.99562895e-01  4.04997528e-01  2.32318401e-01
  5.59803963e-01  1.92319274e-01  5.37023664e-01  2.45061636e-01
  3.19995344e-01  6.12308085e-01  5.32725692e-01  3.70283782e-01
  3.82938683e-01 -1.92675996e+00  1.89581275e-01  1.99596226e-01
  3.06617200e-01  2.79263139e-01  4.29494321e-01  3.85131538e-01
  2.22247839e-02  5.31179667e-01  5.73910236e-01  2.73289084e-01
  4.64623988e-01  4.63015020e-01  4.50770915e-01  3.00565422e-01
  5.34389973e-01  5.84006846e-01  6.53947115e-01  3.21735203e-01
  2.79579461e-01  3.80469799e-01  5.54108024e-01  3.95193756e-01
  5.72209954e-01  4.17537510e-01  2.38135338e-01  4.43438351e-01
  4.02053833e-01 -3.40138078e-01  3.15612853e-01  2.32136905e-01
  2.99510598e-01  4.07708228e-01  3.75477791e-01  4.58584785e-01
  4.36328828e-01  3.66570234e-01  4.63882089e-01  2.24488974e-01
  3.16058099e-01  3.89956236e-01  3.78281355e-01  3.29485595e-01
  4.54775214e-01  1.71558440e-01  5.71302712e-01  2.80399740e-01
  3.07568729e-01  3.41670692e-01  4.19243753e-01  3.43463659e-01
  3.43030751e-01  5.43228269e-01  4.42481577e-01  3.85402679e-01
  2.41138101e-01  3.71193707e-01  3.27117264e-01  4.33886290e-01
  5.13411582e-01  5.15208960e-01  4.85595465e-01  3.10883820e-01
  2.84119785e-01  3.97276878e-03  3.93058836e-01  4.94799197e-01
  3.84982526e-01  3.83443356e-01  3.25377226e-01  5.00292838e-01
  5.47611833e-01  2.30156422e-01  3.93412888e-01  3.59157562e-01
  3.67962062e-01 -1.34158349e+00  4.66801584e-01  3.19754124e-01
  3.34458768e-01  3.64177763e-01  4.20407236e-01  2.42920101e-01
  2.31348634e-01  3.07518363e-01  3.17399621e-01  2.23850012e-02
  2.25810707e-01  2.61240542e-01 -2.60125399e-02  1.60475850e-01
  5.09645343e-02  7.57641196e-02  7.59155154e-02  4.96593893e-01
  3.50166619e-01  3.67824733e-01  3.23945582e-01  2.84348905e-01
  1.15181148e-01  2.24779308e-01  4.14624333e-01  1.05632663e-01
  3.71893644e-01  2.74992287e-01  6.07308149e-02  3.97594154e-01
  4.60151196e-01  4.11286592e-01  4.25210834e-01  2.50232935e-01
  1.74537897e-02 -2.83473492e-01  1.41343772e-01 -1.48632288e-01
  3.67854655e-01  2.50959754e-01  3.68918717e-01  4.59116518e-01
  5.46292782e-01  2.88498759e-01  4.26336944e-01  4.23352063e-01
  4.48871315e-01  2.34689713e-01  3.07169676e-01  2.51311660e-01
  3.54807079e-01  4.10860479e-01  3.27580392e-01  4.22959864e-01
 -2.77460217e-01  3.46358001e-01  3.73124957e-01  3.20162892e-01
  3.40788603e-01  2.04635143e-01  5.49271464e-01  5.92367887e-01
  3.56699347e-01  2.57188320e-01  4.78930712e-01  4.53721046e-01
  4.40167606e-01  5.05353808e-01  4.69697893e-01  4.88056421e-01
  5.17082214e-01  2.21889377e-01  3.07946444e-01  4.34390366e-01
  1.70438826e-01  4.77563381e-01  5.23908079e-01  4.60914850e-01
  5.35996318e-01  2.06745267e-02  3.80164266e-01  3.71381283e-01
  2.73625135e-01  4.09205198e-01  4.71173048e-01  3.88321579e-01
  2.78348505e-01  2.68932223e-01  3.13794613e-01  2.38121152e-01
  4.33631539e-01  5.35469234e-01  5.43166637e-01  5.33052742e-01
  4.39811051e-01  2.31550813e-01  1.45178795e-01  5.56979418e-01
  4.19409811e-01  4.47021782e-01  5.46187401e-01  5.51809669e-01
  5.14217496e-01  2.80241668e-01  1.60164475e-01  3.32314849e-01
  4.35595274e-01  5.48323989e-01  5.47483563e-01  5.76092601e-01
  2.28881538e-01  3.04883659e-01  2.40768015e-01  4.86087263e-01
  5.13726711e-01  4.33287501e-01  3.92596245e-01  5.48998177e-01
  4.79431868e-01  5.11351824e-02  1.68006241e-01  1.01285696e-01
  1.28160894e-01 -1.15792632e-01  1.50470376e-01  2.49210298e-01
  5.67288399e-02  2.80556977e-01  3.70532215e-01  8.19829702e-02
  1.02348328e-01  2.93764830e-01  1.11083984e-02  1.30778670e-01
  1.54089212e-01  3.77733469e-01  2.30445623e-01  2.80204594e-01
  2.71425068e-01  8.85107517e-02  1.35605097e-01  1.24427557e-01
  1.67431414e-01  3.72342288e-01  1.94585621e-01  2.43957102e-01
  3.16004574e-01  1.64397657e-01 -4.57549095e-03  6.09790683e-02
  3.53745818e-01  3.72521520e-01  2.35934973e-01  2.79002249e-01
  2.16575086e-01  3.41073215e-01 -1.22115874e+00  4.20067012e-01
  2.72455454e-01  2.14459717e-01  2.30168939e-01  2.28798687e-01
 -9.20782089e-02  2.24947214e-01  4.81584966e-01  4.46119905e-01
  1.65608644e-01  1.05430901e-01  1.25220776e-01  2.21945763e-01
 -1.18870521e+00  3.94239068e-01  3.36726546e-01  4.49267387e-01
  4.44885314e-01  2.85109818e-01  4.23928678e-01  2.07425177e-01
  4.07734513e-01  3.23128879e-01  5.00969887e-01  3.66155565e-01
  3.14213097e-01  2.71164834e-01  2.37759769e-01  5.11738062e-02
  3.76721501e-01  4.00571346e-01  4.97610629e-01  3.74505341e-01
  3.89770091e-01  3.32526147e-01  1.69518828e-01  2.77371287e-01
  3.67760122e-01  4.33486164e-01  4.10718203e-01  3.43415380e-01
  3.54753852e-01  8.35006833e-02  1.99651122e-01  2.00853765e-01
  2.06056952e-01  4.41389441e-01  2.64524460e-01  1.55073047e-01
  4.61767733e-01  4.30455923e-01  1.96625829e-01  2.38037348e-01
  3.78917515e-01  4.88594294e-01  4.81105983e-01  4.85833168e-01
  4.92530882e-01  3.52366328e-01  3.61925542e-01  2.42023170e-01
  4.52011764e-01  4.97597396e-01  4.92213309e-01  4.86986995e-01
  4.78891492e-01 -4.81832695e+00  3.46930683e-01  5.51647365e-01
  5.34404635e-01  5.99157333e-01  5.54381371e-01  4.45003867e-01
  4.96364117e-01 -4.08618450e+00  4.96527314e-01  1.70820355e-01
  2.05287099e-01 -3.67430449e-01  2.12580204e-01  6.87696934e-02
  2.30424821e-01  1.42028213e-01  1.22316957e-01  2.25692868e-01
  8.95248652e-02  6.91562891e-02  2.76118815e-01  1.03849769e-01
  6.68365359e-02  6.79969788e-02  1.80064797e-01  1.70133770e-01
  2.48794556e-01  1.33325458e-01  1.36647999e-01  2.56699443e-01
  1.53508127e-01  1.08753324e-01  2.23714113e-01  2.17362046e-01
  1.53349280e-01 -3.15018892e-02 -9.00197029e-03  6.12228513e-02
  2.13126957e-01  1.91446602e-01  1.40254557e-01  1.42841995e-01
  1.28346205e-01  1.26169264e-01 -1.50107741e-01  2.07955182e-01
  2.59819627e-01  2.14771628e-01  2.60375202e-01  1.67169750e-01
  2.64303029e-01  2.20995307e-01  2.50743270e-01  2.84263909e-01
 -5.59270263e-01  1.40739501e-01  1.75844133e-01  4.20152187e-01
  4.24818158e-01  3.20018888e-01  2.79237390e-01  2.01571882e-01
  4.68641043e-01  3.49435806e-01  4.39027011e-01  3.94567013e-01
 -2.87964344e-02  2.32092798e-01  2.53336370e-01  1.80309713e-01
  1.82765484e-01  2.68230915e-01  1.35850608e-01 -8.35545063e-02
  4.72317934e-02  6.88505173e-03 -1.08724833e-01  8.08062553e-02
  1.75698459e-01 -2.57970452e-01 -3.41125727e-01 -4.43673134e-02
  1.41810417e-01  6.56219125e-02  1.59246504e-01  2.34603882e-02
 -8.74341726e-02  1.66315377e-01  2.09045470e-01 -1.39404416e-01
  1.42954528e-01  2.46681869e-01  1.42644405e-01  1.02227628e-01
 -5.38852215e-02  2.32059598e-01  3.24379802e-02 -1.94700646e+00
 -1.43178701e-02  8.53160620e-02  5.84217906e-02 -6.26864433e-02
  1.77086949e-01 -9.28568840e-03 -4.43469524e-01  2.48436928e-02
  1.50795102e-01  2.71778345e-01  1.64134085e-01  5.64876795e-02
  2.27090716e-01  6.28724694e-02  2.45157003e-01  4.91411090e-02
  2.20773458e-01  1.98627591e-01  4.37933207e-02  3.11797440e-01
  2.41313338e-01  2.77038753e-01  8.05383921e-02 -2.05290437e-01
  5.58152199e-02  9.80514288e-02  7.90318251e-02  1.22736514e-01
  6.95517659e-02 -1.92118406e-01]","[0.73993329 0.57469949 0.7725675  0.78928464 0.46932076 0.69817892
 0.75728524 0.68157394 0.47990616 0.72597272 0.69321758 0.78065171
 0.63995828 0.61494976 0.65632036 0.51908891 0.81609138 0.39682477
 0.73797612 0.63091635 0.69495476 0.65221324 0.68701323 0.49202941
 0.81877044 0.5031611  0.76460717 0.51900575 0.6187129  0.79502684
 0.73560383 0.62615231 0.66812233 0.03969995 0.62791657 0.49155918
 0.56638235 0.5733835  0.665027   0.63490218 0.41125085 0.76169362
 0.79107939 0.5629843  0.68684182 0.69005936 0.6920474  0.55760173
 0.76165332 0.78785355 0.8376464  0.59336264 0.55994476 0.64591627
 0.76459708 0.64399599 0.78289723 0.70992678 0.58573998 0.69162321
 0.65823812 0.43317495 0.64255234 0.51413737 0.58471079 0.67306417
 0.66479405 0.70884482 0.68051622 0.65520742 0.73418669 0.5119648
 0.61963894 0.6636214  0.65716781 0.61714018 0.71355116 0.49058264
 0.78026543 0.55848849 0.5932311  0.63537039 0.67551008 0.62910385
 0.6431312  0.75965045 0.69677678 0.64806373 0.55767589 0.62450366
 0.60422919 0.7010808  0.73795969 0.7503887  0.7305115  0.59601302
 0.57038602 0.49232732 0.68727719 0.73273353 0.70954871 0.65992078
 0.59739505 0.736018   0.77525703 0.59579808 0.66320469 0.67373283
 0.64050841 0.26699635 0.70692553 0.60671055 0.58721267 0.64629977
 0.69163412 0.54869267 0.52646466 0.58986854 0.59342919 0.36685622
 0.50266401 0.55553404 0.40164623 0.48779138 0.39373204 0.42568003
 0.37909351 0.72458854 0.60144208 0.62487839 0.59166754 0.55033369
 0.51403049 0.53188201 0.66098099 0.48714891 0.6507413  0.55122915
 0.42492964 0.64889877 0.72114293 0.67033854 0.67929509 0.5634038
 0.37385952 0.34568968 0.53562196 0.305777   0.6341683  0.53338676
 0.62106372 0.69028923 0.75447396 0.58781625 0.68086036 0.67591931
 0.68848188 0.49158914 0.58675101 0.51150593 0.61421381 0.6670496
 0.61840994 0.6749252  0.18842392 0.62783417 0.64180994 0.57846368
 0.59366852 0.53437907 0.75785973 0.78719629 0.67159229 0.50893962
 0.71155301 0.70155242 0.67796994 0.73298961 0.702453   0.71671306
 0.74204086 0.47498542 0.57979615 0.68883895 0.45611008 0.70875002
 0.73672732 0.69455428 0.74877489 0.37914308 0.63366522 0.63540586
 0.55751933 0.67636408 0.71521222 0.64500411 0.56130061 0.55947179
 0.57743494 0.51981443 0.67529362 0.7555096  0.76162456 0.76188663
 0.69519779 0.49449754 0.43115495 0.77469209 0.6924833  0.68406478
 0.77417738 0.77328276 0.7276548  0.54084488 0.40340417 0.58451525
 0.67590805 0.75704384 0.76005511 0.77717665 0.55135461 0.58701631
 0.50572435 0.71892722 0.73536032 0.68955972 0.65517255 0.75651499
 0.70674748 0.43984476 0.47812504 0.39420522 0.37954881 0.38194867
 0.50983682 0.52697058 0.38139793 0.59688166 0.62421764 0.36924178
 0.42285335 0.55765735 0.38445311 0.41973796 0.43673009 0.63021478
 0.49113407 0.54454194 0.53683406 0.42602761 0.38013585 0.40252809
 0.45735822 0.62822639 0.45141698 0.50163022 0.58148055 0.42162322
 0.2418527  0.35713667 0.59924954 0.62978379 0.49072234 0.53863454
 0.4692077  0.59239304 0.13015159 0.65730492 0.52864186 0.47008848
 0.48187083 0.48822367 0.25588086 0.53828691 0.70834979 0.68381504
 0.43617859 0.38501238 0.38789332 0.47819514 0.08350271 0.6315356
 0.58936865 0.68654046 0.69057048 0.63344291 0.67023346 0.51795382
 0.64328911 0.58425657 0.73890754 0.62024649 0.60160389 0.56824809
 0.53202132 0.43976267 0.62487333 0.6664875  0.71478597 0.6402232
 0.63841495 0.60705733 0.47973181 0.57063942 0.61223677 0.66582631
 0.66620513 0.62654106 0.63678036 0.47779275 0.51274495 0.48754015
 0.48868447 0.68120388 0.59909012 0.57210863 0.70012503 0.68023447
 0.49105374 0.59013384 0.62830671 0.7156653  0.70956769 0.72075758
 0.72417678 0.6264686  0.63083494 0.59591566 0.68656449 0.71893074
 0.72498616 0.71838402 0.73104373 0.23232094 0.66315718 0.75815472
 0.74833778 0.79651075 0.76598371 0.6877792  0.72820044 0.10964436
 0.72591953 0.43030205 0.45870834 0.20966085 0.49331517 0.33010504
 0.49769482 0.4172549  0.42611114 0.52001742 0.37930669 0.33497458
 0.53295068 0.36884423 0.4093762  0.3171471  0.47626972 0.45964522
 0.50791814 0.46271612 0.39949296 0.52062982 0.43158733 0.36909813
 0.54451836 0.48689526 0.43711882 0.30726686 0.34200712 0.34839476
 0.51403224 0.45933571 0.4383143  0.44183429 0.42150535 0.4234879
 0.36567093 0.50182459 0.53240014 0.49655874 0.54443163 0.46312201
 0.52542084 0.54152016 0.5420477  0.57080573 0.42106522 0.48381237
 0.53993302 0.67282021 0.6717198  0.60702824 0.55860843 0.53223802
 0.70239204 0.6270839  0.67288271 0.64617652 0.48600913 0.54148956
 0.52529826 0.46915579 0.45514323 0.54610553 0.44191548 0.32535627
 0.44502854 0.31807897 0.37815766 0.38426069 0.47690079 0.16506456
 0.37661738 0.27334691 0.44602193 0.42258366 0.47661981 0.35463523
 0.29535224 0.43485623 0.47426685 0.27472986 0.46357184 0.51537239
 0.40007444 0.39011223 0.34369958 0.49717506 0.37551236 0.28641323
 0.27416714 0.38921183 0.38096143 0.20169727 0.44434037 0.32647912
 0.12470861 0.32086782 0.46394203 0.55921978 0.45471771 0.42779643
 0.48553541 0.38384405 0.53007574 0.4127831  0.51535604 0.51748642
 0.36400812 0.56727634 0.50559045 0.54574962 0.4542545  0.44093209
 0.40508314 0.47703852 0.38940547 0.43394704 0.43201096 0.39919714]","[ 5.06210855e-01  2.19659785e-01  5.66987701e-01  6.01408383e-01
  5.11708084e-02  4.55208976e-01  5.53713947e-01  4.53630105e-01
  1.51092189e-01  5.03506299e-01  4.36853948e-01  6.07558533e-01
  3.19778188e-01  3.04668715e-01  3.81004524e-01  2.44038838e-01
  5.81444529e-01 -2.02480753e+00  5.29079213e-01  3.78695539e-01
  4.56795701e-01  4.12353355e-01  4.25541421e-01  2.39035043e-01
  5.92452528e-01  2.13431128e-01  5.56809275e-01  2.53824743e-01
  3.47779652e-01  6.19300950e-01  5.39018739e-01  3.80655142e-01
  3.99233622e-01 -2.08484319e+00  2.03818932e-01  2.09507837e-01
  3.14819527e-01  2.91325414e-01  4.36292063e-01  3.89222883e-01
  2.27602295e-02  5.51820211e-01  5.96940248e-01  2.80683662e-01
  4.68971494e-01  4.68468802e-01  4.64232400e-01  3.07585167e-01
  5.62486709e-01  6.01289974e-01  6.81125835e-01  3.31715784e-01
  2.85495082e-01  3.99563534e-01  5.68034150e-01  4.05368134e-01
  5.83512408e-01  4.50277195e-01  2.54856784e-01  4.68235013e-01
  4.12624550e-01 -3.59352145e-01  3.27709729e-01  2.41070075e-01
  3.07093801e-01  4.14083150e-01  3.84104119e-01  4.63609775e-01
  4.40828420e-01  3.96772918e-01  4.91136768e-01  2.28396426e-01
  3.20159309e-01  3.93942130e-01  3.82044257e-01  3.33015443e-01
  4.61025872e-01  1.85707423e-01  5.89243148e-01  2.85308837e-01
  3.12267090e-01  3.45394920e-01  4.22934693e-01  3.48123186e-01
  3.59165740e-01  5.64987043e-01  4.70544203e-01  3.92961080e-01
  2.43648113e-01  3.74121655e-01  3.30174349e-01  4.44900346e-01
  5.32965744e-01  5.30873907e-01  5.05232911e-01  3.19364562e-01
  2.86770008e-01  4.04110700e-03  4.02059715e-01  5.23132221e-01
  4.65461836e-01  4.26127904e-01  3.29724079e-01  5.08528638e-01
  5.60003847e-01  2.39554629e-01  4.31520533e-01  4.41912642e-01
  3.80008038e-01 -1.42643969e+00  4.88353957e-01  3.47311428e-01
  3.41679058e-01  3.98777001e-01  4.47905719e-01  2.67783832e-01
  2.49270551e-01  3.37141710e-01  3.48103023e-01  2.55201345e-02
  2.44872916e-01  2.93556821e-01 -2.67411160e-02  1.85127542e-01
  5.53754166e-02  9.17547003e-02  8.70796495e-02  5.05618567e-01
  3.57669758e-01  3.83698369e-01  3.38533531e-01  3.00220069e-01
  1.47223269e-01  2.28981273e-01  4.24036614e-01  1.28110621e-01
  4.10018523e-01  2.95211968e-01  6.94533567e-02  4.04699352e-01
  5.11051977e-01  4.44653157e-01  4.49029740e-01  2.75949393e-01
  2.13050040e-02 -3.51120292e-01  1.64965248e-01 -1.81280249e-01
  3.94119361e-01  2.64064827e-01  3.81002142e-01  4.69713997e-01
  5.63090080e-01  2.97124350e-01  4.43740044e-01  4.36815523e-01
  4.65993598e-01  2.40108059e-01  3.35381784e-01  2.60846930e-01
  3.62622132e-01  4.26503932e-01  3.52232109e-01  4.30710529e-01
 -2.84704065e-01  3.49863079e-01  3.74995403e-01  3.24198846e-01
  3.43147054e-01  2.17939304e-01  5.55299119e-01  5.96774360e-01
  4.30325974e-01  2.58622796e-01  4.81125859e-01  4.56068976e-01
  4.48550037e-01  5.20898879e-01  4.90816340e-01  5.00507612e-01
  5.39246160e-01  2.23115317e-01  3.10215611e-01  4.38136769e-01
  1.74877651e-01  4.91873135e-01  5.38363857e-01  4.82145885e-01
  5.51329284e-01  2.08325578e-02  3.82902145e-01  3.73390360e-01
  2.83976622e-01  4.42367464e-01  4.96180057e-01  4.08666248e-01
  2.94728761e-01  2.70786561e-01  3.17050907e-01  2.52590759e-01
  4.43485290e-01  5.52509323e-01  5.75142751e-01  5.65253136e-01
  4.46751933e-01  2.33009983e-01  1.46356797e-01  5.66033431e-01
  4.22837523e-01  4.59467119e-01  5.84632131e-01  5.86101778e-01
  5.22966371e-01  2.82515498e-01  1.61392362e-01  3.34297576e-01
  4.39806443e-01  5.58289485e-01  5.68969491e-01  5.82362896e-01
  2.61343533e-01  3.10655757e-01  2.44982589e-01  4.91432080e-01
  5.17916086e-01  4.69879993e-01  4.24339785e-01  5.57318132e-01
  4.84426770e-01  6.54354389e-02  2.03527087e-01  1.20692538e-01
  1.36562105e-01 -1.29072468e-01  1.89719421e-01  2.76793474e-01
  6.77657907e-02  3.47434592e-01  3.76932665e-01  9.06635798e-02
  1.18027314e-01  3.01197574e-01  1.39033386e-02  1.49106357e-01
  1.77070246e-01  3.84197348e-01  2.38625545e-01  2.96211853e-01
  2.78296317e-01  1.05080124e-01  1.42505400e-01  1.39471240e-01
  1.82036728e-01  3.76418261e-01  1.99790113e-01  2.48913469e-01
  3.20565755e-01  1.73057549e-01 -4.82908204e-03  6.92684086e-02
  3.57067890e-01  3.76616654e-01  2.40484358e-01  2.88895129e-01
  2.18735568e-01  3.46852323e-01 -1.23799189e+00  4.25286157e-01
  2.75486452e-01  2.16380031e-01  2.32039164e-01  2.32227347e-01
 -9.39644078e-02  2.58970699e-01  4.85179813e-01  4.50142014e-01
  1.70518678e-01  1.06394825e-01  1.26905695e-01  2.24028732e-01
 -1.21111552e+00  3.98747461e-01  3.41107484e-01  4.70024745e-01
  4.76411816e-01  3.34282520e-01  4.49019485e-01  2.29978937e-01
  4.12114717e-01  3.29193070e-01  5.26888721e-01  3.84581738e-01
  3.49749016e-01  3.03587123e-01  2.63897777e-01  5.87921766e-02
  3.90050863e-01  4.43161137e-01  5.08396273e-01  3.99776544e-01
  4.06997224e-01  3.55656527e-01  1.80423056e-01  3.14488792e-01
  3.73472493e-01  4.41306184e-01  4.35920593e-01  3.75714861e-01
  3.89587710e-01  9.98961528e-02  2.30006758e-01  2.14770167e-01
  2.16901030e-01  4.55930271e-01  3.10002053e-01  1.75253965e-01
  4.83603890e-01  4.59264121e-01  2.21789232e-01  2.89654543e-01
  3.86065807e-01  5.04212201e-01  4.97796498e-01  5.07002881e-01
  5.14406651e-01  3.73490522e-01  3.88150073e-01  2.86756395e-01
  4.59200708e-01  5.06592055e-01  5.11288415e-01  5.07156251e-01
  5.19240211e-01 -5.28565250e+00  3.84087880e-01  5.62400198e-01
  5.47618169e-01  6.15775344e-01  5.75333132e-01  4.65067649e-01
  5.28270233e-01 -4.34951208e+00  5.07931917e-01  1.74120428e-01
  2.09335472e-01 -3.77414413e-01  2.19214545e-01  7.24915681e-02
  2.41480327e-01  1.53450380e-01  1.29088851e-01  2.31593665e-01
  9.46763569e-02  7.19063577e-02  2.83333965e-01  1.08505849e-01
  7.66225912e-02  6.99503326e-02  1.88293797e-01  1.73615916e-01
  2.51406482e-01  1.50733927e-01  1.42211513e-01  2.61553409e-01
  1.61426453e-01  1.14075727e-01  2.49031425e-01  2.21201751e-01
  1.58376029e-01 -3.60439086e-02 -9.69186213e-03  6.45776273e-02
  2.28494298e-01  1.99843591e-01  1.46679107e-01  1.49417915e-01
  1.40233199e-01  1.31362016e-01 -1.57197273e-01  2.18000360e-01
  2.69752959e-01  2.21572326e-01  2.78503345e-01  1.78580815e-01
  2.69704797e-01  2.30140638e-01  2.60508494e-01  2.92268724e-01
 -7.07536859e-01  1.53981820e-01  1.92658992e-01  4.38636316e-01
  4.31497148e-01  3.27666109e-01  2.85301322e-01  2.08665803e-01
  4.79795001e-01  3.55801940e-01  4.44589134e-01  3.98190291e-01
 -2.91267120e-02  2.36928464e-01  2.59112956e-01  1.86428082e-01
  1.89629086e-01  2.80215942e-01  1.45356059e-01 -1.07664961e-01
  5.52350637e-02  7.51489428e-03 -1.25212821e-01  8.78618555e-02
  1.93085502e-01 -3.33030325e-01 -4.36015177e-01 -5.36922407e-02
  1.62857819e-01  7.22505583e-02  1.72025963e-01  2.49155634e-02
 -9.35036880e-02  1.76367329e-01  2.17028364e-01 -1.63564224e-01
  1.74292343e-01  2.56630891e-01  1.47070512e-01  1.08647701e-01
 -6.07926163e-02  2.44096940e-01  3.70282023e-02 -2.51347651e+00
 -1.51472591e-02  8.93068762e-02  6.32203960e-02 -7.05435657e-02
  1.86870025e-01 -1.06443615e-02 -4.80036163e-01  2.74524056e-02
  1.65221114e-01  2.76709917e-01  1.75456442e-01  6.21817595e-02
  2.34401782e-01  6.97717156e-02  2.65085071e-01  5.99952304e-02
  2.34534078e-01  2.10822754e-01  4.83759233e-02  3.19022079e-01
  2.49048162e-01  2.88695186e-01  9.26606083e-02 -2.35263726e-01
  6.47477387e-02  1.15401764e-01  8.71422171e-02  1.34476472e-01
  8.48216942e-02 -2.41120187e-01]",0.325256458423801,0.5528768129186279
TVSD,Model B (Qwen3),features/visual-blocks-6,monkeyF/V1,100000.0,0.7459471821784973,0.7671418513764934,0.5541712641716003,0.5830751543179135,"[0.77733934 0.6511816  0.9072269  0.8897841  0.5598635  0.80808824
 0.875499   0.8420526  0.67347413 0.82397306 0.83148223 0.86465114
 0.6955857  0.76895094 0.7575051  0.73885053 0.8101861  0.63478994
 0.78280044 0.8009213  0.74686486 0.83643556 0.7837411  0.7351764
 0.81300247 0.7428433  0.8590011  0.7631576  0.6719226  0.8921399
 0.8472614  0.7785102  0.8211452  0.8073498  0.7967592  0.64528817
 0.7451556  0.76474196 0.8266447  0.8302701  0.84191275 0.88368154
 0.8842817  0.76010215 0.8628353  0.832899   0.8361524  0.7987851
 0.8721193  0.9003121  0.9188574  0.7620226  0.7234681  0.7043605
 0.8707245  0.7983656  0.9230324  0.74225444 0.8008044  0.8283019
 0.7716989  0.6848283  0.7408969  0.7440298  0.7869587  0.792957
 0.81027514 0.8516342  0.82745373 0.83719635 0.86282164 0.7904512
 0.80737054 0.8064279  0.7943545  0.77336174 0.86937374 0.79221195
 0.88853526 0.8036794  0.83091515 0.83128303 0.820908   0.85344064
 0.82072806 0.8846141  0.8349762  0.8214871  0.76843894 0.8090375
 0.71491396 0.84360045 0.8844776  0.86971897 0.9096162  0.79330546
 0.7738655  0.8097113  0.8163957  0.81646055 0.76296914 0.8348319
 0.77311677 0.8611591  0.8882621  0.8618161  0.81268    0.7687707
 0.81714904 0.81987363 0.8377196  0.74477285 0.7475402  0.82000655
 0.8742479  0.70752794 0.74023515 0.7571068  0.7191594  0.5558672
 0.61339855 0.6783634  0.7941257  0.66142696 0.6922868  0.6145995
 0.51691014 0.8471372  0.7781594  0.8132462  0.7794501  0.76009697
 0.5622967  0.7827241  0.82671076 0.67990136 0.74064857 0.7204731
 0.56577957 0.7624624  0.72078925 0.8028722  0.8224628  0.8109922
 0.653425   0.5400978  0.7934583  0.5082227  0.7380716  0.74679023
 0.7598958  0.8526212  0.85092247 0.7311523  0.8620145  0.8525531
 0.84594905 0.78149426 0.74895906 0.6354515  0.8492425  0.7925483
 0.7363893  0.84115344 0.8164804  0.82226115 0.85201156 0.7995531
 0.81878823 0.7479481  0.88422513 0.9157972  0.80339164 0.8430916
 0.906681   0.9033332  0.86492634 0.85365224 0.8833876  0.8854518
 0.8500625  0.7590976  0.8670247  0.91457516 0.7263532  0.8426587
 0.8753146  0.85185516 0.86663204 0.74806285 0.8625587  0.88054156
 0.7772449  0.793554   0.84362024 0.828139   0.8038483  0.81632406
 0.8205083  0.76393694 0.858656   0.89854056 0.85451627 0.8289776
 0.82422704 0.81621015 0.84860176 0.8970879  0.8716116  0.8143822
 0.86895    0.85658056 0.8859868  0.81730527 0.7696767  0.83644474
 0.8734057  0.8906707  0.8409597  0.9169488  0.71155596 0.8014462
 0.7626129  0.887765   0.87820596 0.82846564 0.8456086  0.910147
 0.86071914 0.62921864 0.6199772  0.5512979  0.5002314  0.55754286
 0.65035814 0.6374514  0.60892487 0.62880903 0.7808668  0.61725587
 0.5680138  0.7469151  0.619315   0.6312193  0.5985991  0.7828746
 0.71960205 0.6917782  0.74072504 0.53870463 0.5713678  0.62494266
 0.6644101  0.78376067 0.7185536  0.6995983  0.7669157  0.659926
 0.49099976 0.5963658  0.74307853 0.7809896  0.7130919  0.7388414
 0.72427714 0.7916701  0.76763666 0.81500804 0.7295913  0.7139703
 0.7342287  0.6885845  0.697337   0.65272015 0.86357194 0.78642243
 0.69701093 0.6598852  0.69378066 0.6779042  0.7166507  0.79007506
 0.7450878  0.7971142  0.7680161  0.7582197  0.80683863 0.7023137
 0.7835262  0.7911665  0.8041495  0.75791484 0.73639774 0.7624185
 0.67983675 0.63184077 0.7763225  0.8333108  0.82751393 0.8261713
 0.8097013  0.7788871  0.7016896  0.67315763 0.8030617  0.8431856
 0.8252293  0.8022663  0.76472276 0.6240629  0.64337957 0.71714973
 0.7384964  0.8493769  0.6743932  0.6678965  0.84669363 0.82788205
 0.6475845  0.61121005 0.7675988  0.87294936 0.8661538  0.8624792
 0.86385494 0.80296785 0.7841211  0.6754122  0.8367368  0.8944339
 0.86404085 0.8604919  0.8429522  0.79923606 0.83401155 0.8774286
 0.89355    0.8954577  0.8706803  0.825669   0.84090143 0.8075568
 0.8739887  0.6587552  0.6701928  0.5901998  0.6627396  0.59463966
 0.6734384  0.6469312  0.6651168  0.7056231  0.57403034 0.63115805
 0.7540471  0.58679795 0.6498325  0.6940164  0.6425264  0.6678833
 0.7403714  0.6207138  0.6110375  0.68389904 0.62696564 0.6285838
 0.62863106 0.71468306 0.67812115 0.5786321  0.6239925  0.67305124
 0.707138   0.64670014 0.6698098  0.6606454  0.6105615  0.66601527
 0.7466525  0.70995814 0.75275195 0.7119131  0.674361   0.6762118
 0.7525114  0.7956136  0.7722252  0.7845758  0.6200218  0.6808045
 0.76014286 0.8352679  0.83853126 0.81709695 0.80154204 0.75044394
 0.84932387 0.82641804 0.8589764  0.8461275  0.84515345 0.7931789
 0.71532494 0.6861693  0.6713687  0.69422096 0.6649486  0.5092205
 0.57853436 0.6456838  0.5925424  0.5884062  0.6857531  0.36170605
 0.43275547 0.6073905  0.6368937  0.6626047  0.6195423  0.5879519
 0.46515393 0.60388595 0.65918785 0.4592486  0.5230035  0.6872352
 0.6155494  0.6113996  0.51617867 0.66809875 0.5279421  0.29743427
 0.49505374 0.64874136 0.6076149  0.5407789  0.6611524  0.46059856
 0.589486   0.58175755 0.61244726 0.7769312  0.55813384 0.53080314
 0.7592158  0.50307274 0.6516411  0.624918   0.6787588  0.6646324
 0.41603118 0.725493   0.71422327 0.74323106 0.5891298  0.63871825
 0.56236964 0.69568455 0.64669067 0.65333253 0.55426645 0.59334534]","[ 0.60252106  0.37067378  0.8189601   0.7883858   0.27725857  0.64870346
  0.75292367  0.7056607   0.4448101   0.676456    0.67511064  0.74753183
  0.46260464  0.5807581   0.5670626   0.5441597   0.63622755  0.3397342
  0.59744847  0.63476276  0.5494461   0.6974929   0.6117171   0.52659965
  0.6427996   0.5461172   0.7290938   0.57997453  0.4256987   0.7886206
  0.7038187   0.5950047   0.662753    0.6428548   0.6203277   0.41290158
  0.55085975  0.56904924  0.6768804   0.6641836   0.69617915  0.7688384
  0.7665287   0.5777072   0.73491085  0.68401384  0.68946564  0.5942855
  0.7541468   0.8041873   0.84014654  0.58004105  0.52240527  0.49136186
  0.7468059   0.6256552   0.83716106  0.54086375  0.63141423  0.68443245
  0.5918932   0.45937842  0.5158475   0.5484839   0.60499334  0.6267266
  0.6489427   0.719684    0.67523223  0.69388425  0.73926485  0.6189965
  0.6462618   0.64489925  0.6247252   0.5886155   0.74387646  0.6067713
  0.78798044  0.642063    0.6870673   0.6810234   0.6681352   0.7228437
  0.66196126  0.77866405  0.6960081   0.67202675  0.57880354  0.65412515
  0.5027492   0.7057116   0.7815057   0.7465181   0.81296027  0.62301505
  0.5917271   0.6454755   0.6564377   0.6541567   0.56593454  0.6969181
  0.585344    0.73643255  0.78792936  0.74240315  0.6572108   0.5905997
  0.6666463   0.66559434  0.7004353   0.5312177   0.55858946  0.667423
  0.7570964   0.48287857  0.52908844  0.5691462   0.50569695  0.26388502
  0.3755352   0.4476282   0.62864923  0.4130606   0.46600437  0.35087407
  0.24856961  0.7174561   0.6043699   0.6610681   0.6048547   0.5736825
  0.25251967  0.6074287   0.6832017   0.44579124  0.5479051   0.51821053
  0.31538147  0.579724    0.5160961   0.6438216   0.67085636  0.6576773
  0.40394527  0.24086714  0.6163252   0.0792945   0.5437085   0.5555496
  0.5761403   0.72669226  0.7234243   0.511387    0.7367714   0.7219158
  0.7086216   0.5990339   0.5534754   0.39911562  0.71642244  0.6256232
  0.4964062   0.6986215   0.6489864   0.66643107  0.71147805  0.629715
  0.66566694  0.5509      0.77709097  0.8276681   0.6443322   0.6963264
  0.8160188   0.80251473  0.74676615  0.72763443  0.7798836   0.7795499
  0.72116137  0.56833667  0.7442297   0.82135665  0.5247925   0.70732635
  0.76224697  0.72489667  0.7497184   0.53832513  0.73253214  0.75382173
  0.598793    0.61139107  0.71020275  0.6840647   0.6412405   0.64728576
  0.6558269   0.581005    0.72940576  0.8011665   0.7292086   0.6851163
  0.672091    0.635612    0.69970065  0.7986592   0.72525644  0.66246694
  0.7522121   0.732185    0.78210783  0.6520766   0.5731349   0.68008363
  0.7578967   0.79047227  0.70655537  0.83582973  0.47554004  0.6278717
  0.55643845  0.77599037  0.76848924  0.68408054  0.7126248   0.8269559
  0.7396543   0.37212318  0.3574521   0.29368645  0.23153162  0.2855307
  0.39782065  0.40300715  0.35778153  0.3677541   0.5863811   0.37703365
  0.30991548  0.53589755  0.34528095  0.39454186  0.34530872  0.59033346
  0.5133513   0.4670071   0.52229977  0.22772902  0.3240431   0.38548368
  0.4389599   0.58661836  0.51039565  0.4722855   0.5454236   0.43230677
  0.23085034  0.34074926  0.54757506  0.58201087  0.49926424  0.5224526
  0.51068664  0.6208954   0.58542114  0.65222394  0.5290766   0.5004378
  0.5274285   0.44154918  0.47982877  0.38131374  0.7306159   0.6111376
  0.48415834  0.4257365   0.4786995   0.45768017  0.51026225  0.61233693
  0.52344984  0.6330795   0.5872771   0.55781066  0.64866126  0.4852972
  0.60087335  0.62480545  0.64665097  0.5730409   0.54013836  0.5795884
  0.4593585   0.3708809   0.5974233   0.67667365  0.683429    0.6821829
  0.65254354  0.604932    0.48654813  0.44427353  0.64215446  0.7082305
  0.67963624  0.6416713   0.5646788   0.33504105  0.39521408  0.51428115
  0.53363013  0.71868515  0.40250885  0.4054653   0.71628594  0.68450606
  0.41656464  0.29884446  0.5890631   0.7609342   0.74945724  0.7406298
  0.7436079   0.6443377   0.6146866   0.41082162  0.697651    0.79544175
  0.7425525   0.73683274  0.71012723  0.63555735  0.67619497  0.7674721
  0.78939545  0.7981987   0.755456    0.6720267   0.7069206   0.6427877
  0.7587356   0.4301169   0.43079937  0.33836496  0.43749642  0.34384137
  0.45110667  0.41089267  0.44108355  0.49603093  0.32244635  0.3885374
  0.55665946  0.33857578  0.41428906  0.48073554  0.4101671   0.44524795
  0.533351    0.36549312  0.36008084  0.4644243   0.39014375  0.38321954
  0.38565212  0.509012    0.4586115   0.32394898  0.38053375  0.4488042
  0.4978667   0.4053715   0.44713306  0.43500918  0.3664205   0.43973356
  0.5530769   0.5004711   0.5618496   0.50220144  0.44892365  0.45210534
  0.55851984  0.63275176  0.5954642   0.61486924  0.32082015  0.45681995
  0.5715487   0.6963156   0.7030045   0.6656074   0.6419352   0.5519805
  0.72119975  0.6780174   0.7349051   0.7146611   0.71319973  0.6237606
  0.51072943  0.4691491   0.44259018  0.47865272  0.43253338  0.17810494
  0.25743115  0.41139054  0.3162294   0.33041066  0.46687543  0.00679481
 -0.1142112   0.366768    0.38693416  0.41627783  0.34936875  0.3123471
  0.13687181  0.35583395  0.43249816  0.13355064  0.20031369  0.4652019
  0.37636083  0.3679707   0.21230155  0.44554847  0.25154597 -0.17787015
  0.21752185  0.41025543  0.33908278  0.27462018  0.43399352  0.13049817
  0.3433867   0.33198822  0.35996044  0.60324144  0.28874898  0.19689947
  0.5483761   0.21870643  0.40944308  0.36633056  0.45273346  0.42011082
  0.08052504  0.5219236   0.50459146  0.551915    0.28863448  0.35040444
  0.27953202  0.46207178  0.41607642  0.4207732   0.23784614  0.27783495]","[0.82475635 0.6877834  0.91830929 0.91187174 0.59497621 0.82558468
 0.88231131 0.85351638 0.71396211 0.84375715 0.85610255 0.89077384
 0.74122455 0.79258788 0.77804792 0.75319702 0.83330936 0.67065849
 0.82799987 0.82692999 0.7782494  0.84971772 0.80337325 0.74572814
 0.83637426 0.78255463 0.8746821  0.77668255 0.7004861  0.89721979
 0.85225105 0.78933765 0.838434   0.83981695 0.82613614 0.66111601
 0.75505663 0.7810832  0.83316082 0.83466854 0.85199418 0.90068693
 0.90184952 0.77031683 0.86686268 0.83778991 0.84854564 0.80805912
 0.89475242 0.91353694 0.93775735 0.77375174 0.73108199 0.72181817
 0.88159835 0.80857736 0.93210383 0.7708059  0.82844296 0.85114584
 0.78177775 0.70390521 0.754962   0.75821068 0.79685879 0.7991323
 0.81953002 0.85628743 0.8317093  0.87100318 0.88780677 0.79730084
 0.81259193 0.81053882 0.79829559 0.7774933  0.8753279  0.82423296
 0.90237862 0.81068409 0.83723755 0.83580127 0.82451365 0.85921015
 0.83980839 0.90215659 0.86104671 0.8295034  0.77242793 0.81222205
 0.71824682 0.85424061 0.90116365 0.88284188 0.9278263  0.80405312
 0.77746639 0.81664577 0.82569035 0.83951111 0.83893536 0.88007242
 0.77826383 0.86821834 0.8982562  0.87923576 0.85113023 0.85275156
 0.83041684 0.84540492 0.85684029 0.77620296 0.75556603 0.85807581
 0.90238697 0.74285498 0.76837234 0.79273467 0.75314027 0.59351809
 0.63876463 0.71909819 0.80517007 0.71041573 0.72162325 0.67635482
 0.55361534 0.85480013 0.78645214 0.83060884 0.796807   0.78102166
 0.63571587 0.79000623 0.83604158 0.74875436 0.77768648 0.74649087
 0.6050473  0.76924499 0.75960981 0.83480458 0.84518475 0.85164608
 0.72192432 0.6010964  0.85719966 0.56127115 0.76396641 0.76604074
 0.77224021 0.8624053  0.86390542 0.74200186 0.87943224 0.86600349
 0.8619325  0.79046407 0.78259784 0.64739442 0.85854436 0.80749543
 0.76359483 0.84882545 0.82706994 0.82641125 0.85414442 0.80457687
 0.82161659 0.77187885 0.88906359 0.91919705 0.88241916 0.84543952
 0.90875648 0.90566747 0.87312321 0.86668229 0.90302861 0.89667539
 0.86808966 0.7611917  0.87021328 0.91851057 0.73575083 0.85519027
 0.88730835 0.87125371 0.87894029 0.75091641 0.86565915 0.8829201
 0.79181039 0.82508275 0.86571795 0.84955571 0.82716267 0.81913357
 0.82475458 0.78680525 0.86835714 0.91272559 0.8793092  0.85364871
 0.83070535 0.81877788 0.85203764 0.90434981 0.87516606 0.8256408
 0.8990116  0.88279543 0.89349209 0.8206143  0.77262138 0.83893631
 0.87761742 0.898728   0.85730261 0.92192541 0.76034301 0.80899717
 0.76925858 0.8926324  0.88177951 0.86273993 0.87913019 0.91701762
 0.86519118 0.71178394 0.68237656 0.60180043 0.51636676 0.58864655
 0.73026918 0.67180312 0.66552904 0.69975299 0.78758214 0.64911229
 0.60997181 0.75630518 0.69285993 0.67400002 0.64168623 0.78954455
 0.73226222 0.71126338 0.75004234 0.58696605 0.58572453 0.66164375
 0.69278308 0.78803884 0.7280996  0.70666929 0.77243064 0.67708423
 0.50442281 0.63560887 0.74655955 0.78527057 0.71993413 0.75182626
 0.72788075 0.7983489  0.77290932 0.82005547 0.73363834 0.71715969
 0.7372056  0.69372471 0.70444315 0.70034499 0.86678907 0.78995957
 0.7072681  0.66289493 0.69843268 0.68107784 0.72337458 0.79457975
 0.74991907 0.81532068 0.79476284 0.82100504 0.83037235 0.73951068
 0.78772357 0.79855593 0.82468945 0.77675118 0.77692404 0.80671182
 0.71623134 0.67724148 0.78993723 0.87649188 0.83643398 0.85359083
 0.82740153 0.80552124 0.72390585 0.71678451 0.80927462 0.85075707
 0.85017112 0.83914665 0.80138846 0.68258655 0.69056043 0.74157799
 0.75767955 0.8632542  0.73006669 0.71002712 0.8664817  0.85513638
 0.68777501 0.67423005 0.77480537 0.88679152 0.88104997 0.8810697
 0.8828306  0.82668631 0.8120324  0.73518556 0.84336442 0.90248168
 0.88062412 0.87813034 0.87774536 0.83709788 0.87753817 0.88593884
 0.90452935 0.9077908  0.88698052 0.84407716 0.86750697 0.83317143
 0.88396891 0.66508798 0.6767688  0.59816466 0.67300173 0.61051884
 0.68940449 0.67244188 0.68328037 0.71478792 0.59031494 0.64358503
 0.76383542 0.5998082  0.69578149 0.70391434 0.65704417 0.67468348
 0.74424759 0.65999454 0.62335235 0.69033474 0.64293254 0.64378156
 0.66324841 0.72096787 0.68914585 0.61894231 0.64746187 0.69124562
 0.7321881  0.66073032 0.68497883 0.67568117 0.63820957 0.67958268
 0.76408113 0.72690302 0.76700645 0.72309656 0.69744158 0.69891005
 0.76016232 0.81190894 0.78711878 0.79554588 0.69738186 0.71211336
 0.79565706 0.85344349 0.84509724 0.82680205 0.81019846 0.76353494
 0.85937166 0.83391204 0.86440057 0.85000359 0.84998633 0.80139928
 0.7234344  0.69771395 0.68385887 0.70956098 0.68781848 0.5780403
 0.6256326  0.67457112 0.6358863  0.61355703 0.71888371 0.41097242
 0.48925597 0.66817806 0.68252283 0.69526548 0.64392162 0.605912
 0.48102812 0.6218674  0.67165626 0.49745493 0.57749045 0.70095676
 0.62502636 0.63030575 0.54826514 0.68520742 0.56406055 0.33794399
 0.50919035 0.66374099 0.63207639 0.5736693  0.67916944 0.49314579
 0.61330794 0.61153899 0.64107354 0.78394846 0.57706353 0.55691398
 0.77134024 0.5299565  0.67760863 0.69049241 0.6995923  0.68473172
 0.43725681 0.73385006 0.72557949 0.75870572 0.63191271 0.68375805
 0.60570039 0.75473001 0.67906272 0.68386526 0.61209381 0.66472167]","[ 0.67826948  0.41351477  0.83909055  0.82801277  0.31312653  0.67709855
  0.76468633  0.72500538  0.49989998  0.70933018  0.7156828   0.79338275
  0.52530103  0.61701094  0.59823603  0.56549711  0.67306255  0.37921198
  0.66843452  0.676658    0.59659367  0.71982043  0.64274705  0.54182436
  0.68028861  0.60606722  0.75595586  0.60071372  0.46266094  0.79762703
  0.71213283  0.61167029  0.69095468  0.69559857  0.66691466  0.43340557
  0.56559582  0.59362831  0.68759362  0.6712394   0.71295169  0.79871388
  0.79728818  0.59333861  0.74178744  0.69207074  0.71005533  0.60816511
  0.79379775  0.82798646  0.8750639   0.59803456  0.53345884  0.51602067
  0.76557501  0.64176285  0.85369691  0.58327362  0.67575104  0.72270528
  0.60745513  0.48532826  0.53561902  0.56959085  0.62031096  0.63652612
  0.66385169  0.72757002  0.68219549  0.7510552   0.78269922  0.62977075
  0.65464779  0.65149101  0.63093959  0.59492144  0.75410067  0.6568137
  0.81272513  0.65330394  0.69756278  0.68844661  0.67401736  0.73265001
  0.69309764  0.80985311  0.74014962  0.68520634  0.58482832  0.65928484
  0.50744766  0.72362585  0.81127069  0.76921598  0.84583632  0.64001056
  0.59724661  0.65657876  0.67146984  0.69161478  0.68424126  0.77449833
  0.59316388  0.74855567  0.80575956  0.77271844  0.72087106  0.7266824
  0.6884703   0.7076937   0.73277459  0.57699952  0.57064828  0.7308325
  0.80661745  0.5323029   0.57007541  0.62397226  0.55461515  0.30084346
  0.40723666  0.50300122  0.64625685  0.47651341  0.50633615  0.42492865
  0.28512425  0.73049454  0.61731992  0.68959676  0.63209258  0.60570304
  0.32276784  0.61878384  0.69871086  0.54065278  0.60407388  0.55631361
  0.36067854  0.59008396  0.57318538  0.6960531   0.70843551  0.72526684
  0.49307661  0.29834656  0.71932592  0.09671201  0.58252912  0.58456032
  0.59501097  0.74346601  0.74566802  0.52667654  0.76684646  0.74487418
  0.73565213  0.61286395  0.60430952  0.41425887  0.7322025   0.64944374
  0.53376272  0.71142363  0.66592994  0.67317523  0.71504464  0.63765317
  0.67027373  0.58671622  0.78561869  0.83382488  0.77732934  0.70021016
  0.81975899  0.80666761  0.76098736  0.75001702  0.81494857  0.79943761
  0.75207285  0.57147673  0.74971368  0.82844045  0.53845993  0.72852075
  0.78327904  0.75828745  0.77116523  0.54243996  0.73780772  0.75789971
  0.62144591  0.66093861  0.74789601  0.71990372  0.6789762   0.65174892
  0.66263254  0.61631017  0.74598062  0.82666177  0.77213696  0.72650247
  0.68269762  0.63961746  0.70537813  0.81164186  0.73118375  0.68091039
  0.80515839  0.77768651  0.79541458  0.65736743  0.57752879  0.68414129
  0.76522378  0.80483868  0.73428405  0.84492706  0.54298532  0.63975864
  0.56617874  0.78452284  0.77475617  0.74185329  0.77024438  0.83948826
  0.7473603   0.47618963  0.43302667  0.34995823  0.246709    0.31827716
  0.50158912  0.44761292  0.42739017  0.45541728  0.59651003  0.41695514
  0.35739218  0.54945666  0.43215572  0.44983405  0.39680844  0.60043541
  0.53157329  0.49368583  0.53552202  0.27036031  0.34053212  0.43208987
  0.47725108  0.59303998  0.52404696  0.48188072  0.55329622  0.45507917
  0.24364494  0.38706986  0.5527174   0.58840892  0.50889124  0.54097775
  0.51578108  0.63141577  0.59349092  0.66032754  0.53496242  0.50491881
  0.5317141   0.44816601  0.48965795  0.43898782  0.73606968  0.6166475
  0.49851286  0.42962887  0.48514069  0.46197551  0.51988208  0.61933943
  0.53026011  0.6623295   0.62889412  0.6540159   0.68705317  0.53806455
  0.6073284   0.63653124  0.68010695  0.60187824  0.60122529  0.6488879
  0.50985787  0.42609485  0.61856167  0.74861936  0.69824224  0.72821585
  0.68138479  0.64701083  0.51784513  0.5037257   0.65212896  0.72100686
  0.72133991  0.70202285  0.62012552  0.4008268   0.45530377  0.54991376
  0.56171327  0.74236102  0.47170901  0.45823181  0.7501578   0.73031652
  0.46987495  0.36364737  0.6001758   0.78525742  0.77545739  0.77290202
  0.77663524  0.68296545  0.65922579  0.48675392  0.7087467   0.80982029
  0.77132921  0.76734971  0.76995858  0.69719954  0.74861724  0.78243182
  0.80891381  0.82033725  0.78400695  0.7023262   0.75236124  0.68421111
  0.77616279  0.4384263   0.43929496  0.34755914  0.4511501   0.36245036
  0.47275022  0.4439374   0.46550348  0.50899978  0.34100074  0.40398798
  0.57120531  0.35375575  0.47494833  0.49454566  0.42891182  0.45436089
  0.5389503   0.41321601  0.37474124  0.47320618  0.41026832  0.40197436
  0.42929566  0.51800369  0.47364465  0.37065673  0.40969705  0.47339694
  0.53376495  0.42315138  0.4676146   0.45503541  0.40035714  0.45783169
  0.57919854  0.52464614  0.58333003  0.51810354  0.48017913  0.48296621
  0.56993475  0.65893659  0.61865465  0.63218383  0.4058719   0.4998026
  0.62620228  0.72694922  0.71405711  0.68151285  0.65587553  0.57140635
  0.73836477  0.69036972  0.74421579  0.7212238   0.7213797   0.63675667
  0.5223751   0.48506854  0.45921127  0.50003976  0.46279769  0.22949883
  0.301052    0.44902443  0.36418521  0.35926047  0.51307722  0.00877185
 -0.14598083  0.44385369  0.44436265  0.45832717  0.37740543  0.33172104
  0.1463732   0.37734023  0.44901412  0.15669595  0.24422551  0.48396415
  0.38803892  0.39107991  0.23951589  0.46865986  0.28714164 -0.22962043
  0.2301222   0.42944588  0.36693411  0.30904108  0.45796926  0.14959254
  0.37170094  0.36684865  0.39439653  0.6141876   0.30866757  0.21674737
  0.56603076  0.24270596  0.44272546  0.44724442  0.48095194  0.44590442
  0.08895131  0.53401706  0.52076515  0.57513687  0.33207823  0.401565
  0.32426757  0.54383601  0.45877495  0.46102089  0.2900647   0.34869962]",0.6815284040533122,0.8132893416452482
