dataset,model,layer,target,alpha,pearsonr,pearsonr_nc,explained_variance,explained_variance_nc,r_per_channel,ev_per_channel,r_nc_per_channel,ev_nc_per_channel,encoding_rsa,encoding_cka
TVSD,Model A (ResNet),features/layer1-0,monkeyF/IT,100000.0,0.4710204601287842,0.48776561526043527,0.1494564265012741,0.1529971814527073,"[0.4044529  0.05957298 0.20903708 0.16751756 0.19683821 0.22571455
 0.6089172  0.6213321  0.19916083 0.2177583  0.2504238  0.28460157
 0.29398754 0.45430237 0.50995106 0.6195676  0.24125049 0.22108911
 0.30818167 0.40082824 0.3672787  0.4908023  0.6256964  0.31981456
 0.41411778 0.38543215 0.44392776 0.39034367 0.45335898 0.5289008
 0.5186668  0.5191818  0.41043139 0.38597786 0.5719252  0.46763587
 0.4448189  0.66519094 0.3700791  0.44344094 0.17052186 0.3633806
 0.32610896 0.5206548  0.46215445 0.46112543 0.45945853 0.30903813
 0.40006372 0.55387664 0.49120703 0.43944106 0.32681388 0.3638336
 0.37416422 0.4027767  0.09480681 0.35159856 0.40022764 0.40876505
 0.40813643 0.37942606 0.3929001  0.45434222 0.4865696  0.44986838
 0.47943866 0.4338634  0.38964885 0.3090911  0.384634   0.38103592
 0.4796747  0.38050976 0.48768014 0.37812886 0.38123176 0.34810993
 0.4337759  0.3808795  0.62602556 0.52020437 0.33450636 0.40873045
 0.33346125 0.31408367 0.19892798 0.56990105 0.67859143 0.6257952
 0.51970565 0.6619317  0.6386578  0.73361415 0.6856961  0.41635293
 0.39689973 0.5251326  0.4050208  0.45947286 0.26577318 0.60463893
 0.5632798  0.35803586 0.3138793  0.40430704 0.49488437 0.51682854
 0.34356084 0.37682596 0.1652116  0.21709411 0.557133   0.40914306
 0.35298005 0.41459835 0.23507605 0.28769776 0.6495428  0.1989638
 0.36011517 0.30509496 0.21480666 0.28562218 0.5826238  0.17760669
 0.18920185 0.33532545 0.2874224  0.2716691  0.1227143  0.44436273
 0.36595815 0.40827397 0.4377396  0.46946475 0.4808713  0.51259553
 0.4461305  0.4287896  0.41521752 0.46006984 0.36872318 0.50006914
 0.43089613 0.34804672 0.52522236 0.53317606 0.450148   0.39439112
 0.39864963 0.44093922 0.44514787 0.34056222 0.51461387 0.5109647
 0.5416771  0.46542197 0.4486294  0.3879395  0.44426662 0.5903004
 0.6731132  0.625538   0.41904712 0.45694748 0.5157685  0.75218016
 0.7375773  0.6457848  0.5340271  0.49701026 0.5478255  0.7412458
 0.7663982  0.6544642  0.26488066 0.49696967 0.05967848 0.45297715
 0.4932178  0.63900405 0.4416728  0.64622766 0.6959137  0.6226424
 0.7035351  0.739853   0.77520055 0.7285058  0.497323   0.6719934
 0.74295735 0.7684448  0.712861   0.726841   0.7488211  0.62645096
 0.6704317  0.7003183  0.7144738  0.75431716 0.35592353 0.6693182
 0.6721109  0.61638063 0.79108304 0.8593887  0.7781256  0.6431757
 0.4899516  0.4427289  0.6530034  0.7628784  0.8314685  0.69009095
 0.62695223 0.2678915  0.51987    0.65447885 0.7418325  0.85855496
 0.4700819  0.30484566 0.6187895  0.46974266 0.5617743  0.67298824
 0.35050094 0.38137043 0.4105237  0.49290568 0.46480474 0.6413568
 0.62680674 0.5690701  0.483332   0.45280483 0.4803005  0.612639
 0.38954443]","[ 1.39901936e-01 -1.42064810e-01 -2.67989635e-02 -2.17035174e-01
 -2.44219661e-01 -2.26342201e-01  3.39580655e-01  3.43888223e-01
  7.67153502e-03 -9.43970680e-03 -1.62136555e-03 -2.32380629e-02
 -6.54957294e-02  8.50347877e-02  1.50784373e-01  3.42000425e-01
 -4.65308428e-02 -6.42853975e-02  9.43042636e-02  7.80494809e-02
  7.34335184e-02  1.68478310e-01  3.59505117e-01 -1.06463408e+00
  1.19153798e-01  1.03464663e-01  1.79947913e-01  6.18011951e-02
  1.40140474e-01  1.99697196e-01 -5.48708439e-03  2.68875360e-01
  1.61146581e-01  1.44506395e-01  2.81504989e-01  1.34956300e-01
  8.93625021e-02  3.32110047e-01  1.14200830e-01  1.95912898e-01
 -7.63162374e-02  4.18030620e-02 -1.57947302e-01  1.94571316e-01
  2.08488166e-01  2.05442905e-01 -2.44768858e-02  4.94714379e-02
  1.48565173e-01  2.09936976e-01  1.24020457e-01  1.86280608e-01
 -5.35429716e-02  9.68236327e-02  1.13347232e-01  1.54069245e-01
 -2.03296113e+00 -2.88575888e-02  1.31066442e-01  1.56749666e-01
  1.63113654e-01  1.41159058e-01  1.46172643e-01  2.01404691e-01
  2.32169807e-01  1.99980855e-01  2.13157058e-01  1.79726243e-01
  1.39934421e-01  1.90566778e-02  1.37076020e-01  1.35439992e-01
  2.26389766e-01  1.37904346e-01  2.26170361e-01  5.53635955e-02
  1.03480339e-01  1.00390136e-01  1.80683136e-01  1.38160110e-01
  3.78944159e-01  2.40253091e-01  7.72095919e-02  1.61218941e-01
 -1.18809938e-02  3.99157405e-02 -4.03167009e-01  2.84345984e-01
  3.95958126e-01  3.74407887e-01  2.15139091e-01  3.68240237e-01
  4.03828502e-01  5.20935416e-01  4.67599094e-01  1.20694220e-01
  1.51312172e-01  2.52942502e-01  9.44690704e-02  1.84091330e-01
 -9.77293253e-02  3.50469470e-01  3.10614169e-01  6.05088472e-02
 -5.84646463e-02  1.26942039e-01  2.39325404e-01  2.65949368e-01
  9.64977741e-02  8.91674161e-02 -2.17282891e-01 -1.56860709e-01
  3.02301645e-01  1.61943555e-01 -2.19876766e-02  1.47793233e-01
 -3.24076056e-01 -5.06992340e-02  3.99451196e-01 -2.32836485e-01
 -3.59034538e-02 -6.30013943e-02 -1.16770148e-01  7.39025474e-02
  2.67963529e-01 -8.05113316e-02 -1.16097689e-01 -8.99115801e-02
 -1.16674662e-01 -1.57375455e-01 -6.45579100e-02  1.69851601e-01
  3.13997865e-02  1.44954979e-01  1.53987288e-01  1.99180722e-01
  2.06783414e-01  2.43868232e-01  1.43276036e-01  1.53455198e-01
  1.33767188e-01  1.54982686e-01  5.80637455e-02  2.44817674e-01
  1.70885265e-01  1.20287359e-01  2.71600783e-01  2.78533638e-01
  1.61724210e-01  8.84991884e-02  5.91077209e-02  1.62161052e-01
  1.82223618e-01  7.85202384e-02  2.61153162e-01  2.59632111e-01
  2.70780146e-01  1.70332432e-01  1.77496016e-01  1.09640956e-01
  1.97337389e-01  3.34995568e-01  4.49810386e-01  3.73793602e-01
  6.24584556e-02  1.97691858e-01  2.45894253e-01  5.64528465e-01
  5.43932438e-01  3.95351112e-01  1.75807118e-01  2.32149363e-01
  2.92428970e-01  5.43749094e-01  5.82150102e-01  3.51344526e-01
 -2.18674541e-01  1.69909894e-01 -3.46066475e+00  1.63853943e-01
 -2.40174603e+00  3.74428809e-01  1.50370657e-01  4.08015311e-01
  4.82707858e-01  3.86821926e-01  4.88919020e-01  5.42003632e-01
  5.95110238e-01  5.24130821e-01 -2.04847217e-01  4.34835076e-01
  5.46202064e-01  5.72161257e-01  4.99160409e-01  5.14605403e-01
  5.30411124e-01  3.67248774e-01  4.39451337e-01  4.85654294e-01
  4.92157221e-01  5.62560022e-01 -5.83807230e-02  4.10030961e-01
  4.16472971e-01  2.63914824e-01  6.15517378e-01  7.19620764e-01
  5.98543406e-01  4.11408365e-01  1.99702680e-01  1.74726009e-01
  3.41113925e-01  5.44696808e-01  6.78293526e-01  4.70137596e-01
  3.86177897e-01  3.48067284e-02  2.65336752e-01  3.58283997e-01
  4.99027252e-01  7.12134600e-01  1.62475944e-01 -1.01293921e-01
  3.80868316e-01  2.09142268e-01  3.03919673e-01  3.55132282e-01
  1.15945935e-02  1.26064003e-01  1.12562120e-01  2.36325383e-01
  2.08447039e-01  3.03958356e-01  2.49089003e-01  1.94249868e-01
  1.35950685e-01  1.72739983e-01  7.08292723e-02  3.41875970e-01
  1.50092661e-01]","[0.40959568 0.06051984 0.21169476 0.17018562 0.20256673 0.23814621
 0.62520939 0.6620601  0.20313348 0.22140248 0.25372658 0.28864201
 0.2985988  0.47019595 0.54432936 0.66691234 0.24828083 0.23131961
 0.31341977 0.40725855 0.37182898 0.50806503 0.64525327 0.34865219
 0.42534227 0.38876611 0.44764509 0.40129663 0.46504683 0.54785936
 0.56108734 0.5240868  0.4148264  0.38923057 0.57792211 0.48365851
 0.4649318  0.6957051  0.37816726 0.44596646 0.17273956 0.38256695
 0.35229291 0.53602636 0.46816288 0.46578614 0.51817228 0.31842784
 0.40999289 0.575568   0.49972457 0.44436505 0.34592851 0.37631065
 0.38573478 0.41077719 0.09610353 0.35564318 0.41368234 0.41425118
 0.41304898 0.38125169 0.396851   0.45705086 0.49315433 0.45462511
 0.48674513 0.4399525  0.39853347 0.32689719 0.39820191 0.3896406
 0.48440231 0.3821061  0.49938702 0.40266133 0.41054758 0.36164584
 0.45541371 0.38272179 0.63535625 0.5426837  0.35528624 0.41701981
 0.37006553 0.33588739 0.22432101 0.57453455 0.68466616 0.63616329
 0.53798182 0.66971162 0.66152365 0.74314308 0.69981232 0.45339478
 0.40344815 0.53808649 0.43516805 0.49135993 0.29097377 0.61813879
 0.568481   0.37197846 0.34818828 0.42657204 0.51411221 0.52769378
 0.34722389 0.38713101 0.18482845 0.24670892 0.5619477  0.41607006
 0.3621206  0.42312931 0.24556901 0.29305902 0.66226684 0.21894117
 0.3907824  0.34398227 0.23116376 0.29237629 0.58741096 0.18298803
 0.19840734 0.37345001 0.32416199 0.30700488 0.12578991 0.44788769
 0.38828816 0.42095678 0.49805436 0.47930466 0.49117436 0.51513186
 0.4763213  0.45330942 0.43881271 0.47227812 0.40525286 0.50516574
 0.43516587 0.34929345 0.53430855 0.54064324 0.47757938 0.41379769
 0.41536028 0.46290426 0.44996885 0.34500117 0.53486468 0.51834368
 0.55721961 0.51166626 0.46381126 0.39296864 0.45193804 0.62981415
 0.69154509 0.64653427 0.47314011 0.47105258 0.53216134 0.76008396
 0.74949056 0.68418911 0.58447053 0.51096893 0.55832303 0.74877829
 0.77769099 0.70071507 0.29288514 0.54509772 0.0671021  0.50344228
 0.52333709 0.68263135 0.44853067 0.65702355 0.70775958 0.63147688
 0.71575795 0.78576239 0.81415393 0.7604778  0.50354613 0.68465019
 0.74897026 0.772332   0.76237817 0.757079   0.75932539 0.64541214
 0.68335579 0.71350345 0.72344994 0.79702873 0.38191692 0.67395975
 0.68904327 0.69886742 0.80683211 0.87036162 0.81895585 0.71201569
 0.50656216 0.44624867 0.68393027 0.79258843 0.8478745  0.70754861
 0.66109244 0.27156407 0.52353788 0.66419291 0.7588437  0.87626131
 0.5175751  0.33960347 0.62366715 0.47620683 0.58039023 0.69540363
 0.36457122 0.38880328 0.46499144 0.49626788 0.4699914  0.64935364
 0.64273495 0.58598927 0.50339331 0.46043676 0.485395   0.61694098
 0.39350225]","[ 1.43482378e-01 -1.46616653e-01 -2.74847345e-02 -2.24003687e-01
 -2.58641398e-01 -2.51961269e-01  3.57995430e-01  3.90449207e-01
  7.98063460e-03 -9.75829690e-03 -1.66441529e-03 -2.39025597e-02
 -6.75664723e-02  9.10886773e-02  1.71799883e-01  3.96265986e-01
 -4.92822914e-02 -7.03724296e-02  9.75372431e-02  8.05737919e-02
  7.52643545e-02  1.80538343e-01  3.82329808e-01 -1.26528597e+00
  1.25700564e-01  1.05262325e-01  1.82974195e-01  6.53181113e-02
  1.47459419e-01  2.14270160e-01 -6.42134010e-03  2.73979800e-01
  1.64616265e-01  1.46952221e-01  2.87439344e-01  1.44362766e-01
  9.76264134e-02  3.63278536e-01  1.19247144e-01  1.98150806e-01
 -7.83141892e-02  4.63339676e-02 -1.84329371e-01  2.06229775e-01
  2.13944485e-01  2.09616815e-01 -3.11323485e-02  5.25233530e-02
  1.56031152e-01  2.26702402e-01  1.28358779e-01  1.90478595e-01
 -5.99893552e-02  1.03578296e-01  1.20465863e-01  1.60250703e-01
 -2.08895328e+00 -2.95253345e-02  1.40026853e-01  1.60985453e-01
  1.67063939e-01  1.42520713e-01  1.49127161e-01  2.03813274e-01
  2.38496210e-01  2.04232247e-01  2.19703432e-01  1.84806416e-01
  1.46388630e-01  2.13155526e-02  1.46917270e-01  1.41626162e-01
  2.30874294e-01  1.39063859e-01  2.37159243e-01  6.27804588e-02
  1.20007032e-01  1.08349066e-01  1.99158564e-01  1.39499889e-01
  3.90324397e-01  2.61465600e-01  8.71002207e-02  1.67824535e-01
 -1.46325252e-02  4.56500104e-02 -5.12664370e-01  2.88988454e-01
  4.03079069e-01  3.86916951e-01  2.30536473e-01  3.76947231e-01
  4.33262663e-01  5.34556199e-01  4.87049871e-01  1.43125247e-01
  1.56346338e-01  2.65575517e-01  1.09055854e-01  2.10529559e-01
 -1.17141369e-01  3.66294133e-01  3.16376933e-01  6.53132671e-02
 -7.19442746e-02  1.41308288e-01  2.58283800e-01  2.77248972e-01
  9.85664606e-02  9.41110202e-02 -2.71945625e-01 -2.02575909e-01
  3.07549133e-01  1.67473546e-01 -2.31411795e-02  1.53937931e-01
 -3.53652946e-01 -5.26064038e-02  4.15254350e-01 -2.81940682e-01
 -4.22788717e-02 -8.00851898e-02 -1.35230868e-01  7.74390210e-02
  2.72385111e-01 -8.54641072e-02 -1.27669831e-01 -1.11518660e-01
 -1.48408761e-01 -2.00977347e-01 -6.78345217e-02  1.72557022e-01
  3.53485932e-02  1.54100758e-01  1.99345605e-01  2.07617822e-01
  2.15739359e-01  2.46287522e-01  1.63323885e-01  1.71507311e-01
  1.49402082e-01  1.63316968e-01  7.01384774e-02  2.49833361e-01
  1.74288634e-01  1.21150659e-01  2.81079290e-01  2.86390045e-01
  1.82035273e-01  9.74229217e-02  6.41669521e-02  1.78719298e-01
  1.86191974e-01  8.05804704e-02  2.82111090e-01  2.67185106e-01
  2.86542218e-01  2.05862451e-01  1.89712399e-01  1.12502084e-01
  2.04211320e-01  3.81344739e-01  4.74781986e-01  3.99307603e-01
  7.96241946e-02  2.10084974e-01  2.61773302e-01  5.76454767e-01
  5.61645375e-01  4.43771750e-01  2.10588718e-01  2.45372433e-01
  3.03743479e-01  5.54856325e-01  5.99432335e-01  4.02758151e-01
 -2.67357516e-01  2.04412584e-01 -4.37518265e+00  2.02396819e-01
 -2.70403705e+00  4.27301567e-01  1.55076530e-01  4.21761804e-01
  4.99281125e-01  3.97876801e-01  5.06055075e-01  6.11355425e-01
  6.56420790e-01  5.71145511e-01 -2.10005895e-01  4.51369340e-01
  5.55078889e-01  5.77964521e-01  5.70914825e-01  5.58313253e-01
  5.45396499e-01  3.89816719e-01  4.56557523e-01  5.04113656e-01
  5.04601154e-01  6.28071140e-01 -6.72192791e-02  4.15737599e-01
  4.37721534e-01  3.39277775e-01  6.40269062e-01  7.38114710e-01
  6.63005660e-01  5.04188525e-01  2.13473026e-01  1.77515247e-01
  3.74190038e-01  5.87948960e-01  7.05324869e-01  4.94225190e-01
  4.29381070e-01  3.57676126e-02  2.69094076e-01  3.68998541e-01
  5.22176386e-01  7.41810802e-01  1.96964863e-01 -1.25709349e-01
  3.86896433e-01  2.14937922e-01  3.24395821e-01  3.79183223e-01
  1.25441698e-02  1.31025829e-01  1.44412801e-01  2.39560422e-01
  2.13125033e-01  3.11585478e-01  2.61909398e-01  2.05972160e-01
  1.47470502e-01  1.78612047e-01  7.23398029e-02  3.46694157e-01
  1.53158078e-01]",0.3629940139674089,0.32407858578520066
TVSD,Model A (ResNet),features/layer2-0,monkeyF/IT,100000.0,0.5391773581504822,0.5582579832220348,0.1636047065258026,0.16747005607630103,"[0.3966818  0.11316807 0.35407537 0.29882064 0.20122221 0.23421754
 0.68321896 0.65791917 0.35655394 0.3548452  0.39387423 0.41516843
 0.3832615  0.5197786  0.5140798  0.64657843 0.44881278 0.37592912
 0.37572238 0.50075656 0.48396423 0.59030247 0.7067466  0.4602824
 0.5850898  0.47475976 0.52514297 0.44836175 0.5315136  0.6015705
 0.49445975 0.58217585 0.4962166  0.44169945 0.6075819  0.29373044
 0.504244   0.71307075 0.5282281  0.53191495 0.28037104 0.40260056
 0.3264365  0.6456382  0.5128294  0.4842956  0.53213584 0.39792976
 0.46498698 0.7054905  0.54373586 0.49747425 0.34765932 0.5056312
 0.45151424 0.4696681  0.6073337  0.56148183 0.4654715  0.49573618
 0.50628334 0.48492324 0.5242421  0.5123923  0.5833503  0.500762
 0.56677014 0.5193579  0.46575212 0.19414367 0.4721275  0.4433532
 0.55399305 0.48296154 0.6047756  0.4159166  0.45505044 0.43000236
 0.47047296 0.46760517 0.01832401 0.57413375 0.4350219  0.52664346
 0.3365979  0.36175287 0.3328127  0.58919495 0.71138567 0.6391912
 0.5281573  0.7082328  0.6370087  0.7546461  0.70851976 0.42103985
 0.48813555 0.5904328  0.56921685 0.5364051  0.39476454 0.6002852
 0.5852323  0.4636755  0.4952392  0.5165503  0.58699447 0.58258295
 0.4918405  0.49022698 0.18733783 0.18073957 0.6026226  0.5047594
 0.40277696 0.50751215 0.362996   0.44891998 0.6075267  0.29708087
 0.41108707 0.31749594 0.29977056 0.3946903  0.61061704 0.37249246
 0.32389358 0.39938822 0.17469904 0.29522967 0.17075336 0.50830334
 0.42912045 0.5012986  0.4265027  0.564501   0.5680948  0.6165818
 0.5370598  0.5011048  0.5049552  0.54561806 0.42464116 0.5959548
 0.5849223  0.4437961  0.558145   0.27148688 0.5785545  0.50479585
 0.52885044 0.49238327 0.5893545  0.50390553 0.5656052  0.564472
 0.57991815 0.33294058 0.53293234 0.4856908  0.5459925  0.36611408
 0.689167   0.676583   0.5367289  0.5773488  0.6100244  0.7881093
 0.79080683 0.677044   0.5761332  0.6085482  0.6164485  0.8210342
 0.82080376 0.65920985 0.3700476  0.51553553 0.5699119  0.45944542
 0.65271163 0.64979607 0.58067447 0.6904922  0.7709477  0.69222605
 0.7437202  0.5720041  0.7987828  0.80924547 0.68419176 0.7551063
 0.82024115 0.8419983  0.6946504  0.75979215 0.8053095  0.6963858
 0.76768374 0.7978793  0.81591594 0.7651154  0.69088286 0.74630696
 0.73968744 0.64962614 0.8464961  0.86951184 0.72706085 0.5335193
 0.65307325 0.5713984  0.7162541  0.8257286  0.8422425  0.6857792
 0.65362006 0.3738539  0.56841236 0.74779004 0.8130014  0.8599873
 0.48711252 0.49009869 0.6776408  0.5700704  0.62203836 0.73852164
 0.31438112 0.43505472 0.49165562 0.59807855 0.52817374 0.72480804
 0.70076454 0.6115004  0.5426206  0.5303514  0.6379571  0.6410237
 0.47922844]","[ 1.35546386e-01 -1.14718318e-01  1.03598118e-01 -7.98653364e-02
 -2.70067334e-01 -2.30286837e-01  4.36391294e-01  3.94862711e-01
  1.18938982e-01  1.04148865e-01  1.26406610e-01  1.01974010e-01
  2.06786394e-03  1.58561945e-01  1.51880085e-01  3.84641528e-01
  1.80252969e-01  8.54064226e-02  1.40601397e-01  1.74403906e-01
  1.77592516e-01  2.82383978e-01  4.68553424e-01  8.19607973e-02
  3.02697718e-01  2.00380445e-01  2.60806799e-01  1.19035065e-01
  2.24517643e-01  2.93575287e-01  3.26891541e-02  3.37024093e-01
  2.41785526e-01  1.90980375e-01  3.33797932e-01 -8.02992463e-01
  1.66710496e-01  4.04054105e-01  2.72674382e-01  2.78942287e-01
  2.49881148e-02  6.32895231e-02 -2.24705577e-01  3.60244274e-01
  2.59087145e-01  2.20274627e-01  8.25071931e-02  1.06169999e-01
  1.90748513e-01  4.97443199e-01  1.75042093e-01  2.38239169e-01
 -1.12117171e-01  2.27108955e-01  1.65869117e-01  1.96978152e-01
  3.15342307e-01  2.39460349e-01  1.90056503e-01  2.37314165e-01
  2.54781723e-01  2.34099269e-01  2.71906197e-01  2.61475623e-01
  3.35699379e-01  2.48819172e-01  3.07562828e-01  2.64546692e-01
  1.95249736e-01 -1.59359455e+00  2.12076306e-01  1.82900727e-01
  3.01460981e-01  2.25488663e-01  3.59610379e-01  5.65264821e-02
  1.80319488e-01  1.67662501e-01  1.97519958e-01  2.11260974e-01
 -4.72056532e+00  3.01224411e-01  1.72736704e-01  2.77210057e-01
 -8.75228643e-02  8.56849551e-02 -7.32074976e-02  3.17482650e-01
  4.55863476e-01  3.94008338e-01  2.24951267e-01  4.46048856e-01
  3.94598961e-01  5.52759290e-01  5.00339687e-01  1.17143691e-01
  2.34472156e-01  3.14572096e-01  2.90594041e-01  2.46967971e-01
  1.06672704e-01  3.49107444e-01  3.34669352e-01  1.85555816e-01
  1.92863345e-01  2.45983243e-01  3.40600491e-01  3.37379217e-01
  2.34186649e-01  2.15227485e-01 -1.87955022e-01 -2.42941141e-01
  3.53988707e-01  2.54283309e-01 -2.25170851e-02  2.46126771e-01
  8.55630040e-02  1.06556475e-01  3.46187174e-01 -1.46263838e-01
 -2.54949331e-02 -1.17412210e-01 -3.49872112e-02  1.46793246e-01
  3.10214341e-01  9.37901139e-02  3.59576344e-02 -6.47203922e-02
 -7.06514478e-01 -2.03124642e-01 -4.24147844e-02  2.26182461e-01
  7.57091641e-02  2.36817181e-01  1.08053803e-01  2.96742916e-01
  3.06842923e-01  3.49053323e-01  2.57660151e-01  1.90959096e-01
  1.98642969e-01  2.45746255e-01  9.52588916e-02  3.42045724e-01
  3.31711233e-01  1.93811655e-01  3.02115142e-01 -5.43488503e-01
  2.81848431e-01  1.71102345e-01  1.93462133e-01  2.03538299e-01
  3.34327459e-01  2.44714916e-01  3.13606799e-01  3.14790964e-01
  2.76508749e-01 -7.34596491e-01  2.59688497e-01  1.41683817e-01
  2.97663569e-01 -2.02397704e-01  4.60306883e-01  4.27926600e-01
  2.16862023e-01  3.25017929e-01  3.55953276e-01  6.19945407e-01
  6.23954892e-01  4.23714519e-01  1.91815555e-01  3.57529759e-01
  3.72516751e-01  6.60637319e-01  6.63609326e-01  3.15812767e-01
 -2.31204271e-01  1.75785244e-01  2.90568769e-01  1.46839976e-01
  3.34452987e-01  3.63064408e-01  3.32866669e-01  4.37579691e-01
  5.86052895e-01  4.70372140e-01  5.10014534e-01 -1.34640913e+01
  6.10694170e-01  6.34258270e-01  4.48450923e-01  5.36683798e-01
  6.69560373e-01  7.04323590e-01  4.50730920e-01  5.43207705e-01
  6.44487023e-01  4.57732975e-01  5.76450109e-01  6.30492628e-01
  6.54771447e-01  5.81620038e-01  3.80519390e-01  5.05160332e-01
  5.02053916e-01  2.87105739e-01  7.13766456e-01  7.36158252e-01
  5.27174115e-01  1.63620710e-01  3.97417963e-01  3.08577478e-01
  4.38586831e-01  6.52824759e-01  6.97808146e-01  4.69783008e-01
  4.06096160e-01  1.11404598e-01  3.14380169e-01  4.88417566e-01
  6.09109163e-01  7.17534065e-01  1.32288277e-01  1.52065933e-01
  4.54015613e-01  3.10870469e-01  3.66213500e-01  4.26854849e-01
 -7.46859312e-02  1.53265655e-01  1.97240770e-01  3.44892204e-01
  2.60079384e-01  3.99632990e-01  3.52414846e-01  2.02933550e-01
  1.51092708e-01  2.38175333e-01  4.04797077e-01  4.06804979e-01
  2.27755725e-01]","[0.40172576 0.11496676 0.35857705 0.30357997 0.20707832 0.24711752
 0.7014992  0.70104543 0.3636661  0.36078352 0.39906895 0.42106251
 0.38927304 0.53796285 0.54873645 0.69598726 0.46189175 0.39332456
 0.38210845 0.50878997 0.48996016 0.61106488 0.72883674 0.50178597
 0.60094842 0.47886639 0.52954036 0.46094269 0.54521629 0.62313391
 0.53490045 0.587676   0.50153022 0.44542173 0.61395268 0.30379454
 0.52704388 0.74578129 0.53977264 0.53494435 0.28401737 0.42385769
 0.35264673 0.66469974 0.51949668 0.4891905  0.60013696 0.41002031
 0.47652747 0.73311951 0.55316425 0.50304852 0.36799315 0.52297095
 0.46547675 0.47899728 0.61564055 0.56794084 0.48111956 0.50238958
 0.51237725 0.48725647 0.52951373 0.51544701 0.59124475 0.50605684
 0.5754075  0.5266469  0.47637202 0.20532788 0.48878174 0.45336515
 0.55945313 0.48498768 0.6192934  0.44290068 0.49004274 0.44672258
 0.49394131 0.46986696 0.01859712 0.59894352 0.46204591 0.53732418
 0.37354648 0.38686579 0.37529602 0.59398532 0.71775397 0.64978125
 0.54673067 0.71655694 0.65981553 0.76444825 0.72310581 0.45849868
 0.49618926 0.60499753 0.61158583 0.57363119 0.43219609 0.61368782
 0.59063622 0.48173191 0.54937193 0.54499649 0.60980108 0.59483054
 0.49708451 0.50363321 0.20958189 0.20539509 0.60783042 0.5133052
 0.41320702 0.51795496 0.37919886 0.45728562 0.61942769 0.32690988
 0.44609504 0.35796388 0.32259749 0.40402355 0.61563423 0.3837787
 0.3396524  0.44479635 0.19702984 0.33362997 0.17503299 0.51233552
 0.45530449 0.51687118 0.48526915 0.57633284 0.5802667  0.61963264
 0.57340398 0.52975987 0.5336498  0.56009642 0.46671067 0.60202862
 0.59071829 0.44538581 0.56780073 0.27528908 0.61381082 0.52963504
 0.55101886 0.51691096 0.59573726 0.51047353 0.58786262 0.57262373
 0.5965579  0.36602152 0.55096705 0.49198715 0.55542048 0.39062117
 0.70803849 0.6992926  0.60601294 0.5951705  0.62941297 0.79639064
 0.80357983 0.71730725 0.6305539  0.62563947 0.628261   0.82937749
 0.83289822 0.70579611 0.40917084 0.56546156 0.64080524 0.51063116
 0.69257072 0.69416018 0.58969062 0.70202759 0.78407084 0.70204784
 0.75664121 0.60749809 0.8389212  0.84476091 0.69275322 0.7693285
 0.82687953 0.84625758 0.74290262 0.79140101 0.81660619 0.71746375
 0.78248262 0.81290127 0.82616655 0.80843837 0.74133859 0.7514824
 0.75832224 0.73656199 0.86334835 0.88061401 0.76521162 0.59062262
 0.67521402 0.57594108 0.75017661 0.85788628 0.85886104 0.70312779
 0.68921245 0.37897912 0.57242274 0.75888906 0.8316446  0.8777232
 0.53632636 0.54597862 0.68298235 0.57791517 0.6426513  0.76311977
 0.32700143 0.44353388 0.55688782 0.60215816 0.53406753 0.73384537
 0.71857215 0.62968106 0.56514274 0.53929036 0.64472386 0.64552499
 0.48409746]","[ 1.39015359e-01 -1.18393963e-01  1.06249137e-01 -8.24296332e-02
 -2.86015436e-01 -2.56352388e-01  4.60055915e-01  4.48325421e-01
  1.23731242e-01  1.07663889e-01  1.29762899e-01  1.04889977e-01
  2.13324247e-03  1.69850460e-01  1.73048310e-01  4.45672997e-01
  1.90911637e-01  9.34933545e-02  1.45421554e-01  1.80044554e-01
  1.82020232e-01  3.02597620e-01  4.98301505e-01  9.74079719e-02
  3.19329091e-01  2.03861983e-01  2.65192930e-01  1.25808985e-01
  2.36243252e-01  3.14999032e-01  3.82549568e-02  3.43422296e-01
  2.46991466e-01  1.94212791e-01  3.40834665e-01 -8.58961108e-01
  1.82127262e-01  4.41974535e-01  2.84723334e-01  2.82128638e-01
  2.56423013e-02  7.01492804e-02 -2.62238337e-01  3.81829639e-01
  2.65867684e-01  2.24749867e-01  1.04941565e-01  1.12719673e-01
  2.00334369e-01  5.37168678e-01  1.81165186e-01  2.43608085e-01
 -1.25615680e-01  2.42952656e-01  1.76286319e-01  2.04881171e-01
  3.24027517e-01  2.45001305e-01  2.03049794e-01  2.43727016e-01
  2.60952024e-01  2.36357448e-01  2.77402108e-01  2.64602590e-01
  3.44846864e-01  2.54108818e-01  3.17008545e-01  2.72024415e-01
  2.04255260e-01 -1.78249057e+00  2.27302134e-01  1.91254648e-01
  3.07432587e-01  2.27384592e-01  3.77082676e-01  6.40991332e-02
  2.09118049e-01  1.80954784e-01  2.17717004e-01  2.13309635e-01
 -4.86233069e+00  3.27820220e-01  1.94864455e-01  2.88568133e-01
 -1.07792373e-01  9.79944013e-02 -9.30901457e-02  3.22666137e-01
  4.64061762e-01  4.07172258e-01  2.41050902e-01  4.56595624e-01
  4.23360401e-01  5.67212165e-01  5.21152379e-01  1.38914851e-01
  2.42273060e-01  3.30283152e-01  3.35464097e-01  2.82436213e-01
  1.27861178e-01  3.64870609e-01  3.40878407e-01  2.00289001e-01
  2.37329982e-01  2.73821591e-01  3.67581491e-01  3.51713718e-01
  2.39207063e-01  2.27160089e-01 -2.35239625e-01 -3.13743466e-01
  3.60133402e-01  2.62966485e-01 -2.36983614e-02  2.56359815e-01
  9.33719350e-02  1.10564845e-01  3.59883088e-01 -1.77110242e-01
 -3.00220979e-02 -1.49250333e-01 -4.05184974e-02  1.53817773e-01
  3.15333090e-01  9.95597538e-02  3.95417441e-02 -8.02736581e-02
 -8.98677888e-01 -2.59401644e-01 -4.45675304e-02  2.29785128e-01
  8.52302753e-02  2.51758906e-01  1.39882006e-01  3.09312654e-01
  3.20132521e-01  3.52516100e-01  2.93713157e-01  2.13423081e-01
  2.21860634e-01  2.58961400e-01  1.15068595e-01  3.49053365e-01
  3.38317629e-01  1.95202639e-01  3.12658560e-01 -5.58818310e-01
  3.17245983e-01  1.88355291e-01  2.10021217e-01  2.24321571e-01
  3.41608241e-01  2.51135802e-01  3.38774209e-01  3.23948593e-01
  2.92604281e-01 -8.87827598e-01  2.77561878e-01  1.45381117e-01
  3.08032202e-01 -2.30400958e-01  4.85861205e-01  4.57135552e-01
  2.76463191e-01  3.45392997e-01  3.78939577e-01  6.33042454e-01
  6.44273727e-01  4.75608965e-01  2.29764257e-01  3.77894412e-01
  3.86929975e-01  6.74132240e-01  6.83309831e-01  3.62026889e-01
 -2.82676710e-01  2.11481008e-01  3.67354693e-01  1.81380707e-01
  3.76548251e-01  4.14332409e-01  3.43283782e-01  4.52322242e-01
  6.06174405e-01  4.83814775e-01  5.27889963e-01 -1.51868821e+01
  6.73610240e-01  6.91151425e-01  4.59744287e-01  5.57090780e-01
  6.80442006e-01  7.11467337e-01  5.15523586e-01  5.89344883e-01
  6.62695313e-01  4.85861300e-01  5.98889142e-01  6.54457187e-01
  6.71326995e-01  6.49350729e-01  4.38128166e-01  5.12190941e-01
  5.27668842e-01  3.69091039e-01  7.42469011e-01  7.55077203e-01
  5.83950001e-01  2.00520193e-01  4.24821616e-01  3.13503454e-01
  4.81114405e-01  7.04662912e-01  7.25617185e-01  4.93852435e-01
  4.51527663e-01  1.14480064e-01  3.18831976e-01  5.03023777e-01
  6.37364833e-01  7.47435275e-01  1.60369233e-01  1.88719215e-01
  4.61201454e-01  3.19485168e-01  3.90886604e-01  4.55763122e-01
 -8.08025739e-02  1.59298127e-01  2.53052199e-01  3.49613405e-01
  2.65916118e-01  4.09660843e-01  3.70553334e-01  2.15179871e-01
  1.63895589e-01  2.46271784e-01  4.13429926e-01  4.12538234e-01
  2.32407293e-01]",0.44878293177237527,0.41074900375166523
TVSD,Model A (ResNet),features/layer3-0,monkeyF/IT,100000.0,0.6723435521125793,0.6965018907421128,0.4235987961292267,0.45091725196769256,"[0.4383091  0.3735729  0.5393078  0.4305282  0.33540618 0.3365363
 0.76573104 0.750262   0.51041305 0.5249554  0.5491243  0.5573678
 0.6034307  0.7503909  0.71145713 0.7294541  0.5552004  0.44265985
 0.53723603 0.59342706 0.5595551  0.7765631  0.8371241  0.67353815
 0.6922424  0.48053893 0.6090489  0.60128254 0.6839191  0.69481355
 0.7168969  0.66242784 0.5945714  0.597127   0.7264179  0.6827096
 0.65476626 0.7750073  0.7100431  0.64997107 0.43151447 0.56820506
 0.51380116 0.7686055  0.60943604 0.6799894  0.61166006 0.5715034
 0.6230949  0.786865   0.6713599  0.62029856 0.4647281  0.6085117
 0.616801   0.6221843  0.7519621  0.72115004 0.69188476 0.7612666
 0.74803066 0.7106957  0.73166674 0.7588576  0.79306686 0.6169248
 0.8023226  0.77506506 0.74257857 0.643623   0.7358917  0.68595386
 0.76233834 0.7271769  0.78437924 0.6732403  0.6466961  0.6525251
 0.63943857 0.7204129  0.8443836  0.76445365 0.6311028  0.7568828
 0.2842604  0.4283422  0.26419938 0.68484837 0.80095863 0.7095303
 0.65183586 0.7998545  0.694896   0.80149704 0.7734692  0.58856153
 0.63691324 0.692459   0.74310637 0.6283733  0.5116921  0.6056297
 0.61073077 0.558302   0.66792434 0.59294504 0.71097714 0.7171257
 0.57568824 0.54826826 0.39764613 0.39131868 0.70472187 0.65463287
 0.5750736  0.65534353 0.50444096 0.6502631  0.66589636 0.32387912
 0.54484266 0.46996155 0.3517934  0.47834077 0.65983087 0.5122945
 0.4858129  0.49756852 0.46253473 0.47413912 0.27670765 0.59526324
 0.65052706 0.6477258  0.69128263 0.7398691  0.736046   0.67540973
 0.70984787 0.72757524 0.6785673  0.740244   0.5776076  0.723222
 0.70310503 0.55620456 0.7792538  0.7758636  0.72708493 0.59653133
 0.707663   0.655655   0.72024685 0.6602877  0.7090324  0.7494961
 0.7958333  0.5952831  0.6504995  0.6984228  0.7466616  0.71248835
 0.79810363 0.80424875 0.61527824 0.73439837 0.77544886 0.8388067
 0.8329686  0.780778   0.69658697 0.640713   0.7504686  0.82823956
 0.8324154  0.76551116 0.40575603 0.61136013 0.645697   0.63687414
 0.7424692  0.7582962  0.7803355  0.79435927 0.8194981  0.81209457
 0.8279946  0.7464571  0.81116813 0.8449349  0.8371126  0.8346723
 0.8799366  0.885611   0.7400415  0.792567   0.83836865 0.8080382
 0.8563823  0.85747904 0.83579963 0.56078637 0.7194093  0.80437976
 0.84131366 0.6906873  0.8776534  0.8728648  0.81054187 0.6828519
 0.7019684  0.6584583  0.8355858  0.85566735 0.88514924 0.7361286
 0.68898326 0.49020886 0.746376   0.8582793  0.8757081  0.8868932
 0.56431144 0.6070224  0.6988535  0.66305315 0.7062709  0.82865125
 0.3913678  0.5373539  0.6453846  0.6505019  0.6846293  0.8519017
 0.81110126 0.75219446 0.68961316 0.6605442  0.7780631  0.70645607
 0.72225714]","[ 0.16979891  0.08323735  0.2800038   0.05841154 -0.14882767 -0.18435347
  0.56178224  0.53590393  0.25392312  0.256141    0.2753268   0.25546932
  0.25088733  0.46657795  0.42629904  0.50189614  0.2778452   0.15135056
  0.27832097  0.28277504  0.26108044  0.5550349   0.66381943  0.35178065
  0.409087    0.19139034  0.35058427  0.28276092  0.41487616  0.43993348
  0.34489304  0.42775232  0.35088944  0.3528129   0.48598278  0.40706915
  0.3658902   0.49957013  0.5038814   0.41789317  0.15075833  0.28784764
  0.02137917  0.5208515   0.35882193  0.43688977  0.2069428   0.30493093
  0.3744666   0.60307676  0.33239758  0.36678725  0.00597483  0.324103
  0.34654284  0.37541622  0.50152576  0.44753236  0.47405112  0.57045054
  0.54896486  0.4900124   0.527117    0.554703    0.61167204  0.3801114
  0.62453145  0.58996207  0.5506626   0.41047108  0.5391964   0.46086186
  0.56923807  0.49800044  0.6116359   0.44135374  0.4075821   0.42476118
  0.40623724  0.48755533  0.69755757  0.57821244  0.3912298   0.5698505
 -0.0459826   0.16148806 -0.15620542  0.45196712  0.5990205   0.48046005
  0.40090156  0.59377766  0.47782207  0.63441503  0.59721005  0.33441383
  0.39886665  0.45900857  0.5507536   0.38615328  0.24564266  0.36229193
  0.37100208  0.28407872  0.43667704  0.3496647   0.49568522  0.48437357
  0.33117157  0.2766205  -0.04312706 -0.08814275  0.49281102  0.41989595
  0.20984292  0.40485442  0.18446946  0.35819566  0.4283228  -0.07182872
  0.1948685   0.07834506 -0.06884444  0.21600443  0.37193578  0.22986245
  0.20594215  0.03786647  0.03161591  0.03221029  0.00984013  0.30473983
  0.36536527  0.40671486  0.44008428  0.5062628   0.538455    0.42665058
  0.4800666   0.5179255   0.42550915  0.50867176  0.24638379  0.50273603
  0.47408998  0.30543792  0.60414094  0.6014245   0.489972    0.28364396
  0.41971165  0.40726268  0.49655724  0.43066     0.49969167  0.5611973
  0.6127316   0.2810297   0.3893894   0.45999116  0.5481463   0.4408372
  0.63127244  0.62539256  0.30907083  0.5295447   0.5794771   0.7017654
  0.691911    0.59315234  0.38004518  0.39172238  0.55598736  0.66743934
  0.67437714  0.51400495 -0.16103125  0.30142492  0.39875793  0.39067024
  0.5123875   0.5527043   0.6057526   0.60340333  0.656019    0.6545619
  0.62711585  0.5248678   0.6179825   0.6949382   0.67818385  0.67381376
  0.7666937   0.7785511   0.51498604  0.60782933  0.7004027   0.63126266
  0.7226634   0.7317689   0.67611825  0.2885899   0.43717062  0.61029494
  0.68178624  0.35426497  0.7635233   0.74530715  0.6548916   0.42732733
  0.47078496  0.42480326  0.62181395  0.7083483   0.7710771   0.5408348
  0.4481712   0.2045061   0.54767674  0.6813122   0.73419046  0.7746793
  0.25148457  0.2904179   0.47856504  0.42554444  0.47732526  0.58690596
 -0.00396931  0.2699715   0.36936182  0.39796394  0.40322042  0.60659957
  0.52358776  0.41155308  0.35027403  0.38245016  0.59976196  0.4889828
  0.51528805]","[0.44388239 0.37951045 0.54616448 0.43738523 0.3451674  0.35507167
 0.78621897 0.79944131 0.52059423 0.5337405  0.55636659 0.56528065
 0.61289563 0.776643   0.75941995 0.78519594 0.57137963 0.46314315
 0.54636731 0.60294714 0.56648755 0.80387678 0.86328937 0.73427098
 0.71100533 0.48469555 0.6141489  0.6181544  0.7015509  0.71971929
 0.7755302  0.66868618 0.60093825 0.60215912 0.73403471 0.7061013
 0.68437211 0.81055905 0.72556121 0.65367283 0.43712648 0.59820604
 0.55505529 0.79129741 0.61735927 0.68686221 0.6898235  0.58886775
 0.63855948 0.81768083 0.68300128 0.62724909 0.49190902 0.62937954
 0.63587481 0.63454295 0.76224712 0.7294458  0.71514428 0.77148374
 0.75703438 0.71411523 0.73902417 0.76338168 0.80379939 0.62344794
 0.81454973 0.78594279 0.75951054 0.68070079 0.7618502  0.70144429
 0.76985185 0.73022759 0.80320846 0.71691919 0.6964255  0.67789792
 0.67133534 0.72389751 0.85696884 0.79748761 0.67030754 0.77223294
 0.31546385 0.45807775 0.29792425 0.69041644 0.80812879 0.72128571
 0.67475857 0.8092555  0.71977532 0.81190771 0.78939235 0.64092434
 0.64742162 0.70954047 0.79841861 0.67198196 0.56021072 0.61915165
 0.61637012 0.58004333 0.74093264 0.62559825 0.73860088 0.73220179
 0.58182623 0.56326174 0.44486171 0.44470027 0.71081199 0.66571613
 0.58996535 0.66882818 0.52695741 0.66238074 0.67894074 0.35639886
 0.59124119 0.52986271 0.37858177 0.4896521  0.66525243 0.5278166
 0.5094498  0.55413917 0.52165796 0.53581004 0.28364284 0.59998523
 0.69022087 0.66784707 0.78653226 0.75537666 0.75181642 0.67875166
 0.75788508 0.76918079 0.71712762 0.75988687 0.63483158 0.73059294
 0.71007207 0.55819693 0.79273464 0.78672962 0.77139248 0.62588449
 0.73732692 0.68831597 0.72804716 0.66889398 0.73693389 0.7603198
 0.81866835 0.65443037 0.67251277 0.70747692 0.75955467 0.76018119
 0.81995811 0.83124348 0.69470186 0.75706785 0.80009517 0.84762075
 0.84642258 0.82721025 0.76238557 0.65870757 0.7648492  0.83665607
 0.84468095 0.81960971 0.44865454 0.6705661  0.72601751 0.70782681
 0.7878095  0.81006802 0.79245178 0.80762985 0.8334477  0.82361714
 0.84237976 0.79277627 0.85192887 0.88201663 0.84758759 0.8503931
 0.88705808 0.89009091 0.79144669 0.82553937 0.85012912 0.83249557
 0.87289106 0.87362313 0.84630005 0.59253967 0.77194833 0.80995793
 0.8625087  0.78311814 0.89512595 0.88400976 0.8530731  0.75593847
 0.72576681 0.66369313 0.87515993 0.88899099 0.90261441 0.75475093
 0.72650133 0.49692922 0.75164196 0.87101824 0.89578926 0.90518399
 0.62132482 0.67623371 0.70436226 0.67217749 0.72967508 0.85625135
 0.40707861 0.54782683 0.73101337 0.65493911 0.69226896 0.86252373
 0.83171271 0.77455815 0.71823642 0.67167755 0.78631598 0.71141682
 0.72959537]","[ 0.17414449  0.08590433  0.28716893  0.060287   -0.15761629 -0.20521995
  0.59224656  0.60846301  0.26415413  0.26478577  0.28263714  0.26277452
  0.2588195   0.49979508  0.48571429  0.58153252  0.29427467  0.16568158
  0.28786249  0.29192068  0.26758967  0.59476544  0.7059648   0.41808085
  0.43156381  0.19471567  0.35648024  0.29885197  0.43654339  0.47203776
  0.40361608  0.43587294  0.35844453  0.35878438  0.49622769  0.4354419
  0.39972637  0.54645473  0.52614694  0.42266675  0.15470516  0.31904656
  0.02495015  0.55206023  0.36821261  0.4457659   0.26321221  0.32374225
  0.393285    0.65123806  0.34402508  0.37505311  0.00669418  0.34671325
  0.36830702  0.39047841  0.51533887  0.45788796  0.50645982  0.58586562
  0.56225968  0.49473919  0.53777138  0.56133665  0.62833952  0.38819218
  0.64371175  0.60663803  0.57606084  0.45912609  0.57790749  0.48191155
  0.58051404  0.50218768  0.64135332  0.50048032  0.47267644  0.45843624
  0.4477763   0.49228329  0.71850623  0.62926417  0.44134675  0.59319888
 -0.05663176  0.18468733 -0.19862972  0.45934631  0.60979332  0.49651234
  0.42959385  0.60781745  0.51264945  0.65100294  0.62205227  0.39656465
  0.41213697  0.4819334   0.63579438  0.44161059  0.29443484  0.37865041
  0.37788521  0.30663465  0.53735744  0.38923684  0.53495141  0.50495354
  0.33827112  0.29195685 -0.05397671 -0.11383092  0.50136546  0.4342344
  0.22085156  0.42168677  0.20130512  0.37167003  0.44526817 -0.08697709
  0.22947153  0.09958953 -0.07972837  0.22634094  0.37807298  0.24400279
  0.22646962  0.04696635  0.04021506  0.04113436  0.01033956  0.30959377
  0.41131325  0.43237609  0.56971499  0.52770757  0.5617759   0.43088316
  0.54723975  0.57885305  0.47524325  0.53602587  0.29762089  0.5130358
  0.48353201  0.30763005  0.62522466  0.61838848  0.55150794  0.31224494
  0.4556362   0.44884823  0.50737096  0.44195977  0.53979266  0.57752315
  0.64839859  0.33965031  0.4161896   0.47199482  0.5672401   0.50183037
  0.66631805  0.66807993  0.39401415  0.56274137  0.61689781  0.71659101
  0.71444278  0.66579869  0.45523314  0.41403462  0.57749933  0.68107321
  0.69439731  0.58922131 -0.19688124  0.36263366  0.50413401  0.48256644
  0.57687816  0.63075115  0.62470971  0.62373267  0.67854269  0.67326842
  0.64909554  0.59202696  0.68164945  0.75727434  0.69526259  0.699435
  0.77915395  0.78644772  0.58901539  0.65945513  0.72019072  0.67005462
  0.75079397  0.7595829   0.69321354  0.3221967   0.50335612  0.61878877
  0.71657116  0.45542812  0.7942267   0.76446122  0.72542248  0.52369752
  0.50324758  0.4315846   0.68210815  0.76459532  0.80180605  0.56854456
  0.49830979  0.21015175  0.55543217  0.70168696  0.76824847  0.80696188
  0.30486744  0.36041893  0.48613943  0.43733693  0.50948436  0.62665351
 -0.00429439  0.28059745  0.47387678  0.40341164  0.41226954  0.62182076
  0.55053637  0.43638886  0.37995459  0.39545104  0.6125527   0.49587421
  0.52581204]",0.6465864687615096,0.6383058203139425
TVSD,Model A (ResNet),features/layer3-10,monkeyF/IT,100000.0,0.6953027248382568,0.7201086731435864,0.3904859721660614,0.4119174444582631,"[0.49700484 0.46110734 0.60798603 0.5154932  0.4195834  0.41956523
 0.7323917  0.7689128  0.5928536  0.66446024 0.66992784 0.66208696
 0.60606813 0.7450053  0.6616993  0.7739058  0.59417176 0.58033144
 0.7006081  0.7173385  0.6533815  0.8090113  0.8164589  0.6879101
 0.743008   0.5916099  0.70814425 0.6952646  0.7902121  0.78292817
 0.69894016 0.7703035  0.72946197 0.7269952  0.83986896 0.768978
 0.7705903  0.76649326 0.71984607 0.73475075 0.68098074 0.23941916
 0.5471802  0.8162449  0.6875379  0.75304157 0.60237116 0.62268186
 0.6729724  0.8032944  0.6346908  0.7073657  0.5804684  0.69376475
 0.693755   0.6842779  0.7850398  0.7614045  0.7729486  0.6836
 0.75212234 0.7113875  0.8078292  0.7896959  0.78914845 0.67738795
 0.83168596 0.8155575  0.79649204 0.68532544 0.785109   0.7582529
 0.80024964 0.4840016  0.81940186 0.7120178  0.68256134 0.73263794
 0.74876255 0.77991813 0.870595   0.7644986  0.7401814  0.7737323
 0.1881796  0.44524056 0.19539362 0.55186266 0.8311396  0.72622395
 0.5334306  0.19389805 0.6891057  0.83611363 0.80386233 0.5188491
 0.6929607  0.7008963  0.74755925 0.68285984 0.556374   0.58026403
 0.5943898  0.5532358  0.7435691  0.6691315  0.59447896 0.36930746
 0.5890019  0.57439405 0.533131   0.507954   0.76000065 0.6902193
 0.5619371  0.7921738  0.5816849  0.6157147  0.41958994 0.2955149
 0.5988748  0.06278569 0.4813319  0.56222194 0.6860929  0.52649444
 0.1831157  0.5847446  0.5170987  0.52226555 0.48007366 0.7236247
 0.67714024 0.7044925  0.70193213 0.7970613  0.77429885 0.77899146
 0.75755453 0.752891   0.72681725 0.6284501  0.66410273 0.7888031
 0.75481737 0.4880399  0.8058893  0.8333286  0.7644576  0.6634857
 0.75636655 0.6250304  0.7724887  0.736372   0.462357   0.7794859
 0.8255959  0.6399911  0.74499124 0.7553499  0.7833958  0.7597101
 0.82991505 0.7445924  0.56685567 0.82424814 0.83830637 0.84601665
 0.83816224 0.79628897 0.6995157  0.7266027  0.8249973  0.82348955
 0.8373178  0.76647574 0.46322507 0.6482872  0.63677776 0.5825196
 0.7504387  0.7476708  0.82279456 0.8039684  0.8296695  0.71274495
 0.83432037 0.7150838  0.8088273  0.7390867  0.85092366 0.803062
 0.8775933  0.88515353 0.65409946 0.77561915 0.83186585 0.81298834
 0.84611124 0.854816   0.7913846  0.78514004 0.7332504  0.7946036
 0.8406573  0.69130135 0.68120116 0.8596278  0.77992487 0.67562526
 0.7253103  0.70943487 0.79777044 0.8413493  0.866358   0.7392999
 0.68469286 0.64084333 0.7389402  0.87616855 0.85726863 0.8647952
 0.6473132  0.6814447  0.7543662  0.76106346 0.76919323 0.82673126
 0.4576921  0.6575727  0.703894   0.7412074  0.75555706 0.83893883
 0.82158816 0.7464393  0.76360184 0.7301641  0.85579413 0.78982526
 0.76188886]","[ 0.22716379  0.15463161  0.3579046   0.12365854 -0.06336164 -0.11326146
  0.5155656   0.56438315  0.3438806   0.4174137   0.4237079   0.38449478
  0.262173    0.46185148  0.35618556  0.58075666  0.31583488  0.3129964
  0.44656044  0.44768238  0.37683338  0.61248577  0.6401615   0.35487872
  0.4934128   0.33559138  0.4747504   0.41082668  0.58098996  0.5744008
  0.31676215  0.5741364   0.5301349   0.514295    0.6510449   0.5430441
  0.5375795   0.48265296  0.51687515  0.5288365   0.43037158 -3.808631
  0.08360988  0.60309744  0.4571185   0.53927207  0.21377742  0.3719315
  0.43713087  0.56998444  0.30454963  0.47907794  0.18331045  0.4552961
  0.45722622  0.45788556  0.54133415  0.4991762   0.5856215   0.46335
  0.53908575  0.505182    0.6482098   0.6172426   0.6155069   0.4580266
  0.6759166   0.6574935   0.6343117   0.4591306   0.6146616   0.5619085
  0.6317209   0.13474113  0.6646179   0.49648482  0.4551971   0.535836
  0.5587068   0.58536017  0.7481185   0.57492983  0.54447955  0.59801936
 -0.2240566   0.16521508 -0.15920484  0.05026323  0.6630943   0.5055294
  0.08016294 -0.9395462   0.47374588  0.6896621   0.64409643  0.23327392
  0.47419286  0.46422237  0.5554571   0.4529137   0.29529113  0.33621198
  0.345136    0.27471203  0.54217696  0.44660747  0.33450985 -0.15262485
  0.34591156  0.306381    0.16027969  0.06329221  0.5671336   0.46813166
  0.19448686  0.6134572   0.2888599   0.3230384  -0.8892499  -0.12441504
  0.25591052 -3.7415562   0.10799962  0.30462188  0.40411168  0.21937412
 -0.67220485  0.14810222  0.06047249  0.0714305   0.20714647  0.4587136
  0.39986026  0.48443282  0.43739307  0.5985458   0.590594    0.57292163
  0.5535245   0.5553155   0.4944787  -0.32252717  0.35954446  0.6115086
  0.5432676  -0.04516804  0.6473681   0.6927023   0.5387999   0.36387867
  0.510695    0.34648967  0.56998456  0.5347067  -3.2703376   0.60123336
  0.65858966  0.33172178  0.5287862   0.53756505  0.61150676  0.54479975
  0.68816257  0.5171126   0.17585295  0.66594434  0.6634717   0.70460725
  0.7016069   0.622138    0.38215452  0.5145494   0.6617328   0.66870964
  0.6959543   0.5094639  -0.02444446  0.35231763  0.34661818  0.27946723
  0.50662243  0.51790166  0.6727531   0.61578953  0.6780224   0.44349056
  0.6410363   0.47294682  0.60926294  0.44147182  0.6875403   0.60337484
  0.7581545   0.76927733  0.354033    0.577531    0.68669075  0.62930536
  0.694195    0.7160107   0.60956895  0.6008817   0.42712837  0.6143749
  0.66415256  0.3237483   0.19595313  0.72341585  0.60562676  0.4169677
  0.50746626  0.49844748  0.5475331   0.6615848   0.73556113  0.54406786
  0.43180907  0.39752513  0.45213348  0.70533013  0.6756581   0.73294353
  0.3656348   0.36652195  0.55498904  0.5623035   0.57595956  0.56100667
  0.04276669  0.40866965  0.43203825  0.51817364  0.5114827   0.56358075
  0.51205444  0.3538525   0.43604827  0.47493035  0.7227011   0.6119221
  0.5758288 ]","[0.50332446 0.46843618 0.61571591 0.5237035  0.43179441 0.44267359
 0.75198762 0.81931462 0.60467922 0.67557996 0.67876338 0.67148649
 0.61557444 0.77106901 0.70630769 0.83304447 0.61148667 0.60718524
 0.71251615 0.72884643 0.6614764  0.83746623 0.84197822 0.74993882
 0.76314694 0.59672727 0.71407405 0.71477355 0.81058421 0.81099239
 0.75610483 0.77758099 0.73727325 0.73312175 0.84867536 0.79532554
 0.80543324 0.80165444 0.73557845 0.73893535 0.68983716 0.25206039
 0.59111437 0.84034333 0.69647654 0.76065274 0.67934757 0.6416012
 0.68967485 0.83475368 0.64569636 0.71529182 0.61441874 0.7175562
 0.71520847 0.69786996 0.7957772  0.77016334 0.79893333 0.69277477
 0.76117531 0.71481039 0.81595249 0.79440384 0.79982795 0.68455038
 0.84436055 0.8270035  0.81465333 0.72480563 0.81280362 0.77537604
 0.8081368  0.48603211 0.8390718  0.75821249 0.7350487  0.76112585
 0.78611267 0.78369056 0.88357089 0.7975345  0.7861622  0.78942418
 0.2088362  0.4761492  0.22033549 0.5563495  0.83857996 0.73825594
 0.5521894  0.19617701 0.71377771 0.84697394 0.82041117 0.56500974
 0.70439379 0.71818593 0.80320294 0.73024979 0.60912936 0.59321966
 0.59987826 0.57477989 0.82484582 0.70598028 0.61757638 0.37707138
 0.59528183 0.59010199 0.59643375 0.57724635 0.76656848 0.70190504
 0.57648867 0.80847394 0.60764922 0.62718859 0.42780937 0.32518669
 0.64987469 0.07078834 0.51798438 0.57551681 0.69173026 0.54244682
 0.19202508 0.65122664 0.58319657 0.59019624 0.49210585 0.72936494
 0.71845793 0.72637719 0.79864913 0.81376761 0.79088885 0.78284591
 0.80882017 0.79594421 0.76811943 0.64512647 0.72989588 0.79684241
 0.76229682 0.48978811 0.81983095 0.84499944 0.81104257 0.69613345
 0.78807203 0.6561658  0.78085481 0.74596999 0.48055144 0.79074267
 0.84928496 0.70358056 0.77020214 0.76514199 0.7969232  0.81056386
 0.85264061 0.76958479 0.64002863 0.84969112 0.86495049 0.85490647
 0.85170012 0.84364365 0.76559095 0.74700951 0.84080602 0.83185779
 0.84965561 0.82064246 0.51219949 0.71106927 0.71598878 0.64741675
 0.79626567 0.79871723 0.83557011 0.81739954 0.84379219 0.72285788
 0.84881544 0.75945617 0.84947039 0.77152307 0.86157147 0.81818748
 0.88469582 0.88963113 0.6995349  0.80788644 0.84353509 0.83759557
 0.86242199 0.87090998 0.80132699 0.82959688 0.78680025 0.80011396
 0.8618358  0.78381436 0.69476267 0.87060374 0.82084955 0.74793835
 0.74990011 0.71507498 0.83555362 0.87411533 0.88345238 0.75800242
 0.72197729 0.64962876 0.7441537  0.88917303 0.87692695 0.88263025
 0.71271237 0.75914147 0.76031257 0.77153652 0.79468254 0.85426742
 0.47606538 0.67038869 0.79728573 0.74626334 0.76398817 0.84939922
 0.8424661  0.76863185 0.79529609 0.74247087 0.86487148 0.79537144
 0.76962975]","[ 0.23297748  0.15958611  0.3670632   0.12762894 -0.0671033  -0.12608122
  0.54352366  0.6407982   0.35773615  0.43150142  0.434958    0.39548948
  0.27046198  0.49473211  0.40582877  0.67290592  0.33451074  0.34263327
  0.46186962  0.46216152  0.38622855  0.65632879  0.68080486  0.42176282
  0.52052278  0.34142216  0.48273454  0.43420557  0.61133261  0.61631785
  0.3706955   0.58503602  0.54154937  0.52299962  0.66476946  0.58089431
  0.58729282  0.52794988  0.53971486  0.53487738  0.44163867 -4.22143677
  0.09757531  0.63923425  0.4690817   0.55022827  0.27190523  0.39487611
  0.4590984   0.61550301  0.31520299  0.48987435  0.20538038  0.48705872
  0.48594174  0.47625653  0.55624367  0.51072682  0.62565773  0.47587093
  0.55214132  0.51005514  0.66131177  0.62462413  0.63227886  0.46776377
  0.69667503  0.6760783   0.6635681   0.51355342  0.65879065  0.58757344
  0.64423459  0.13587404  0.69690952  0.56299711  0.52789596  0.57831706
  0.61583638  0.59103658  0.7705856   0.62569174  0.61422794  0.6225219
 -0.2759461   0.18894977 -0.20244377  0.05108387  0.67501942  0.52241927
  0.08590016 -0.96176168  0.50827617  0.70769454  0.67088899  0.27662789
  0.48996929  0.48740759  0.64122416  0.51795879  0.35394501  0.35139288
  0.35153923  0.29652424  0.66718146  0.49715081  0.36100837 -0.15910954
  0.3533271   0.32336731  0.2006019   0.08173797  0.57697816  0.48411726
  0.2046899   0.63896249  0.31522278  0.33519024 -0.92443057 -0.15065363
  0.30135284 -4.75613658  0.12507377  0.31919901  0.4107798   0.23286925
 -0.73920748  0.18369338  0.07692028  0.09122079  0.2176601   0.46602005
  0.4501463   0.51499758  0.56623106  0.6238996   0.61617306  0.57860529
  0.63097622  0.62064152  0.55227406 -0.33987125  0.43431405  0.62403685
  0.55408738 -0.04549221  0.66996036  0.71224087  0.60646816  0.40057003
  0.5544071   0.38186969  0.58239734  0.54873647 -3.53278702  0.61872393
  0.69692607  0.40091636  0.56518054  0.55159304  0.63280762  0.62017691
  0.72636649  0.55240913  0.22418341  0.70769176  0.70631654  0.71949287
  0.72445447  0.69833439  0.4577598   0.54385776  0.68733621  0.68236945
  0.71661505  0.58401576 -0.02988647  0.42386088  0.43821576  0.34520547
  0.57038746  0.59103409  0.69380701  0.63653617  0.70130157  0.45616496
  0.66350386  0.53346249  0.67203156  0.48107197  0.70485466  0.6263177
  0.77047597  0.77707989  0.40492531  0.62658339  0.70609139  0.66797705
  0.72121737  0.74322573  0.62498158  0.67085544  0.49179352  0.62292549
  0.6980378   0.41619716  0.20383296  0.74200733  0.67085188  0.51100158
  0.54245821  0.50640444  0.60062464  0.71411855  0.7648747   0.57194329
  0.48011717  0.40849932  0.45853595  0.72642315  0.70700088  0.76348689
  0.44324844  0.45486674  0.56377302  0.57788578  0.614764    0.59900022
  0.0462692   0.42475472  0.55428819  0.52526687  0.52296147  0.57772249
  0.53840944  0.37520626  0.47299693  0.49107497  0.73811366  0.62054613
  0.58758923]",0.6573920349425533,0.6829683431492924
TVSD,Model A (ResNet),features/layer3-15,monkeyF/IT,100000.0,0.7009955644607544,0.7258945916671852,0.3755146861076355,0.39248678752787663,"[0.5370761  0.5109798  0.64470977 0.55258036 0.4146517  0.40903568
 0.73574024 0.76139057 0.6000869  0.70677274 0.70597994 0.69452786
 0.55173445 0.7553671  0.6825551  0.69611335 0.60399896 0.61307555
 0.70077956 0.75695086 0.69904476 0.6829068  0.23943105 0.4471674
 0.74104506 0.6102103  0.7628509  0.77592134 0.8100492  0.7841266
 0.6549167  0.75643444 0.76939964 0.7529613  0.8497313  0.6844398
 0.7774909  0.7653932  0.74924695 0.7723927  0.7047647  0.7060313
 0.57654136 0.8358111  0.73489743 0.8072869  0.6396591  0.62411004
 0.6495095  0.8328255  0.62551266 0.74885684 0.6302389  0.74569
 0.7177667  0.68258244 0.8176032  0.80031335 0.7515517  0.84643567
 0.84475964 0.7472553  0.82508916 0.66154027 0.8130871  0.7025284
 0.8625937  0.8445414  0.82531    0.72345454 0.8185615  0.27127668
 0.82060355 0.79282874 0.4723977  0.74357545 0.37858042 0.774892
 0.73897254 0.8147591  0.87954736 0.53668994 0.77396137 0.7993589
 0.2707815  0.14846301 0.14025408 0.652995   0.8288343  0.74505025
 0.5991256  0.7197006  0.6865652  0.8388923  0.8281684  0.46220365
 0.6779626  0.71673214 0.7438927  0.6665591  0.5135701  0.62265414
 0.5648559  0.5405675  0.7386481  0.66256386 0.5815475  0.7328686
 0.6155463  0.57458055 0.55806834 0.5490979  0.76691806 0.7156994
 0.45153025 0.83457935 0.69995695 0.64501995 0.7459595  0.3706269
 0.63346493 0.58970445 0.57896125 0.64107615 0.66621256 0.55156255
 0.51396656 0.3128506  0.57583165 0.48436746 0.5406468  0.7166121
 0.6923971  0.61896396 0.69386065 0.8265587  0.8007035  0.82906294
 0.73807657 0.77495635 0.7578519  0.7485234  0.7105792  0.7807902
 0.78732723 0.7079849  0.8201055  0.80101424 0.7870659  0.72684985
 0.7870667  0.7030629  0.79740256 0.75747216 0.68632233 0.80875885
 0.836004   0.6730951  0.8032296  0.789712   0.7887531  0.74932396
 0.84473234 0.728296   0.64327896 0.8566359  0.8553001  0.8570806
 0.6987363  0.4422782  0.7347623  0.73917764 0.85053635 0.83389205
 0.8445898  0.7870898  0.505162   0.7021391  0.68898994 0.6408532
 0.77172875 0.7709687  0.36380905 0.81471246 0.8119867  0.8322068
 0.81841254 0.7149735  0.79604495 0.7990752  0.86012715 0.843489
 0.87701565 0.7922787  0.7267242  0.72926736 0.8363689  0.67387074
 0.65154153 0.85117126 0.7927188  0.686375   0.73387694 0.7857917
 0.8403     0.70486397 0.8464856  0.6311079  0.7631678  0.27178055
 0.5948122  0.6232569  0.79780316 0.8452215  0.86662817 0.7423296
 0.6954901  0.6486651  0.7997698  0.88031524 0.8568617  0.8631901
 0.6642839  0.6683941  0.7455878  0.6889822  0.700652   0.83237046
 0.44782704 0.6765031  0.7175977  0.7464337  0.65472823 0.8851641
 0.815628   0.8078024  0.4252987  0.6854516  0.8598146  0.80379874
 0.79089534]","[ 0.25486565  0.20360321  0.39957607  0.16083336 -0.08454871 -0.15871394
  0.51898843  0.5665366   0.35061777  0.47336572  0.47368163  0.42532927
  0.1237126   0.48879838  0.38625973  0.42946762  0.33682764  0.35096568
  0.45441258  0.51198053  0.44103104  0.05166817 -0.613467   -4.250703
  0.49506468  0.35904795  0.55460453  0.51882786  0.6045562   0.57227194
  0.25508136  0.5608562   0.58948946  0.55593     0.6725491   0.39286256
  0.53552526  0.47653687  0.5601276   0.58311427  0.46992952  0.47507173
  0.140127    0.6354999   0.52317524  0.6167531   0.27461612  0.37521732
  0.3954227   0.6333794  -0.6124536   0.5371061   0.27546358  0.5303563
  0.49078804  0.46013558  0.5892122   0.55950636  0.5610179   0.70872
  0.7016065   0.5546287   0.6795551   0.36144274  0.65553176  0.4896006
  0.7297158   0.7069021   0.68098557  0.5176171   0.6661757  -0.6889142
  0.6625558   0.609061   -0.05679452  0.5481464  -0.7626517   0.59615004
  0.5436379   0.6303254   0.76823795  0.12309486  0.5962405   0.63816404
 -0.10764146 -1.7872882  -0.31087506  0.4131592   0.6558238   0.53103554
  0.34019488  0.31172895  0.46826887  0.69411016  0.68574136  0.17076075
  0.45135373  0.48650604  0.5496175   0.43612987  0.2402786   0.38356453
  0.30923563  0.2573712   0.51007974  0.43897748  0.31196046  0.51222754
  0.37448758  0.30280668  0.22779685  0.18891513  0.5748603   0.49130172
  0.03996503  0.68430406  0.47972554  0.34701735  0.5216881  -0.00688589
  0.28708613  0.25974387  0.25436074  0.397218    0.37655026  0.24504328
  0.1878491  -2.2147038   0.21462178  0.01537848  0.27379245  0.43203652
  0.42610914 -0.04267216  0.41275537  0.6547086   0.62540203  0.65355563
  0.5139313   0.5914811   0.54817104  0.49722087  0.4397093   0.6030421
  0.60325205  0.47942472  0.67122644  0.6403079   0.5831943   0.48768252
  0.5525786   0.46451056  0.6100627   0.5674694   0.45957935  0.65396774
  0.6778375   0.40090835  0.62119645  0.59506726  0.6165296   0.5358987
  0.712499    0.4851532   0.32066983  0.7253324   0.71261275  0.7213436
  0.47744012 -0.05688655  0.46561664  0.5302599   0.714213    0.6880334
  0.70838964  0.5518882  -0.08262253  0.44908315  0.43350154  0.36660326
  0.53716373  0.56437135 -0.88398194  0.6361406   0.6448083   0.68351513
  0.62829626  0.45932257  0.5924256   0.5472945   0.70571256  0.67625713
  0.7556201   0.590101    0.48774278 -0.11311638  0.69577795 -0.8976772
  0.3179835   0.71317816  0.61168295  0.45110595  0.4385789   0.5892928
  0.66077316  0.36181396  0.71221185  0.33896726  0.57590497 -3.9513597
  0.28206086  0.38219512  0.5529423   0.672886    0.73192585  0.5464184
  0.4364165   0.40129566  0.6271318   0.707356    0.6751587   0.7280562
  0.40236813  0.38475043  0.54114056  0.45232242  0.32476425  0.5595617
  0.01742476  0.4293841   0.44690788  0.5231341   0.26059228  0.6522329
  0.4975313   0.46203935 -0.7953845   0.3408696   0.7284354   0.634605
  0.61649036]","[0.54390526 0.51910128 0.65290655 0.56138133 0.42671917 0.43156411
 0.75542575 0.81129932 0.61205682 0.71860057 0.71529097 0.70438795
 0.56038852 0.78179331 0.72856947 0.74930743 0.62160024 0.64144453
 0.71269055 0.76909427 0.70770537 0.70692635 0.24691474 0.48748841
 0.76113078 0.61548856 0.76923878 0.79769353 0.83093271 0.81223376
 0.7084808  0.76358091 0.77763859 0.75930662 0.85864113 0.70789078
 0.81264586 0.80050391 0.7656219  0.77679167 0.71393046 0.74330947
 0.62283303 0.86048717 0.74445178 0.81544636 0.72140052 0.64307278
 0.66562964 0.86544126 0.63635905 0.75724788 0.66710018 0.77126213
 0.73996273 0.69614083 0.82878598 0.80951976 0.77681708 0.85779589
 0.85492764 0.75085078 0.83338601 0.66548417 0.82409057 0.70995667
 0.87573932 0.85639417 0.84412838 0.76513126 0.84743616 0.27740274
 0.82869131 0.79615485 0.48373774 0.79181759 0.40769236 0.80502288
 0.77583432 0.81870002 0.8926567  0.55988166 0.82204063 0.8155705
 0.30050536 0.15876933 0.15815742 0.65830408 0.836254   0.75739416
 0.6201947  0.72815948 0.71114629 0.84978868 0.84521761 0.50332472
 0.68914826 0.73441239 0.79926351 0.7128178  0.56226675 0.63655622
 0.57007162 0.56161825 0.81938696 0.69905095 0.60414248 0.74827565
 0.62210924 0.59029359 0.62433208 0.62400288 0.77354568 0.72781652
 0.4632228  0.85175204 0.73120053 0.65703992 0.76057228 0.40784044
 0.68741049 0.664868   0.62304799 0.65623568 0.67168655 0.56827447
 0.53897326 0.34841989 0.649437   0.54736877 0.55419714 0.7222967
 0.73464575 0.63819174 0.7894655  0.84388326 0.81785927 0.83316514
 0.78802408 0.81927133 0.80091766 0.76838602 0.78097682 0.78874785
 0.79512882 0.71052098 0.83429307 0.81223252 0.83502863 0.76261552
 0.82005907 0.73808542 0.80603847 0.76734518 0.71333013 0.82043838
 0.85999171 0.73997378 0.83041128 0.79994959 0.80237298 0.79948252
 0.86786365 0.75274135 0.72631707 0.88307866 0.88248437 0.86608666
 0.7100222  0.46858015 0.8041669  0.75993765 0.86683445 0.842366
 0.85703477 0.84271334 0.5585702  0.77013635 0.77469581 0.7122492
 0.81885586 0.82360571 0.36945792 0.82832306 0.8258084  0.84401472
 0.83263124 0.75933906 0.83604575 0.83414429 0.87089013 0.85937588
 0.88411352 0.7962865  0.77720435 0.75960633 0.84810133 0.69426721
 0.6641015  0.86719659 0.802678   0.72523951 0.78747257 0.79124096
 0.86146953 0.79919199 0.86333765 0.63916608 0.80321319 0.30086959
 0.61497779 0.62821191 0.8355879  0.87813835 0.8837279  0.76110877
 0.73336251 0.65755773 0.80541252 0.89338127 0.87651069 0.88099205
 0.73139764 0.74460285 0.75146498 0.69846333 0.72387001 0.86009444
 0.46580432 0.68968808 0.81280762 0.75152524 0.66203422 0.89620083
 0.83635448 0.83181936 0.44295124 0.69700477 0.86893457 0.80944304
 0.79893094]","[ 0.2613883   0.21012678  0.409801    0.16599736 -0.08954151 -0.17667834
  0.54713213  0.64324322  0.36474477  0.48934182  0.4862586   0.43749164
  0.12762395  0.52359745  0.44009453  0.49761169  0.35674483  0.38419779
  0.46999095  0.52853924  0.45202677  0.05536668 -0.6524155  -5.05183403
  0.52226543  0.36528628  0.56393162  0.54835276  0.63612962  0.61403366
  0.29851266  0.57150375  0.60218189  0.56533935  0.68672701  0.42024511
  0.58504864  0.5212598   0.58487857  0.58977517  0.48223223  0.5265633
  0.16353253  0.67357822  0.5368672   0.62928345  0.34928646  0.39836464
  0.41529423  0.68396065 -0.63387763  0.54921023  0.30862842  0.5673553
  0.52161137  0.47859682  0.60544036  0.57245297  0.59937209  0.7278715
  0.71859801  0.55997876  0.69329064  0.36576521  0.67339437  0.50000902
  0.7521265   0.7268835   0.71239474  0.57897262  0.71400321 -0.72038007
  0.67568031  0.61418204 -0.05955399  0.62157965 -0.88445366  0.64341281
  0.59922658  0.63643783  0.79130924  0.13396319  0.67261955  0.66431142
 -0.13257025 -2.04404887 -0.39530657  0.41990477  0.66761822  0.54877758
  0.36454244  0.31909975  0.50239995  0.7122589   0.71426623  0.20249664
  0.4663703   0.51080421  0.63448289  0.49876455  0.28800531  0.40088353
  0.31497282  0.27780653  0.6276839   0.48865732  0.33667271  0.53399096
  0.38251572  0.31959483  0.28510463  0.24397222  0.58483896  0.50807851
  0.04206165  0.7127549   0.52350782  0.36007121  0.54232721 -0.00833809
  0.33806435  0.33017741  0.29457377  0.41622614  0.3827636   0.26011748
  0.20657313 -2.74692982  0.27299632  0.01963918  0.28768868  0.43891806
  0.47969621 -0.04536451  0.53433611  0.68244144  0.65248867  0.66003922
  0.58584293  0.66106155  0.61224203  0.52395921  0.5311497   0.61539691
  0.61526649  0.48286554  0.69465136  0.65836863  0.65643812  0.53685753
  0.59987572  0.51194168  0.6233483   0.58235881  0.49646127  0.67299241
  0.71729431  0.48453471  0.66395106  0.6105958   0.6380054   0.61004432
  0.752054    0.51826826  0.40880097  0.77080278  0.75863095  0.73658278
  0.49298776 -0.06385374  0.55773403  0.56046315  0.74184697  0.70208795
  0.72941953  0.6326482  -0.10101658  0.54027605  0.54805899  0.45283825
  0.60477279  0.64406572 -0.91164629  0.65757288  0.66694711  0.70304912
  0.65031733  0.51809495  0.65345955  0.59638698  0.72348455  0.70197128
  0.76790039  0.59608622  0.55785591 -0.12272389  0.71543533 -0.95284069
  0.33036141  0.74028553  0.62714903  0.50363805  0.50497761  0.59749435
  0.69448598  0.46513278  0.74085189  0.34767858  0.63792909 -4.84246412
  0.30151015  0.38829629  0.60655833  0.72631715  0.76109454  0.57441429
  0.48524006  0.41237394  0.63601237  0.72850958  0.70647829  0.75839588
  0.48777919  0.47748892  0.54970535  0.46485697  0.34664477  0.59745743
  0.01885182  0.44628449  0.57336534  0.53029525  0.26644053  0.66859914
  0.5231388   0.48992179 -0.86278164  0.35245701  0.74397027  0.64354872
  0.62908125]",0.6927235812546995,0.7301912909126475
TVSD,Model A (ResNet),features/layer3-20,monkeyF/IT,100000.0,0.6987550258636475,0.7235401997172115,0.3747338652610779,0.3939735107093372,"[0.5491898  0.46831363 0.62992316 0.60279554 0.4463297  0.46113142
 0.7099436  0.75701344 0.42630413 0.7066494  0.71825    0.62861186
 0.6117298  0.7582094  0.52930987 0.6443996  0.60017544 0.6460903
 0.6437693  0.67515785 0.6855667  0.68684614 0.82701504 0.69377446
 0.70986843 0.62630135 0.779781   0.7555953  0.78124046 0.7125592
 0.661095   0.7324741  0.6317807  0.78293943 0.7845801  0.77827483
 0.7672824  0.7706626  0.7819939  0.8061386  0.59153813 0.17203908
 0.44333503 0.82371986 0.70262384 0.84606016 0.67700684 0.61750704
 0.69929    0.83855116 0.75032574 0.77600944 0.5311369  0.7598897
 0.6421597  0.69290423 0.79946125 0.7637026  0.58133954 0.82494485
 0.8439897  0.79668677 0.7690039  0.6912313  0.81164676 0.69850826
 0.8512318  0.6362812  0.823852   0.7154598  0.8151482  0.7686129
 0.8096264  0.8170376  0.81644374 0.7364007  0.7034744  0.5003169
 0.7121166  0.80373716 0.8682605  0.7544512  0.79590243 0.78925586
 0.2479719  0.30017152 0.17861709 0.67466885 0.8142445  0.7017941
 0.6213963  0.79190785 0.2929238  0.8305507  0.8235225  0.474714
 0.5504491  0.677632   0.7432346  0.6477727  0.48690456 0.63710886
 0.57969934 0.5556814  0.74821925 0.5888742  0.7047053  0.71297026
 0.58372617 0.5268192  0.27927408 0.5525631  0.7616023  0.71077764
 0.55371356 0.6982951  0.70170516 0.6428465  0.67565763 0.35613605
 0.57673055 0.60454655 0.5679822  0.6975233  0.661004   0.5514408
 0.51522845 0.63502866 0.12186319 0.5851888  0.29512098 0.76752114
 0.69411474 0.7410996  0.7096724  0.75123215 0.64612424 0.85237306
 0.72292644 0.7464648  0.7731943  0.83810455 0.7593525  0.80771327
 0.7900151  0.74555975 0.7008548  0.8264436  0.77905816 0.64983493
 0.7835042  0.7094948  0.81336975 0.77283233 0.7052823  0.8135754
 0.8141501  0.6900162  0.8231506  0.80979896 0.83305955 0.7729811
 0.8285138  0.76201564 0.6474313  0.863104   0.8625443  0.8518093
 0.844022   0.7336041  0.7474051  0.73757    0.84887284 0.82280517
 0.8309172  0.7890842  0.37935877 0.6845436  0.68464    0.6358451
 0.769632   0.76007915 0.70406175 0.79472697 0.5023978  0.69527245
 0.8113781  0.6790413  0.7267292  0.8108236  0.83288294 0.6055921
 0.82210344 0.789011   0.7013131  0.8100968  0.8352133  0.8034304
 0.5961089  0.838361   0.7799986  0.75522596 0.74779886 0.8367214
 0.8294694  0.7000053  0.62031716 0.8535404  0.75132436 0.6604151
 0.61584836 0.6990923  0.7990265  0.80256546 0.860452   0.73298335
 0.68895733 0.6457858  0.80718833 0.8584459  0.84059787 0.8541602
 0.6283792  0.4778004  0.75863636 0.74771005 0.77916896 0.81905746
 0.5015435  0.6900007  0.5588183  0.7624537  0.74978125 0.839421
 0.816829   0.8172594  0.78398067 0.4595601  0.8694497  0.63596123
 0.807226  ]","[ 0.27219528  0.13398129  0.37790805  0.25164598 -0.05400491 -0.05875063
  0.48267972  0.5633037  -0.08124816  0.47257042  0.48893458  0.14866316
  0.28238684  0.5001459   0.00969273 -0.2398591   0.33087564  0.38594186
  0.40581822  0.35939163  0.42578417  0.41277772  0.6555747   0.35381848
  0.4486627   0.3868097   0.5857941   0.5001693   0.5626538   0.3685345
  0.24766165  0.468459    0.38082403  0.59919274  0.5724349   0.5630381
  0.53093106  0.46127605  0.6084616   0.63782233  0.29090178 -2.9304354
 -0.93023527  0.61184865  0.4245463   0.68123674  0.34360474  0.35985374
  0.47830397  0.68723327  0.47236264  0.5766784  -0.56035066  0.5404637
  0.36755317  0.47457862  0.55577654  0.49166876  0.21362531  0.6767318
  0.7027706   0.624582    0.5868125   0.39626002  0.65368253  0.48330796
  0.71275795  0.30826265  0.6777379   0.47041917  0.6597079   0.5791222
  0.64677334  0.6360637   0.6549881   0.5258143   0.48063892 -0.2016598
  0.49871898  0.62548447  0.7499372   0.54636276  0.63065946  0.62194175
 -0.11541522 -0.18370879 -0.2971152   0.43404186  0.63341486  0.4723
  0.35996413  0.5788652  -2.2555132   0.6794998   0.67753255  0.152735
 -0.03657055  0.41235852  0.54386485  0.40256542  0.05135053  0.40052557
  0.32086456  0.26869982  0.54010284  0.26854098  0.48239988  0.49146128
  0.33691865  0.2238369  -0.98785496  0.16541153  0.56400955  0.485987
  0.19851065  0.36916304  0.45122612  0.33069068  0.40519422 -0.09710574
  0.15223604  0.25188798  0.19194329  0.46295887  0.35393018  0.21039957
  0.17935944  0.20826608 -1.3268816   0.16081291 -1.3448606   0.51279795
  0.4303323   0.5411602   0.47344482  0.47199208 -0.1037221   0.6925988
  0.4885304   0.5374924   0.57162607  0.6586727   0.50213116  0.6325746
  0.6078509   0.534666    0.3505932   0.68027747  0.55544525  0.274678
  0.5260041   0.44594043  0.64684486  0.58874595  0.47946882  0.6608759
  0.634747    0.41582763  0.6498492   0.6374091   0.68888456  0.5625104
  0.684309    0.4330706   0.30700463  0.73515177  0.7243849   0.71333027
  0.7092143   0.52416074  0.46256804  0.5251591   0.71204466  0.66296136
  0.6798775   0.54360133 -0.25753915  0.404171    0.40186155  0.3526867
  0.5307584   0.47972482  0.42795527  0.59258187 -0.03049755  0.4363792
  0.61154747  0.31325424  0.23474246  0.60265565  0.65366256  0.17680323
  0.6576842   0.5778034   0.4353006   0.61722195  0.6911695   0.60666835
  0.14562368  0.685415    0.58691436  0.54777193  0.47888505  0.6555917
  0.6291684   0.33510035 -0.3736409   0.711066    0.55772245  0.4027958
  0.33329916  0.48491377  0.53335357  0.581025    0.7133007   0.52930886
  0.40861422  0.40135854  0.63723886  0.6475973   0.6191768   0.703869
  0.30475897 -1.258244    0.55904555  0.54345596  0.5964615   0.5000812
  0.07644969  0.43972743 -0.42393732  0.5533191   0.4844994   0.52157116
  0.47174925  0.4572872   0.43294722 -1.0116272   0.7439312   0.30873644
  0.64264405]","[0.55617298 0.47575701 0.63793195 0.61239629 0.4593191  0.48652913
 0.72893888 0.80663528 0.43480759 0.71847518 0.72772283 0.63753615
 0.62132491 0.78473505 0.56499325 0.69364191 0.6176653  0.675987
 0.65471132 0.68598909 0.69406034 0.71100423 0.85286433 0.75633199
 0.72910912 0.6317188  0.78631065 0.77679717 0.80138129 0.73810106
 0.71516443 0.73939419 0.63854597 0.78953741 0.79280678 0.80494092
 0.80197579 0.80601505 0.79908456 0.81072975 0.59923131 0.18112267
 0.47893129 0.84803897 0.71175861 0.85461149 0.76352088 0.63626915
 0.71664563 0.87139118 0.76333639 0.78470473 0.5622019  0.78594882
 0.66201768 0.70666765 0.81039591 0.77248783 0.6008828  0.83601664
 0.8541484  0.80052007 0.7767368  0.69535222 0.82263073 0.70589401
 0.86420427 0.64521115 0.84263714 0.75667599 0.84390244 0.78596999
 0.81760598 0.82046526 0.83604267 0.78417737 0.75756993 0.51977125
 0.74763873 0.8076248  0.88120162 0.78705295 0.84534469 0.80526256
 0.27519196 0.32100946 0.20141745 0.68015415 0.8215336  0.71342133
 0.64324856 0.80121543 0.30341135 0.84133872 0.84047608 0.51694809
 0.55953089 0.6943477  0.79855637 0.69272767 0.53307282 0.65133367
 0.58505215 0.5773207  0.83000428 0.62130325 0.73208536 0.72795897
 0.58994985 0.54122615 0.31243444 0.62794075 0.76818396 0.72281146
 0.56805218 0.71266356 0.73302677 0.65482599 0.68889323 0.39189462
 0.62584464 0.68160186 0.6112329  0.71401764 0.6664352  0.56814901
 0.54029655 0.70722773 0.13744029 0.66130387 0.30251767 0.77360959
 0.73646818 0.76412146 0.80745589 0.76697786 0.659968   0.8565906
 0.77184871 0.78915051 0.81713192 0.86034425 0.83458211 0.81594531
 0.79784333 0.7482304  0.71297935 0.83801803 0.82653288 0.68181097
 0.81634723 0.74483776 0.82217859 0.78290556 0.73303617 0.82532447
 0.83751073 0.75857616 0.85100642 0.82029693 0.8474445  0.82472323
 0.851201   0.78759281 0.73100544 0.88974637 0.88995879 0.86076001
 0.8576545  0.77723093 0.81800392 0.75828484 0.86513906 0.83116645
 0.84316066 0.84484866 0.41946643 0.75083688 0.76980476 0.70668315
 0.81663104 0.81197271 0.71499374 0.80800369 0.51094964 0.70513746
 0.82547461 0.72117721 0.76324694 0.84640832 0.843305   0.61699824
 0.82875689 0.79300226 0.7500281  0.84379843 0.84692951 0.82774831
 0.60760029 0.85414518 0.78979797 0.79798898 0.80241121 0.84252387
 0.85036604 0.79368311 0.63266658 0.86443866 0.79074829 0.73110023
 0.63672712 0.70465021 0.83686916 0.83382106 0.87742986 0.75152608
 0.72647399 0.654639   0.81288337 0.87118731 0.8598739  0.8717759
 0.69186548 0.53227811 0.76461637 0.75799935 0.80498885 0.84633802
 0.52167716 0.70344873 0.63296153 0.76765452 0.75814791 0.84988737
 0.83758603 0.84155752 0.81652076 0.46730588 0.87867186 0.64042698
 0.81542753]","[ 0.27916144  0.13827413  0.38757851  0.25972577 -0.05719402 -0.06540046
  0.50885447  0.6395726  -0.0845218   0.48851967  0.50191654  0.15291421
  0.29131491  0.53575285  0.01104365 -0.2779178   0.35044088  0.42248578
  0.41973066  0.37101523  0.43639977  0.44232522  0.69719659  0.42050274
  0.47331395  0.39353039  0.59564571  0.52863237  0.59203881  0.39542842
  0.28982964  0.47735243  0.38902364  0.6093343   0.5845023   0.60228192
  0.58002958  0.50456676  0.63534836  0.64510816  0.29851756 -3.24805632
 -1.08561324  0.64850982  0.43565705  0.69507718  0.43703365  0.38205328
  0.50234061  0.74211526  0.48888621  0.58967432 -0.62781488  0.57816781
  0.39063689  0.49361933  0.57108383  0.50304565  0.22822989  0.6950189
  0.71979028  0.63060686  0.59867346  0.40099887  0.67149475  0.4935826
  0.73464781  0.31697605  0.70899727  0.52618009  0.70707104  0.60557337
  0.6595852   0.64141178  0.68681185  0.59625576  0.55740106 -0.21764739
  0.54971458  0.63154998  0.77245887  0.59460241  0.71144759  0.64742445
 -0.14214434 -0.21010027 -0.37780963  0.44112839  0.64480625  0.48807966
  0.38572656  0.59255236 -2.41991253  0.69726654  0.70571596  0.1811208
 -0.03778725  0.43295344  0.62784195  0.46037975  0.06155033  0.4186104
  0.3268175   0.29003467  0.66462913  0.29893222  0.52061366  0.51234239
  0.3441414   0.23624682 -1.23637362  0.21361877  0.57379988  0.50258232
  0.20892478  0.38451147  0.49240739  0.34313038  0.42122458 -0.11758492
  0.17926877  0.32019127  0.22228847  0.48511294  0.35977027  0.22334261
  0.19723725  0.25831549 -1.68777744  0.20536718 -1.41311843  0.52096587
  0.48445048  0.57530415  0.61290218  0.4919852  -0.10821438  0.69946973
  0.55688784  0.60072175  0.63843851  0.69409319  0.60655259  0.64553445
  0.61995693  0.53850329  0.36282845  0.69946559  0.62520403  0.30237489
  0.57102656  0.49147536  0.66093146  0.6041936   0.51794691  0.68010155
  0.67169556  0.50256604  0.69457585  0.65404255  0.71288074  0.64033794
  0.72229899  0.46263067  0.3913801   0.78123774  0.77116332  0.72840018
  0.7323096   0.58835734  0.55408229  0.55507183  0.73959472  0.67650376
  0.70006098  0.62314865 -0.31487446  0.48624382  0.50805779  0.43564815
  0.59756124  0.54746634  0.4413482   0.61254662 -0.03154465  0.44885035
  0.63298151  0.35333652  0.25892654  0.65671404  0.67012378  0.18352604
  0.66837283  0.58366386  0.49787514  0.66964551  0.71069668  0.64394896
  0.15129227  0.71146715  0.60175418  0.61156095  0.55138591  0.66471598
  0.66126873  0.43079089 -0.38866605  0.7293401   0.61778835  0.49363366
  0.35628155  0.49265469  0.5850702   0.62716183  0.74172715  0.5564281
  0.45432743  0.41243856  0.64626254  0.66696382  0.6478995   0.73320074
  0.36945044 -1.56152547  0.56789373  0.55851596  0.6366472   0.53394863
  0.08271078  0.45703491 -0.54389501  0.56089344  0.49537259  0.53465876
  0.49602977  0.48488285  0.46963312 -1.04601611  0.75979652  0.31308758
  0.65576908]",0.6814124596149571,0.7083726665739651
TVSD,Model A (ResNet),features/layer3-25,monkeyF/IT,100000.0,0.722836434841156,0.7488713947021891,0.4642753005027771,0.4948477385288993,"[0.54476154 0.5170516  0.6432055  0.6057505  0.44806007 0.45177704
 0.71880955 0.7548331  0.6411067  0.7308723  0.7510044  0.72623116
 0.63180983 0.7695789  0.68430656 0.71774775 0.6046905  0.6607211
 0.3016273  0.73730224 0.6888707  0.78562754 0.8408095  0.663407
 0.6143189  0.6433765  0.79401463 0.7585693  0.78613377 0.7856219
 0.6517381  0.79243696 0.8025081  0.7985366  0.7999972  0.7954539
 0.76517826 0.7844459  0.7755591  0.8091625  0.7097665  0.6828706
 0.5468212  0.82222646 0.76476026 0.8494891  0.6706506  0.5859984
 0.7102852  0.8309005  0.7659189  0.79568803 0.6883246  0.7655728
 0.74249053 0.6959833  0.8192402  0.80229276 0.8094887  0.86390936
 0.8694911  0.8231686  0.8070477  0.8325275  0.82357365 0.7003271
 0.8463264  0.8592788  0.85739684 0.7624746  0.83864635 0.79085684
 0.8336523  0.8232246  0.8497524  0.7705356  0.7733193  0.7163715
 0.7899434  0.74961054 0.8793093  0.63577133 0.7964201  0.8040825
 0.27860522 0.32490942 0.15246883 0.67223763 0.81733346 0.74235755
 0.6217026  0.80871147 0.6757337  0.8175903  0.83927757 0.33867764
 0.62543905 0.7196037  0.7306545  0.67838484 0.54087716 0.6220592
 0.60253453 0.55676675 0.7591208  0.6796294  0.7324612  0.63548046
 0.5703471  0.47990566 0.58891743 0.58281654 0.77375484 0.7214093
 0.5270289  0.82129514 0.74758536 0.6368689  0.7113848  0.38493475
 0.61169547 0.62230384 0.59003794 0.7353343  0.6754443  0.53545713
 0.5160781  0.6435719  0.61079234 0.5291572  0.59874827 0.78914964
 0.7016458  0.75428766 0.71008694 0.76092255 0.81170166 0.8577404
 0.711325   0.7670557  0.77837723 0.6970472  0.7574543  0.85727507
 0.60104054 0.7631787  0.81845933 0.83128655 0.79475486 0.67987996
 0.7883138  0.76217467 0.8411327  0.53531027 0.66325706 0.82267255
 0.8267969  0.72261405 0.8191602  0.83236665 0.8325327  0.7785996
 0.81906277 0.8165579  0.6130174  0.8807545  0.8702792  0.8307188
 0.8315605  0.7608374  0.7572449  0.7619807  0.8490686  0.8105522
 0.81891924 0.78226215 0.43848166 0.72061145 0.68213207 0.6636345
 0.80142    0.7788769  0.5532683  0.78525406 0.8037057  0.7918058
 0.7579997  0.66147375 0.80357283 0.8127478  0.83009076 0.78435475
 0.7126557  0.86342454 0.70245355 0.8026267  0.8156611  0.8008802
 0.8246814  0.8302272  0.48489422 0.7507108  0.7277273  0.7855729
 0.8430261  0.7214876  0.8086611  0.8492228  0.73092914 0.63878137
 0.6939561  0.6819139  0.781896   0.6127952  0.85203797 0.7227724
 0.5961451  0.62197244 0.8128636  0.86372846 0.838743   0.845924
 0.70646065 0.6599111  0.7599453  0.74158543 0.79500777 0.8353451
 0.49807945 0.6811741  0.6609588  0.7504486  0.77139926 0.88427395
 0.80836505 0.805601   0.501088   0.587983   0.8691448  0.8294652
 0.7788371 ]","[ 0.2658143   0.20753807  0.39672333  0.27218407 -0.04188621 -0.0711112
  0.49254906  0.56228477  0.3985821   0.5085381   0.537892    0.472508
  0.31929052  0.5181707   0.40116793  0.4646623   0.34018135  0.41210264
 -0.59356546  0.49015063  0.434111    0.54134643  0.67662275  0.3184513
 -0.2551415   0.40864503  0.6096017   0.5073925   0.5831537   0.58427846
  0.22601146  0.60912895  0.63938725  0.62710905  0.5910391   0.58980083
  0.5305142   0.46565902  0.59894645  0.644413    0.48423338  0.4347065
 -0.01237226  0.5872265   0.56246907  0.6807282   0.3205083   0.32295167
  0.49735564  0.6773823   0.5006452   0.601931    0.35009456  0.5463077
  0.52468693  0.48038065  0.58324254  0.5437551   0.6473232   0.74064934
  0.74645126  0.66615045  0.6450405   0.68529916  0.6761912   0.48829335
  0.71066475  0.7322353   0.73455536  0.5698878   0.7007794   0.61431265
  0.68557644  0.6519794   0.71345735  0.57634676  0.5906614   0.5017887
  0.6171912   0.54772866  0.76627564 -0.80953133  0.6241443   0.6458839
 -0.07365263 -0.05227649 -0.24038732  0.43001562  0.6437963   0.52032924
  0.36027116  0.62061167  0.45170802  0.6525639   0.70285857 -0.2000233
  0.384139    0.4644587   0.52447784  0.44657505  0.26517928  0.38473296
  0.3459208   0.2669788   0.5569879   0.45984793  0.52479684  0.31393594
  0.32177645  0.16112053  0.26550603  0.23119444  0.58611363  0.5074117
  0.11690766  0.6593952   0.5462142   0.32301873  0.4672637   0.0037508
  0.23745471  0.29283333  0.2657709   0.51133275  0.37910962  0.18889588
  0.18521321  0.24706417  0.23585111  0.01804489  0.33474147  0.55229473
  0.41474718  0.5610709   0.46416992  0.47372097  0.63931024  0.7040622
  0.47606015  0.5656719   0.5780118   0.18474925  0.5083939   0.72985166
  0.12131172  0.5586712   0.6657263   0.6877189   0.57597876  0.38617498
  0.5339426   0.5387435   0.69188    -0.14360261  0.39217848  0.6750819
  0.654892    0.4668153   0.6318351   0.674653    0.6908312   0.5839598
  0.66937876  0.63144165  0.2368666   0.76488894  0.73173106  0.68233824
  0.6898363   0.5666118   0.47326177  0.55679023  0.71183735  0.6447753
  0.66197586  0.52533686 -0.12991238  0.44443285  0.37776548  0.4039783
  0.58109444  0.5701394  -0.09999096  0.5832899   0.63198924  0.61359614
  0.50300527  0.36640966  0.60031104  0.61020607  0.649382    0.5656413
  0.37607843  0.7292521   0.42877525  0.60919034  0.65761423  0.60191864
  0.652874    0.67106354 -0.00169885  0.54616725  0.44749236  0.5953182
  0.6593529   0.3739748   0.6301802   0.70639306  0.52719104  0.3839072
  0.4605844   0.44431996  0.49678397  0.25369066  0.6968101   0.5146539
  0.31147242  0.37118077  0.6416843   0.65816665  0.6153332   0.69024825
  0.43348658  0.34553123  0.5612651   0.5364826   0.6181365   0.5683021
  0.1105293   0.42214853  0.3440022   0.5327201   0.5404508   0.633242
  0.4739005   0.44766808 -0.9791826   0.20992672  0.7374041   0.6744952
  0.59291446]","[0.55168841 0.52526959 0.65138318 0.61539832 0.46109981 0.47665953
 0.73804205 0.80431202 0.65389484 0.7431034  0.76090924 0.73654133
 0.6417199  0.79650227 0.73043903 0.77259504 0.62231193 0.69129481
 0.306754   0.74913044 0.69740528 0.81326003 0.86708997 0.72322633
 0.63096977 0.64894168 0.80066348 0.77985459 0.80640074 0.81378266
 0.70504223 0.79992357 0.8111016  0.80526601 0.80838553 0.82270859
 0.79977649 0.8204306  0.79250913 0.8137709  0.71899729 0.7189259
 0.59072655 0.84650149 0.77470285 0.85807508 0.75635238 0.60380318
 0.72791372 0.86344088 0.77919995 0.80460382 0.72858317 0.79182677
 0.76545111 0.70980787 0.83044541 0.81152195 0.83670181 0.87550411
 0.87995678 0.82712929 0.81516316 0.83749079 0.83471903 0.70773208
 0.85922411 0.87133843 0.87694686 0.80639919 0.86822951 0.80871623
 0.84186869 0.82667823 0.87015094 0.82052686 0.83278574 0.74422688
 0.82934772 0.75323637 0.89241509 0.66324461 0.84589452 0.82038991
 0.30918791 0.34746467 0.17193138 0.67770317 0.82465021 0.75465684
 0.64356564 0.81821655 0.69992695 0.82821    0.85655548 0.36880892
 0.63575812 0.7373548  0.78503988 0.72546424 0.5921631  0.63594802
 0.6080982  0.57844831 0.84209746 0.71705626 0.76091968 0.64884012
 0.57642811 0.49302964 0.65884413 0.66232124 0.78044153 0.73362314
 0.54067653 0.83819449 0.7809549  0.64873697 0.72532024 0.42358491
 0.66378715 0.7016225  0.63496815 0.75272273 0.68099415 0.55168107
 0.54118755 0.71674231 0.68886652 0.5979843  0.61375483 0.79540966
 0.74445876 0.7777192  0.80792756 0.77687137 0.82909305 0.8619845
 0.75946216 0.81091888 0.82260937 0.71554382 0.83249583 0.86601223
 0.60699623 0.76591247 0.83261843 0.84292879 0.84318612 0.71333441
 0.82135845 0.8001418  0.85024221 0.54228759 0.6893572  0.834553
 0.8505204  0.79441292 0.84688104 0.84315718 0.84690856 0.83071784
 0.84149117 0.84396577 0.69214916 0.9079417  0.89793952 0.83944789
 0.84499174 0.80608378 0.82877315 0.78338115 0.86533856 0.81878895
 0.83098593 0.8375445  0.48484009 0.79039765 0.76698487 0.73756846
 0.85036023 0.83205386 0.56185893 0.79837253 0.81738645 0.8030405
 0.77116884 0.70251953 0.84395191 0.84841693 0.84047788 0.79912786
 0.71842339 0.86779222 0.75124779 0.83601759 0.827103   0.82512094
 0.84057904 0.84585821 0.4909861  0.79321815 0.78087381 0.79102063
 0.86426429 0.81804025 0.82476012 0.86006589 0.76928288 0.707151
 0.71748288 0.68733523 0.81892735 0.63666025 0.86884981 0.74105684
 0.62860772 0.63049917 0.81859867 0.8765483  0.85797647 0.86336987
 0.77783562 0.73515265 0.7659356  0.75179045 0.82135251 0.86316815
 0.51807403 0.69445009 0.74865395 0.75556754 0.78000715 0.8952996
 0.82890697 0.82955253 0.52188631 0.59789334 0.87836375 0.83528974
 0.78675017]","[ 0.27261716  0.21418772  0.40687526  0.28092329 -0.04435969 -0.07916009
  0.519259    0.6384157   0.41464167  0.52570129  0.55217384  0.48601947
  0.32938535  0.55506089  0.45708054  0.53839076  0.36029686  0.45112366
 -0.61391433  0.5060033   0.4449342   0.58009715  0.71958098  0.37846989
 -0.26915995  0.4157451   0.61985368  0.53626668  0.61360938  0.62691636
  0.26449318  0.62069291  0.65315404  0.63772311  0.60349871  0.63091
  0.57957416  0.50936107  0.62541273  0.65177411  0.49691056  0.48182301
 -0.0144388   0.62241235  0.57718937  0.69455831  0.40765709  0.34287471
  0.5223497   0.73147758  0.51815814  0.61549599  0.3922447   0.5844195
  0.55763924  0.49965415  0.5993063   0.55633725  0.69157771  0.76066363
  0.76452881  0.6725763   0.65807841  0.6934946   0.69461677  0.49867398
  0.73249033  0.7529328   0.76843534  0.63743921  0.7510912   0.64237115
  0.69915694  0.65746129  0.74812192  0.65355787  0.68499507  0.54157048
  0.68030097  0.55304015  0.78928801 -0.88100675  0.70409785  0.6723476
 -0.09070991 -0.0597865  -0.30567485  0.43703642  0.65537441  0.53771357
  0.38605556  0.63528595  0.48463201  0.66962637  0.73209546 -0.23719763
  0.39691933  0.48765573  0.60546143  0.51070981  0.31785202  0.40210472
  0.3523386   0.28817699  0.68540719  0.51188971  0.56636914  0.32727438
  0.32867458  0.17005335  0.33230045  0.29857332  0.59628765  0.52473863
  0.12304079  0.68681044  0.59606461  0.33516983  0.48574966  0.00454183
  0.27961982  0.37223958  0.30778784  0.53580166  0.38536519  0.2005161
  0.2036745   0.30643734  0.29999976  0.02304434  0.35173115  0.56109176
  0.46690538  0.59647108  0.60089527  0.49378732  0.66699925  0.71104686
  0.5426727   0.63221625  0.64557063  0.19468424  0.61411768  0.74480445
  0.12372778  0.56268075  0.68895927  0.70711694  0.64831635  0.42511457
  0.57964455  0.59375453  0.70694733 -0.14737049  0.42365138  0.69472081
  0.69301319  0.56418933  0.67532193  0.69225835  0.71489518  0.66475508
  0.70653988  0.67454192  0.30196571  0.81283911  0.77898386  0.6967534
  0.71230056  0.63600762  0.56689167  0.58850463  0.73937939  0.65794618
  0.68162787  0.60221147 -0.15883445  0.53468145  0.47759407  0.4990049
  0.65423275  0.65064829 -0.1031202   0.60294161  0.65368793  0.63113193
  0.52063503  0.41329342  0.6621574   0.66494173  0.66573542  0.58714935
  0.38219042  0.73664869  0.49041179  0.66093174  0.6761934   0.63890737
  0.67828792  0.69657017 -0.00174181  0.60976941  0.51524052  0.60360359
  0.69299326  0.48076624  0.6555215   0.72454706  0.58396875  0.47048534
  0.49234365  0.45141286  0.54495463  0.2738352   0.72457939  0.54102232
  0.34631801  0.38142769  0.65077092  0.67784923  0.64387759  0.7190124
  0.52550318  0.4288165   0.57014842  0.55134933  0.65978258  0.60678973
  0.11958145  0.43876412  0.44134136  0.54001245  0.55257968  0.64913173
  0.49829175  0.47468326 -1.0621539   0.2170629   0.75313025  0.68400113
  0.60502385]",0.7184181942940892,0.7565042307983376
TVSD,Model A (ResNet),features/layer3-30,monkeyF/IT,100000.0,0.7236827611923218,0.7496224996564593,0.4621114134788513,0.49194013193175085,"[0.56583935 0.56341344 0.6429853  0.60621977 0.45061356 0.4776316
 0.7083609  0.7542131  0.6558904  0.7317876  0.75443107 0.7411471
 0.63163835 0.7467361  0.6737815  0.7254514  0.6134396  0.68905467
 0.74226743 0.7246308  0.6778182  0.7650558  0.8310674  0.67553157
 0.75480163 0.67396826 0.79703856 0.75549006 0.7903822  0.79216737
 0.6750016  0.77721345 0.78859574 0.7808748  0.74637955 0.7890585
 0.75578296 0.7812425  0.7572469  0.8024936  0.72820395 0.7058517
 0.5864244  0.82880443 0.75290155 0.8568469  0.6400536  0.27402115
 0.42280343 0.8274941  0.76991004 0.78903884 0.68348944 0.76095027
 0.60544115 0.68833077 0.7990779  0.79359174 0.7949334  0.8600148
 0.8712591  0.8289197  0.81959176 0.839082   0.8364067  0.71515405
 0.8246347  0.85654455 0.85129845 0.74344325 0.8485071  0.78327686
 0.82988983 0.73167074 0.8529666  0.7550945  0.7787291  0.76127505
 0.8093846  0.7444165  0.87666786 0.81182957 0.7701139  0.80066484
 0.29919973 0.43787035 0.16020246 0.6703667  0.81467324 0.75065994
 0.6262154  0.8030274  0.6937845  0.8293411  0.836907   0.49810055
 0.62979096 0.71598786 0.7289631  0.71077025 0.52311105 0.60281765
 0.5852948  0.5581944  0.7166429  0.7091685  0.73843217 0.7312439
 0.5842565  0.49286327 0.6048281  0.56934285 0.7810776  0.70970154
 0.5702654  0.84542036 0.74779356 0.6680731  0.70585555 0.4359152
 0.5734013  0.5972828  0.5755649  0.7507803  0.68049234 0.50669765
 0.49362478 0.62075263 0.59426177 0.5995905  0.60900486 0.7887
 0.73493356 0.74963385 0.69534165 0.7839979  0.8032331  0.84200346
 0.6716225  0.77058357 0.77422136 0.83787054 0.7256198  0.82844496
 0.82652164 0.7577908  0.80987346 0.83452207 0.78441304 0.68125284
 0.78188294 0.77639395 0.77712256 0.789721   0.05613505 0.81878257
 0.41938266 0.70757663 0.63850427 0.82350034 0.7195557  0.7839745
 0.8166868  0.80342066 0.5942918  0.86576504 0.86363816 0.82906896
 0.83019876 0.7566478  0.754232   0.7652581  0.86103404 0.80096716
 0.8075593  0.7728211  0.47494668 0.713468   0.66457343 0.65531474
 0.7957645  0.7129604  0.8135559  0.80135614 0.80357575 0.80683917
 0.7960757  0.6617471  0.77276117 0.794273   0.83959764 0.81656975
 0.8447301  0.85084903 0.7001912  0.78006715 0.8164962  0.81088525
 0.78433144 0.82637125 0.77851987 0.7053706  0.70357347 0.8195454
 0.8437674  0.70189375 0.8514862  0.84223676 0.6847284  0.6008403
 0.68620867 0.69667417 0.7799021  0.8136989  0.85337883 0.7133691
 0.65876055 0.6072191  0.8029179  0.8629801  0.83780044 0.8436588
 0.73019683 0.63490874 0.75723    0.715931   0.7720573  0.83152354
 0.47044557 0.650998   0.6426625  0.72418535 0.775658   0.8831898
 0.8256369  0.802009   0.49566057 0.7276683  0.8556728  0.8120091
 0.7960205 ]","[ 0.28673065  0.24820799  0.39143968  0.2582025  -0.03452718 -0.00462306
  0.4800232   0.5597197   0.41415232  0.50496376  0.53742623  0.48731047
  0.31889552  0.4705351   0.37463498  0.48710465  0.350959    0.44733542
  0.5150217   0.45782572  0.41302902  0.5218927   0.6559391   0.33061868
  0.5211849   0.44619077  0.61231387  0.48759264  0.5788714   0.5919671
  0.26825762  0.57815427  0.6183498   0.6031294   0.3901394   0.5717641
  0.50884664  0.47506565  0.5710615   0.62527907  0.50357866  0.46667004
  0.14585084  0.600605    0.5442436   0.687266    0.26961225 -0.51885986
 -0.10507035  0.67278993  0.50553286  0.5892365   0.3626266   0.542522
  0.31038266  0.46814674  0.5524912   0.53382957  0.6273089   0.73477715
  0.74971795  0.6710447   0.6707716   0.6953994   0.6949333   0.5073974
  0.66843385  0.7295973   0.72456175  0.5348484   0.7166713   0.6004496
  0.6768714   0.5281812   0.7160944   0.5401924   0.5954732   0.57804334
  0.6447252   0.5392255   0.7628969   0.64875966  0.57378507  0.63854694
 -0.07180643  0.08948225 -0.27622056  0.42674607  0.64268947  0.5305908
  0.36306626  0.61776114  0.47488713  0.6732891   0.6993731   0.19828284
  0.3845629   0.4604954   0.5208899   0.49559373  0.24474365  0.3627112
  0.32891     0.26995248  0.4859258   0.50232583  0.5378927   0.522485
  0.33768547  0.20055795  0.2987684   0.19346255  0.6004905   0.5012858
  0.20945859  0.70260847  0.54856324  0.36171228  0.46152347  0.05179691
  0.17738801  0.25620896  0.24629939  0.5264249   0.3879348   0.16798502
  0.02950782  0.22490662  0.21932352  0.21085376  0.3481124   0.55484223
  0.4860983   0.5474205   0.4498545   0.57376224  0.61792517  0.67760146
  0.41311115  0.57990587  0.57883793  0.65956974  0.46321917  0.6754243
  0.66924256  0.550789    0.6491741   0.69479406  0.5599986   0.39764172
  0.5236451   0.5714463   0.5693928   0.61969805 -3.6331472   0.6693853
 -0.58105385  0.42554545 -0.12903345  0.6578083   0.45534062  0.60002744
  0.66692805  0.6121931   0.2402435   0.7429974   0.72412765  0.67543495
  0.6869571   0.56116533  0.47513342  0.56425786  0.73254484  0.63301206
  0.646834    0.5191553  -0.16588068  0.41564304  0.3284089   0.38919544
  0.57679886  0.4458664   0.6586838   0.61978453  0.6333519   0.6355252
  0.6083166   0.39376646  0.56767267  0.5856803   0.6703624   0.63333976
  0.693192    0.70083165  0.44267774  0.58322453  0.66158307  0.621312
  0.57593596  0.66935575  0.58751225  0.39312142  0.42243546  0.6447534
  0.6692128   0.36636275  0.71103007  0.69026864  0.46364832  0.31946903
  0.44675303  0.48127913  0.50066966  0.6114644   0.69354117  0.49686807
  0.3922413   0.34984857  0.6284325   0.662405    0.61249715  0.68410033
  0.49697828  0.32890308  0.5567977   0.502244    0.58810574  0.5760365
  0.07852894  0.38911617  0.3216914   0.49636978  0.55983794  0.63263977
  0.49365628  0.437585   -0.8997854   0.45038736  0.71652246  0.64732
  0.6254871 ]","[0.57303423 0.57236833 0.65116014 0.61587506 0.46372762 0.50393808
 0.72731385 0.80365137 0.66897341 0.74403407 0.7643811  0.75166903
 0.64154573 0.77286036 0.71920443 0.78088738 0.63131602 0.72093944
 0.75488358 0.73625569 0.6862158  0.7919647  0.85704333 0.73644414
 0.77526022 0.67979802 0.80371273 0.77668896 0.81075871 0.82056277
 0.73020841 0.78455624 0.79704024 0.78745536 0.75420567 0.81609407
 0.78995637 0.81708026 0.7737967  0.80706399 0.73767452 0.74312034
 0.63350961 0.85327366 0.76268997 0.86550729 0.72184539 0.28234691
 0.43329697 0.85990107 0.78326028 0.79788012 0.72346524 0.78704573
 0.62416365 0.70200334 0.81000735 0.80272083 0.82165716 0.87155727
 0.88174605 0.8329081  0.82783333 0.84408435 0.84772576 0.7227158
 0.8372018  0.86856582 0.87070941 0.78627148 0.8784381  0.80096507
 0.83806912 0.73474028 0.87344228 0.804084   0.83861151 0.79087648
 0.84975868 0.74801718 0.88973428 0.84691076 0.81795414 0.81690293
 0.33204309 0.46826736 0.1806522  0.67581703 0.82196618 0.76309679
 0.64823713 0.81246567 0.71862401 0.84011345 0.85413615 0.54241527
 0.64018184 0.73364975 0.78322259 0.76009717 0.5727124  0.61627684
 0.59069926 0.57993155 0.79497646 0.74822207 0.76712262 0.74661679
 0.59048581 0.50634159 0.67664402 0.64700954 0.7878276  0.72171714
 0.58503265 0.86281612 0.78117239 0.68052268 0.7196827  0.47968415
 0.62223184 0.67341231 0.61939304 0.76853399 0.68608367 0.5220502
 0.51764176 0.69132861 0.67022293 0.67757876 0.62426848 0.79495643
 0.77977767 0.77292082 0.79115056 0.80043037 0.82044303 0.8461697
 0.71707292 0.8146485  0.81821733 0.86010403 0.79750748 0.83688829
 0.8347116  0.76050527 0.82388403 0.84620962 0.83221408 0.71477484
 0.81465802 0.8150694  0.78553884 0.80001437 0.05834405 0.83060685
 0.43141612 0.77788138 0.66011159 0.83417593 0.73198068 0.83645253
 0.83905015 0.8303876  0.67100638 0.89248957 0.89108742 0.8377807
 0.84360801 0.80164508 0.82547566 0.78675055 0.87753329 0.80910653
 0.81945861 0.82743628 0.52516037 0.78256242 0.74724205 0.72832184
 0.8443594  0.761637   0.82618801 0.8147436  0.8172543  0.81828717
 0.80990633 0.70280984 0.81159197 0.82913137 0.85010373 0.83194962
 0.85156665 0.8551531  0.74882829 0.81251949 0.82794984 0.83542882
 0.79945124 0.84192967 0.78830066 0.74531068 0.754956   0.82522873
 0.86502426 0.79582428 0.86843779 0.85299066 0.72065785 0.66514902
 0.70947281 0.70221283 0.81683902 0.84538808 0.87021713 0.73141561
 0.69463286 0.61554357 0.80858281 0.87578886 0.85701233 0.86105794
 0.8039699  0.70729958 0.76319891 0.72578299 0.79764151 0.85921931
 0.48933084 0.66368586 0.72793012 0.72912516 0.78431343 0.89420193
 0.84661775 0.82585372 0.51623358 0.73993298 0.86474884 0.81771105
 0.80410818]","[ 0.2940688   0.25616072  0.4014564   0.2664928  -0.03656609 -0.00514633
  0.5060539   0.63550331  0.43083925  0.52200628  0.55169572  0.5012452
  0.32897787  0.50403395  0.42684958  0.56439405  0.37171181  0.48969255
  0.53267788  0.47263292  0.42332661  0.55925091  0.69758415  0.39293048
  0.54982082  0.45394318  0.62261148  0.51534004  0.60910344  0.63516608
  0.31393237  0.58913018  0.63166362  0.61333758  0.39836386  0.61161612
  0.55590288  0.5196505   0.59629559  0.63242162  0.5167623   0.51725097
  0.17021242  0.63659248  0.55848691  0.70122893  0.342922   -0.55086856
 -0.11035055  0.72651848  0.52321675  0.60251543  0.40628557  0.58036973
  0.32987586  0.4869294   0.56770799  0.54618204  0.67019514  0.75463276
  0.76787461  0.67751777  0.68432959  0.70371563  0.71386956  0.51818417
  0.68896245  0.75022019  0.75798079  0.59824641  0.76812406  0.62787493
  0.69027949  0.53262219  0.75088707  0.61256008  0.69057532  0.62387061
  0.71065041  0.54445455  0.78580779  0.70604018  0.64728753  0.66471001
 -0.08843615  0.10233721 -0.35124015  0.43371348  0.65424765  0.54831795
  0.3890507   0.63236802  0.5095006   0.69089346  0.72846504  0.23513371
  0.39735734  0.48349449  0.60131946  0.56676829  0.29335725  0.3790886
  0.3350122   0.29138678  0.59796101  0.55917491  0.58050239  0.54468426
  0.34492465  0.21167725  0.37393077  0.24984492  0.61091409  0.51840352
  0.22044707  0.73182034  0.59862802  0.37531893  0.47978234  0.06272066
  0.20888701  0.32568395  0.28523797  0.551616    0.39433599  0.17831887
  0.03244903  0.27895501  0.27897687  0.26927216  0.36578071  0.56367984
  0.54722954  0.58195941  0.58236311  0.59806624  0.64468797  0.68432359
  0.47091558  0.64812465  0.64649331  0.69503848  0.55954859  0.68926199
  0.68257127  0.554742    0.67182941  0.71439164  0.63032921  0.43773755
  0.56846567  0.62979661  0.58179269  0.63595783 -3.92471269  0.6888585
 -0.61487691  0.51431092 -0.13791433  0.67497409  0.47120168  0.68304578
  0.70395312  0.65397952  0.3062707   0.78957522  0.77088945  0.68970427
  0.7093276   0.62989407  0.5691336   0.59639761  0.76088808  0.64594267
  0.66603651  0.59512536 -0.20281029  0.50004543  0.41519448  0.48074473
  0.6493965   0.5088268   0.67929739  0.64066577  0.65509739  0.65368772
  0.62963741  0.44415065  0.6261565   0.638216    0.68724419  0.65742201
  0.7044577   0.70793998  0.50631276  0.63276053  0.68027436  0.65949251
  0.59835498  0.69479747  0.60236719  0.43890111  0.48639013  0.6537268
  0.70335624  0.47098051  0.73962258  0.70800824  0.51358257  0.39151518
  0.47755854  0.48896203  0.54921709  0.66001827  0.72118016  0.52232521
  0.43612281  0.35950659  0.63733149  0.68221435  0.64090998  0.71260828
  0.60247233  0.40818039  0.56561029  0.51616195  0.62772851  0.61504795
  0.08496032  0.40443162  0.41271749  0.50316454  0.57240189  0.64851438
  0.51906434  0.4639917  -0.97602895  0.46569767  0.73180327  0.6564429
  0.63826172]",0.7230925740565185,0.760303798176088
TVSD,Model A (ResNet),features/layer3-5,monkeyF/IT,100000.0,0.6896528005599976,0.7144752552525322,0.3886365592479706,0.40815342175728897,"[0.46326575 0.382879   0.49027193 0.43563685 0.3533563  0.31844082
 0.77016866 0.7626953  0.48717523 0.5381439  0.54088163 0.5370408
 0.5764729  0.3170102  0.42055142 0.76610047 0.55217314 0.45982304
 0.58319277 0.6420188  0.6012328  0.7637908  0.82626003 0.6980414
 0.73223853 0.50244    0.6486316  0.6702302  0.7496686  0.6168214
 0.6956107  0.6705877  0.6444899  0.63543636 0.8096341  0.74061614
 0.7243543  0.7924358  0.7063746  0.66096646 0.5463241  0.6692854
 0.5510154  0.8002026  0.6107556  0.6939896  0.5865419  0.61085945
 0.65743774 0.811768   0.7098446  0.6550982  0.5025732  0.6718172
 0.66973925 0.64947706 0.77509975 0.7401458  0.6269872  0.80189335
 0.78707016 0.6714038  0.78468275 0.81096137 0.81645    0.67142266
 0.82978386 0.80737615 0.78609085 0.655458   0.7800933  0.71671045
 0.79721665 0.7681478  0.8012165  0.6889631  0.69833595 0.7185974
 0.72189856 0.7647177  0.8583381  0.793412   0.70524216 0.78243124
 0.26137054 0.48720923 0.2984599  0.65923613 0.82950586 0.73630327
 0.64678097 0.82365876 0.73339075 0.827026   0.8025958  0.56140774
 0.6841888  0.7118941  0.7711975  0.65462    0.5885977  0.6085151
 0.6128227  0.6105839  0.7094281  0.63450414 0.6670899  0.75026166
 0.6232021  0.5847834  0.5049     0.50339437 0.75711346 0.71843493
 0.5900214  0.7351612  0.30666402 0.6562082  0.7067486  0.33609235
 0.64123845 0.52119327 0.4092505  0.48123255 0.6668237  0.5356947
 0.4142772  0.572499   0.56280655 0.14626588 0.373576   0.6397561
 0.65523005 0.69265586 0.7262148  0.7768978  0.7611031  0.70240575
 0.72275543 0.75309855 0.72275305 0.7677687  0.6235235  0.5972953
 0.710374   0.58028394 0.8140955  0.8036891  0.74337953 0.61207896
 0.706016   0.6499541  0.7268877  0.68058664 0.65212196 0.7902955
 0.8243267  0.65461695 0.6879865  0.7097506  0.76881295 0.7450526
 0.8312876  0.13514899 0.5943314  0.7671173  0.78320765 0.8615064
 0.8618174  0.8073322  0.6989803  0.6931405  0.7848466  0.83982605
 0.84598005 0.80202013 0.46844175 0.665954   0.6339311  0.61954063
 0.7633956  0.7824835  0.8135979  0.809467   0.83052176 0.8323757
 0.84113616 0.76282823 0.82826245 0.8517272  0.83619124 0.8508716
 0.85452753 0.8964114  0.7934111  0.82488656 0.8614519  0.82335293
 0.85893655 0.85968995 0.8204555  0.7911188  0.7538809  0.8233044
 0.8434333  0.71631926 0.87551236 0.8776328  0.8102905  0.70364845
 0.7300432  0.6758748  0.8348988  0.8626885  0.89427084 0.740743
 0.7160425  0.58952284 0.7735482  0.8675613  0.8734528  0.8899481
 0.6124117  0.64044607 0.73120797 0.6962105  0.7264967  0.8456285
 0.48034638 0.5989577  0.68343836 0.68187964 0.7159099  0.8727189
 0.8210736  0.7830751  0.71145093 0.708316   0.8321726  0.7327181
 0.7337002 ]","[ 0.18994957  0.07905662  0.21991098  0.05410075 -0.10120189 -0.1792798
  0.5721381   0.5475165   0.22558153  0.26888233  0.26778984  0.23090845
  0.22956675 -2.958114   -1.0018749   0.5548073   0.2661798   0.16065001
  0.31189072  0.33849084  0.30663484  0.5424156   0.654004    0.35378826
  0.47138804  0.2124368   0.39094675  0.3714609   0.51541257  0.20543528
  0.28358513  0.43467808  0.41324568  0.39535356  0.59666085  0.49419773
  0.46761662  0.5206582   0.4971612   0.4313085   0.26098514  0.42587113
  0.02692652  0.57487094  0.3542297   0.45349622  0.13872755  0.35520816
  0.4164756   0.63904095  0.39741415  0.4067244   0.0345695   0.4165023
  0.42578506  0.4129514   0.52138984  0.46076584  0.3214463   0.6344029
  0.61265254  0.44989014  0.6075054   0.6321236   0.6511383   0.45068997
  0.6702937   0.6434578   0.6173433   0.40462953  0.6061637   0.5042857
  0.63009083  0.562087    0.63667345  0.4576046   0.47503084  0.5111302
  0.5176284   0.55488575  0.7267933   0.614027    0.4879985   0.6105147
 -0.08458149  0.22268343 -0.04452217  0.4090281   0.65203357  0.50907195
  0.3892784   0.63809144  0.5320336   0.6772939   0.64302284  0.285367
  0.46584988  0.4762817   0.58806187  0.4169659   0.3341393   0.36391932
  0.36817956  0.3531176   0.49723762  0.3998441   0.44196737  0.53046745
  0.38457984  0.3259402   0.13565356  0.08796746  0.56280994  0.49583387
  0.21971357  0.5272256  -0.50830424  0.36165047  0.48382932 -0.06381083
  0.3240204   0.13654935 -0.01437879  0.21452385  0.36139655  0.2447874
  0.09467244  0.1489712   0.15866745 -6.4141626   0.09135211  0.3576454
  0.3759278   0.47018582  0.49025214  0.5573051   0.5749917   0.45942622
  0.4998101   0.5526742   0.48961663  0.5429361   0.28009194  0.2984621
  0.47377503  0.33194786  0.6624117   0.6437857   0.49703705  0.28865153
  0.38924015  0.3803051   0.49467772  0.45651805  0.39840096  0.6244154
  0.6516668   0.34528708  0.42814982  0.4619419   0.58193755  0.5114845
  0.68899876 -3.0671644   0.24245244  0.57204837  0.5879061   0.7366089
  0.7424221   0.64007485  0.35214     0.46103448  0.60401595  0.69613004
  0.70910394  0.56412756 -0.02050149  0.3654288   0.35505372  0.34563857
  0.5256406   0.566615    0.6563053   0.6197972   0.67214686  0.68093973
  0.6582371   0.554506    0.6414473   0.69839966  0.6410247   0.68788135
  0.68816173  0.7902396   0.6025483   0.6555619   0.739831    0.65291727
  0.7151512   0.72723186  0.65239793  0.61093575  0.50155276  0.6504779
  0.666054    0.37223637  0.76291347  0.7582824   0.65532196  0.46001506
  0.5125518   0.4449798   0.5954462   0.7132944   0.7878914   0.5478308
  0.4826163   0.33141267  0.5887284   0.6818255   0.7018197   0.77855504
  0.3196079   0.34366274  0.5233669   0.47045648  0.50545514  0.5816617
  0.10134572  0.33795327  0.38728988  0.43083715  0.43058944  0.6193635
  0.5041034   0.42121917  0.35282058  0.4507646   0.6812782   0.5220627
  0.52728856]","[0.46915636 0.38896447 0.4965052  0.44257525 0.36363992 0.33597957
 0.79077533 0.81268959 0.49689288 0.54714969 0.54801521 0.5446651
 0.58551498 0.32810066 0.44890286 0.82464267 0.56826415 0.48110053
 0.59310516 0.65231841 0.60868162 0.79065522 0.85208572 0.76098366
 0.75208555 0.50678604 0.65406303 0.68903673 0.76899548 0.6389315
 0.75250306 0.67692315 0.65139126 0.64079129 0.81812346 0.76599192
 0.75710666 0.82878706 0.72181255 0.66473084 0.55342923 0.7046234
 0.59525751 0.82382741 0.61869601 0.70100389 0.6614955  0.62941959
 0.67375466 0.8435591  0.7221533  0.66243866 0.5319676  0.69485599
 0.69045009 0.66237787 0.78570122 0.74866008 0.64806505 0.81265576
 0.79654377 0.67463432 0.79257329 0.81579607 0.82749897 0.67852201
 0.84242946 0.81870735 0.80401498 0.69321756 0.80761102 0.73289544
 0.80507392 0.7713704  0.82044988 0.73366208 0.75203633 0.74653936
 0.75790864 0.7684166  0.87113134 0.82769736 0.74905251 0.79829954
 0.29006137 0.52103135 0.3365581  0.66459596 0.83693157 0.74850225
 0.66952591 0.83333953 0.75964831 0.83776828 0.81911856 0.61135475
 0.69547716 0.729455   0.82860068 0.70005012 0.64440851 0.62210148
 0.61848138 0.6343612  0.78697299 0.66944599 0.69300846 0.76603435
 0.62984666 0.60077544 0.56485064 0.57206472 0.76365634 0.73059839
 0.6053002  0.7502882  0.32035241 0.66843668 0.72059325 0.36983839
 0.695846   0.5876244  0.4404141  0.49261227 0.6723027  0.55192586
 0.43443358 0.63758879 0.63474697 0.16529057 0.382939   0.64483102
 0.69521082 0.71417284 0.82627765 0.79318145 0.77741037 0.70588125
 0.77166613 0.79616362 0.76382428 0.78814197 0.6852964  0.60338279
 0.71741306 0.58236256 0.8281791  0.81494486 0.78868005 0.64219717
 0.73561088 0.68233103 0.73475994 0.68945752 0.67778392 0.80170837
 0.84797932 0.71965963 0.71126832 0.71895158 0.78208852 0.79492521
 0.85405078 0.13968528 0.67105106 0.79079678 0.80810056 0.87055899
 0.87573737 0.85534363 0.76500494 0.71260755 0.79988595 0.8483603
 0.85844547 0.85869878 0.51796771 0.73044699 0.71278801 0.68856222
 0.81001383 0.83590671 0.82623068 0.82298999 0.84465899 0.84418604
 0.85574965 0.81016326 0.86988216 0.88910703 0.8466547  0.86689756
 0.8614434  0.90094597 0.84852346 0.85920348 0.8735362  0.84827387
 0.87549453 0.87587567 0.83076313 0.83591418 0.80893745 0.82901382
 0.86468176 0.81218029 0.89294227 0.88883865 0.85280855 0.77896089
 0.75479341 0.68124813 0.87444045 0.89628556 0.91191599 0.75948201
 0.75503407 0.59760471 0.77900588 0.880438   0.89348222 0.90830191
 0.67428471 0.71346826 0.73697177 0.70579112 0.75057114 0.87379407
 0.4996291  0.61063132 0.77411604 0.68653087 0.7238986  0.88360045
 0.84193846 0.8063569  0.74098059 0.72025454 0.84099937 0.73786328
 0.74115471]","[ 0.19481086  0.08158964  0.22553838  0.05583781 -0.1071781  -0.19957201
  0.60316397  0.6216479   0.2346706   0.27795711  0.27490007  0.23751132
  0.23682484 -3.16871119 -1.14151083  0.64283915  0.28191947  0.17586158
  0.32258309  0.34943847  0.31427983  0.58124287  0.69552617  0.42046683
  0.49728791  0.21612781  0.39752151  0.39259961  0.54233039  0.22042698
  0.33186961  0.44293018  0.42214337  0.40204507  0.60923895  0.52864335
  0.51086006  0.5695219   0.5191298   0.43623533  0.2678177   0.47203
  0.03142408  0.60931646  0.36350019  0.46270974  0.17644868  0.37712111
  0.43740512  0.69007433  0.41131597  0.41589026  0.03873155  0.44555856
  0.45252596  0.42951956  0.53575005  0.47142766  0.34342211  0.6515461
  0.62748975  0.45422989  0.6197846   0.63968311  0.6688812   0.46027119
  0.69087942  0.66164586  0.6458171   0.45259211  0.64968266  0.52731875
  0.64257223  0.56681308  0.66760734  0.51890824  0.55089732  0.55165261
  0.57055753  0.56026664  0.74861994  0.66824091  0.5505116   0.63552921
 -0.10416981  0.25467399 -0.05661408  0.41570625  0.66375979  0.52608017
  0.41713885  0.65317904  0.57081237  0.69500295  0.66977074  0.33840249
  0.48134873  0.50006922  0.67886335  0.47684835  0.40050961  0.38035128
  0.37501032  0.38115522  0.61188089  0.44509516  0.47697824  0.55300585
  0.39282433  0.34401091  0.16978047  0.11360453  0.57257945  0.51276543
  0.23124004  0.54914571 -0.55469476  0.37525479  0.50297065 -0.07726825
  0.38155706  0.17357681 -0.01665199  0.22478951  0.36735984  0.25984586
  0.104109    0.18477118  0.20182308 -8.19124806  0.09598865  0.36334202
  0.42320412  0.49985168  0.63466024  0.58091199  0.59989503  0.46398395
  0.56974585  0.61768948  0.5468437   0.57213278  0.33833887  0.30457682
  0.48321078  0.33433025  0.68552898  0.66194454  0.5594603   0.31775743
  0.42255654  0.41913802  0.50545052  0.46849628  0.43037323  0.64258036
  0.68960025  0.41731128  0.45761776  0.47399647  0.60220841  0.58225225
  0.7272491  -3.27651962  0.30908674  0.60790954  0.62587118  0.75217062
  0.76659878  0.71846803  0.42180723  0.48729469  0.62738622  0.71034997
  0.73015504  0.64667857 -0.02506569  0.43963447  0.44888049  0.42694211
  0.59179932  0.64662618  0.67684449  0.64067889  0.69522431  0.70040012
  0.68130756  0.62545753  0.70753168  0.76104632  0.65716767  0.7140375
  0.69934567  0.79825474  0.68916475  0.71124187  0.76073295  0.69303993
  0.74298933  0.75487341  0.66889346  0.68208031  0.5774854   0.65953096
  0.70003626  0.47853139  0.79359236  0.77776996  0.72589918  0.56375692
  0.5478944   0.45208322  0.65318367  0.76993419  0.81929042  0.57589904
  0.5366084   0.34056174  0.59706517  0.70221563  0.73437609  0.81099912
  0.38745138  0.42649765  0.53165041  0.48349356  0.53950944  0.6210541
  0.10964575  0.35125497  0.49687778  0.43673485  0.44025278  0.63490496
  0.53004919  0.44663825  0.38271692  0.46608773  0.69580741  0.52942034
  0.53805763]",0.6546635137464586,0.672721071874416
TVSD,Model A (ResNet),features/layer4-1,monkeyF/IT,100000.0,0.697715699672699,0.7224054278848628,0.3632887303829193,0.3816195005221593,"[0.54288745 0.511376   0.56743574 0.58376855 0.3881932  0.1011878
 0.21819125 0.76936626 0.6140355  0.76188034 0.7408728  0.73069125
 0.5744432  0.6979719  0.64856756 0.58028895 0.5841333  0.5084402
 0.76625293 0.7353544  0.6865139  0.76686126 0.80271775 0.55474746
 0.7851385  0.67328644 0.8010981  0.57496995 0.80466104 0.8085575
 0.62641084 0.74663925 0.76811427 0.43878466 0.7134323  0.7913045
 0.77310854 0.78902626 0.6755166  0.7861836  0.75245637 0.62710196
 0.59949875 0.7957073  0.74957514 0.84460616 0.6140319  0.6973675
 0.7116722  0.82469594 0.812693   0.80759484 0.7263911  0.72280985
 0.7590683  0.7117688  0.7965392  0.7763693  0.8022121  0.86238664
 0.8472015  0.85071856 0.8339142  0.8535237  0.82755625 0.7163585
 0.8447828  0.84600717 0.8287     0.7557082  0.8646015  0.8066799
 0.8075051  0.8545711  0.82288593 0.44903052 0.7633068  0.81447035
 0.7820381  0.525756   0.8312221  0.8098803  0.7596151  0.8032375
 0.33866906 0.4187027  0.39880046 0.67617154 0.8314494  0.7710275
 0.5806392  0.8297899  0.54745746 0.846289   0.8002184  0.52934027
 0.4760835  0.6436698  0.57252055 0.6716985  0.518776   0.6066357
 0.54229677 0.42386493 0.1710877  0.42602292 0.73408556 0.79228383
 0.6341849  0.6166798  0.6015411  0.4681231  0.7692389  0.78281206
 0.67547953 0.8129013  0.75898075 0.6786701  0.6858731  0.526205
 0.44204935 0.6025165  0.6287552  0.7867153  0.7424588  0.46239328
 0.4562133  0.5813261  0.5883317  0.5788407  0.70133364 0.7741485
 0.6700497  0.74329495 0.6855034  0.74494255 0.78176206 0.85926527
 0.6764811  0.7815681  0.7625363  0.7588276  0.71024734 0.8654149
 0.8026501  0.7707041  0.74241394 0.78694284 0.71953654 0.45348534
 0.7447926  0.79558337 0.8114139  0.80385005 0.6638176  0.74318916
 0.78538865 0.72755784 0.84050566 0.8002644  0.84330225 0.69230765
 0.7383162  0.7353949  0.4896373  0.8088501  0.83099437 0.6545423
 0.73761284 0.7172953  0.7149635  0.75609994 0.84241086 0.6613129
 0.6986186  0.660217   0.45491615 0.59455836 0.6191049  0.6980711
 0.518652   0.6138825  0.7825976  0.7130711  0.7727825  0.76882535
 0.7586908  0.67151546 0.77252656 0.41194636 0.77612734 0.74688524
 0.7872736  0.81622875 0.661351   0.76051396 0.81777585 0.7514213
 0.74520886 0.72260815 0.7126196  0.70807105 0.7009051  0.80923283
 0.768601   0.65448105 0.64666235 0.8237876  0.76523083 0.69267887
 0.7118991  0.6900457  0.7539402  0.74055064 0.8087888  0.7761037
 0.39295042 0.5093865  0.7601348  0.8139212  0.49544376 0.8035954
 0.64856714 0.63435405 0.7128072  0.6896688  0.76126766 0.79447836
 0.5416997  0.6826472  0.5898319  0.7344716  0.75486267 0.8492424
 0.78858465 0.80891836 0.71389323 0.7343187  0.8301339  0.8156989
 0.7850374 ]","[ 0.24822688  0.1952675   0.29549378  0.2342323  -0.09773445 -3.5930266
 -3.1214218   0.58203137  0.35835946  0.53970814  0.5104544   0.48591506
  0.23274022  0.38619262  0.3330462  -0.5285022   0.32281214  0.08378422
  0.53640723  0.4744001   0.42325473  0.5152097   0.5989127   0.15088749
  0.5828935   0.4483047   0.6166347  -0.2953924   0.5822978   0.5903685
  0.15525204  0.50501776  0.58907115 -0.2513262   0.42622387  0.56343204
  0.5170572   0.4660917   0.44331825  0.6049386   0.53973454  0.34267318
  0.12659383  0.51620567  0.5409655   0.68303263  0.1773166   0.44437957
  0.47156054  0.6599834   0.5463758   0.6189995   0.39133233  0.48595732
  0.5324049   0.48238415  0.544316    0.51852936  0.64104664  0.74336743
  0.71553344  0.7153846   0.69489026  0.7239808   0.6829365   0.51288587
  0.7094476   0.7157152   0.6802406   0.54921544  0.7357708   0.6338036
  0.6438568   0.70446765  0.6638166  -1.9192858   0.5684229   0.659219
  0.59521854  0.00982189  0.68752307  0.64434195  0.5647594   0.63863343
  0.02151108  0.13503528  0.07730907  0.4344132   0.6649629   0.5572235
  0.29406238  0.6533245   0.26385087  0.7155081   0.6325079   0.26855785
  0.21522087  0.39517677  0.21031147  0.44453454  0.19734746  0.3643915
  0.276801    0.08861852 -1.3667216  -0.04868245  0.53053033  0.6000123
  0.39664453  0.3715948   0.32546908 -0.20911562  0.5787503   0.5795625
  0.3238777   0.6546173   0.5752258   0.3657509   0.42303115  0.19227642
 -0.0480417   0.3155917   0.383435    0.59207964  0.4517743   0.10850948
  0.09267825  0.14477092  0.23110926  0.20122898  0.47948915  0.550393
  0.36984682  0.5307933   0.37578207  0.49773413  0.59230435  0.7067829
  0.4247954   0.5968895   0.57108057  0.5085242   0.44451994  0.73826665
  0.63877654  0.5682517   0.5331452   0.61847234  0.44558275 -1.1234293
  0.47487754  0.6060465   0.6513761   0.6430998   0.4206621   0.5485523
  0.6002468   0.48360986  0.70178235  0.6319979   0.70557094  0.46104515
  0.53894925  0.5074327  -1.3450763   0.6532331   0.67815924  0.33645236
  0.54339975  0.5088106   0.44938833  0.5579684   0.7045918   0.4299659
  0.48057348  0.32241547 -0.04775441  0.25004238  0.3013705   0.45805883
  0.01558071  0.29820973  0.60997605  0.49260616  0.5845798   0.5853864
  0.53831553  0.41723472  0.58340573 -5.177767    0.56293666  0.5107417
  0.608528    0.6495148   0.37950456  0.5499531   0.66591626  0.532601
  0.52454525  0.5037187   0.49267954  0.46939707  0.34776872  0.6313825
  0.5528059   0.30096126  0.41291314  0.6704011   0.5749204   0.44225824
  0.45967573  0.46685982  0.4830997   0.48505288  0.6382433   0.58340245
  0.02922833  0.23785454  0.567997    0.596621   -1.1234086   0.62883043
  0.37962723  0.32189882  0.50303984  0.4640367   0.5532838   0.5317284
  0.13949114  0.42222828  0.260333    0.4981957   0.5178769   0.5841856
  0.46632266  0.4815219   0.3906988   0.48308492  0.6730068   0.63932073
  0.60820174]","[0.54979049 0.51950383 0.57465007 0.59306625 0.39949065 0.10676092
 0.22402919 0.81979782 0.62628361 0.77463038 0.75064402 0.74106475
 0.58345349 0.72239014 0.69229068 0.62463221 0.6011557  0.53196736
 0.77927676 0.74715138 0.69501926 0.79383369 0.82780759 0.60476895
 0.80641934 0.67911031 0.80780628 0.59110348 0.82540566 0.83754042
 0.67764351 0.75369318 0.77633945 0.44248238 0.72091296 0.81841705
 0.80806534 0.82522109 0.69028016 0.79066112 0.76224235 0.66021267
 0.64763371 0.81919937 0.75932031 0.8531428  0.69249845 0.71855605
 0.72933515 0.85699335 0.8267851  0.81664404 0.7688761  0.74759736
 0.78254154 0.72590693 0.80743389 0.78530024 0.82918059 0.87396095
 0.85739891 0.85481183 0.84229982 0.85861212 0.83875553 0.72393297
 0.85765701 0.85788054 0.84759569 0.79924301 0.89510022 0.82489662
 0.81546374 0.85815624 0.84263951 0.47816299 0.82200329 0.84614023
 0.82104808 0.52829906 0.84361119 0.84487728 0.80680318 0.81952776
 0.375845   0.44776908 0.44970708 0.68166906 0.8388925  0.7838018
 0.60105816 0.8395427  0.56705805 0.85728145 0.81669223 0.57643431
 0.48393835 0.65954774 0.61513545 0.71831388 0.56796631 0.62018012
 0.54730421 0.44037104 0.18978865 0.4494838  0.76260713 0.80893995
 0.64094657 0.63354412 0.67296671 0.53198194 0.77588656 0.79606546
 0.69297133 0.82962795 0.79285894 0.69131715 0.69930881 0.57903968
 0.47969406 0.67931304 0.67663366 0.80531879 0.7485593  0.47640344
 0.47841005 0.64741953 0.66353486 0.65413004 0.71891132 0.78028954
 0.71093477 0.76638501 0.77995676 0.76055643 0.79851197 0.86351691
 0.72226032 0.82626118 0.80586824 0.77896366 0.78061206 0.87423504
 0.81060352 0.77346481 0.75525747 0.79796404 0.7633841  0.47579972
 0.7760129  0.83521473 0.82020154 0.81432757 0.68993978 0.75392177
 0.80792402 0.79984792 0.86894881 0.81063879 0.85786407 0.73864962
 0.75853349 0.76007854 0.55284246 0.83381778 0.85740609 0.66142016
 0.74952666 0.75995228 0.78249792 0.77733521 0.85855326 0.66803309
 0.70891266 0.70687442 0.50301211 0.65213719 0.69611756 0.77584161
 0.55032451 0.65579463 0.79474902 0.72498368 0.78593688 0.77973399
 0.7718719  0.71318435 0.81134558 0.43002549 0.7858392  0.76095263
 0.79364515 0.82035769 0.70729018 0.79215285 0.82924744 0.77416501
 0.75957448 0.73621298 0.72157247 0.74816403 0.75209275 0.81484465
 0.78796421 0.74206661 0.65953626 0.83430597 0.80538448 0.76681722
 0.73603421 0.69553168 0.78964757 0.7693911  0.82474725 0.79573725
 0.41434823 0.51636975 0.76549787 0.82600179 0.50680495 0.82016832
 0.71409302 0.70668165 0.71842594 0.69915937 0.78649434 0.82094025
 0.56344535 0.69595193 0.66808999 0.73948159 0.76328603 0.85983125
 0.80862392 0.83296851 0.74352426 0.74669546 0.83893908 0.82142679
 0.79301348]","[ 0.25457963  0.20152399  0.30305531  0.24175298 -0.1035059  -3.99971171
 -3.29069023  0.66083591  0.37279839  0.55792329  0.52400776  0.4998099
  0.24009864  0.41368687  0.37946438 -0.61236022  0.34190058  0.09171755
  0.55479658  0.48974336  0.43380727  0.55208947  0.6369372   0.1793253
  0.61491989  0.45609385  0.62700501 -0.31220227  0.61270876  0.63345083
  0.18168595  0.51460522  0.60175458 -0.25558     0.43520902  0.6027033
  0.5648727   0.50983434  0.46290762  0.61184883  0.55386474  0.37981448
  0.1477389   0.54713604  0.55512304  0.69690956  0.22553042  0.47179354
  0.49525829  0.71268923  0.56548841  0.63294914  0.43844735  0.51985895
  0.56584192  0.50173802  0.55930764  0.53052779  0.68487206  0.76345517
  0.73286222  0.72228538  0.70893575  0.73263882  0.70154585  0.52378931
  0.73123583  0.73594576  0.71161538  0.61431644  0.78859483  0.66275235
  0.65661091  0.71039088  0.69606926 -2.17640564  0.6592049   0.71148191
  0.65608154  0.00991714  0.70817037  0.70123241  0.63710564  0.66480004
  0.02649285  0.15443436  0.09830568  0.44150579  0.67692164  0.57584048
  0.31510825  0.66877226  0.28308237  0.73421634  0.65881843  0.31846934
  0.22238128  0.41491356  0.24278525  0.50837625  0.23654673  0.38084479
  0.28193642  0.09565485 -1.68183342 -0.05419193  0.57255681  0.62550551
  0.40514766  0.39219668  0.40734865 -0.2700599   0.58879652  0.59935318
  0.34086875  0.68183388  0.62772391  0.37950948  0.43976718  0.23282667
 -0.05657252  0.40116923  0.44405398  0.62041255  0.45922889  0.1151846
  0.10191604  0.17956151  0.29396819  0.25698077  0.50382543  0.55915972
  0.4163584   0.56428314  0.486472    0.51881766  0.6179575   0.7137945
  0.48423474  0.66710619  0.63782925  0.53587036  0.53696074  0.75339184
  0.65149848  0.57233006  0.55175125  0.63591716  0.50154381 -1.23670925
  0.51552392  0.66792984  0.6655614   0.65997358  0.45442086  0.56451029
  0.63518706  0.5844871   0.75008338  0.64849014  0.73014837  0.52483423
  0.56886947  0.54206849 -1.71474971  0.69418368  0.72195255  0.3435603
  0.56109534  0.57112717  0.53829511  0.58974988  0.73185351  0.43874888
  0.49484021  0.36959579 -0.05838585  0.30081714  0.3810109   0.56580665
  0.01754175  0.34031966  0.62906535  0.50920262  0.60465076  0.60211599
  0.55718288  0.47062177  0.64351044 -5.64221402  0.57711313  0.53016226
  0.61841776  0.65610263  0.43405842  0.5966632   0.68472998  0.56533007
  0.54496382  0.52286465  0.50513668  0.52405919  0.40041921  0.64016984
  0.58101021  0.38690311  0.42951754  0.68763012  0.63683851  0.54199561
  0.49137232  0.47431253  0.52994346  0.52356896  0.66367858  0.6132932
  0.03249821  0.24442082  0.57604015  0.61446303 -1.17552181  0.65503517
  0.46021105  0.39948785  0.5110016   0.47689588  0.59056051  0.5677391
  0.15091521  0.43884701  0.33399707  0.50501547  0.52949918  0.59884437
  0.49032388  0.51058005  0.42380476  0.49950674  0.68735956  0.64833092
  0.62062335]",0.6487547749906873,0.7042882447405817
TVSD,Model B (Qwen3),features/language_model-layers-11,monkeyF/IT,100000.0,0.6253126263618469,0.647268096200076,0.2764202654361725,0.290000930711881,"[0.4958247  0.3881562  0.5821208  0.5757102  0.4907229  0.37385362
 0.5723702  0.74260473 0.49180666 0.6605407  0.6395075  0.6231724
 0.4641268  0.55897886 0.4320921  0.659089   0.5539237  0.6085968
 0.5328463  0.6458013  0.60698205 0.62580895 0.7055186  0.6208006
 0.69519174 0.590724   0.65320307 0.6136663  0.6553243  0.69565237
 0.6117553  0.63649255 0.6749715  0.6168256  0.84435475 0.69464964
 0.64982134 0.69099534 0.5781904  0.71725243 0.62630653 0.6133509
 0.5675424  0.7137076  0.7252052  0.7628563  0.47640166 0.49649742
 0.53014106 0.7812202  0.7671473  0.7492166  0.6622908  0.6808801
 0.5969136  0.49164996 0.7262185  0.721678   0.743201   0.80649793
 0.8159187  0.8245207  0.7861625  0.8325302  0.7789607  0.46964574
 0.78661525 0.804867   0.81131005 0.7593085  0.8318101  0.7766741
 0.791371   0.79743445 0.76096964 0.7607431  0.6776086  0.7137633
 0.7610758  0.79846007 0.81419754 0.7126975  0.31853378 0.78128976
 0.17846805 0.2959084  0.17618233 0.5260603  0.65777403 0.6383612
 0.37962112 0.62996393 0.57018757 0.66930884 0.71383077 0.3523232
 0.40234753 0.483483   0.61688316 0.53505474 0.33829758 0.5685414
 0.5227865  0.3734928  0.56980646 0.54705924 0.533464   0.6105531
 0.4587078  0.480611   0.54851913 0.5960409  0.61136514 0.6345287
 0.5655123  0.72306633 0.6490253  0.34955367 0.5645828  0.20653279
 0.45606026 0.4926101  0.42532378 0.6437103  0.4586381  0.46646062
 0.40022013 0.5181966  0.5495687  0.5244173  0.6443545  0.64634496
 0.5864562  0.24426682 0.5322781  0.69510984 0.68390316 0.80550104
 0.5895047  0.6498301  0.63548285 0.6852744  0.63698393 0.7783564
 0.73885894 0.6916082  0.65243477 0.7171207  0.61297375 0.5223785
 0.7018235  0.7471512  0.7331197  0.72376096 0.5286292  0.6680892
 0.6885357  0.52275974 0.7357549  0.73845947 0.75578195 0.5410193
 0.60895896 0.64840275 0.47258368 0.7383776  0.76061475 0.6070872
 0.6157396  0.64582735 0.5882195  0.5878378  0.71927714 0.5800467
 0.62074083 0.5727852  0.31332576 0.52716273 0.5472305  0.58016807
 0.62372833 0.61849463 0.75871736 0.6369507  0.6320629  0.6768703
 0.6900507  0.6204774  0.5763202  0.6675714  0.74807596 0.7045759
 0.71315664 0.7080153  0.57174647 0.6044264  0.68446416 0.70367193
 0.7266206  0.71584135 0.5435041  0.5946797  0.6536724  0.60499907
 0.73079985 0.57093406 0.6836508  0.70818096 0.63132143 0.41471052
 0.61280894 0.59133506 0.7270646  0.7670674  0.7657887  0.6288091
 0.55270714 0.53098404 0.69147307 0.78487307 0.7543198  0.76400095
 0.46588677 0.5249407  0.70493054 0.6305562  0.7133468  0.738607
 0.4724817  0.6251065  0.6095294  0.65646833 0.6747858  0.8134914
 0.74827343 0.73897934 0.6721428  0.66982365 0.7713478  0.7883889
 0.73500866]","[ 1.66451395e-01  7.97319412e-02  3.18439782e-01  1.97377682e-01
  4.54042554e-02 -9.71735716e-02  2.99580395e-01  5.00167489e-01
  2.33581960e-01  4.10975337e-01  3.79487514e-01  3.13466430e-01
  8.77114534e-02  1.63797975e-01 -2.13706493e-02  4.00992393e-01
  2.85469592e-01  3.57244551e-01  2.78621197e-01  3.33337843e-01
  3.08232188e-01  3.25161994e-01  4.77133274e-01  2.75678158e-01
  3.68586361e-01  3.42924297e-01  4.13692355e-01  3.31313670e-01
  3.98955584e-01  4.46331143e-01  1.96404576e-01  3.87912989e-01
  4.55262184e-01  3.79712164e-01  6.54848456e-01  4.38389182e-01
  3.50060880e-01  3.22445035e-01  3.07464004e-01  5.03419042e-01
  3.73220325e-01  3.37074935e-01  1.28207922e-01  4.55229759e-01
  4.85362053e-01  5.52554190e-01 -1.29608750e-01  2.25713730e-01
  2.71062493e-01  5.63925803e-01  4.47848320e-01  5.08930683e-01
  2.54632294e-01  3.39769602e-01  3.38230312e-01  2.30829656e-01
  4.46527541e-01  4.24344480e-01  5.35857916e-01  6.47462726e-01
  6.60894215e-01  6.50641978e-01  6.13747478e-01  6.75254226e-01
  6.00345492e-01  2.13423431e-01  5.99284887e-01  6.42023027e-01
  6.55650854e-01  5.66178977e-01  6.87528193e-01  5.90647519e-01
  6.22155547e-01  6.20362759e-01  5.62437654e-01  5.53412020e-01
  4.35563385e-01  5.08283615e-01  5.76907754e-01  6.21004581e-01
  6.48277640e-01  4.52774405e-01 -4.19765139e+00  5.99337459e-01
 -3.17247272e-01  1.34837627e-03 -2.51317501e-01  2.29097724e-01
  3.72132778e-01  3.66193175e-01  4.31445241e-02  3.27026546e-01
  3.07466328e-01  4.42591906e-01  5.06739378e-01  9.99706984e-03
  1.53847516e-01  1.90263212e-01  3.76087487e-01  2.68126607e-01
  8.00046921e-02  3.13866377e-01  2.52700984e-01  6.24050498e-02
  2.89623618e-01  2.92515874e-01  2.79742897e-01  3.46097648e-01
  1.90377891e-01  1.96143568e-01  2.00452805e-01  2.32106030e-01
  3.60618353e-01  3.72961044e-01  1.83056712e-01  4.98824000e-01
  4.00840104e-01  1.74432993e-02  2.52506971e-01 -3.58530521e-01
 -3.26241255e-02  7.61588812e-02 -2.23054886e-02  3.92968059e-01
  9.20062661e-02  1.57683969e-01  6.36360049e-02  2.01458335e-02
  1.10838473e-01  5.25114536e-02  3.90926182e-01  3.45401049e-01
  2.41175771e-01 -1.04778919e+01  1.53389633e-01  4.23591793e-01
  4.27321732e-01  6.03515387e-01  3.16400707e-01  3.52231562e-01
  3.47012520e-01  3.79460573e-01  3.40178668e-01  5.91403723e-01
  5.26743174e-01  4.63526070e-01  4.13222253e-01  5.03751993e-01
  2.65150785e-01  1.04432404e-01  3.67374122e-01  4.93699074e-01
  5.17631054e-01  5.07058620e-01  2.30470240e-01  4.33256984e-01
  4.33174789e-01  6.21917248e-02  4.82988298e-01  5.08770704e-01
  5.70500851e-01  1.97183609e-01  3.46931934e-01  3.67600143e-01
  9.03096199e-02  5.16394913e-01  5.30927896e-01  3.65287066e-01
  3.69395018e-01  3.78314376e-01  1.91295743e-01  3.15552413e-01
  5.04456282e-01  3.08208883e-01  3.57425034e-01  2.04640031e-01
 -4.38207030e-01  1.31603479e-01  2.15822637e-01  2.85380423e-01
  3.06177199e-01  3.21314633e-01  5.58376431e-01  3.59893978e-01
  3.22050214e-01  4.30050731e-01  4.14420664e-01  3.26881826e-01
  2.53776550e-01  4.00617778e-01  4.98108923e-01  4.09229577e-01
  4.78968740e-01  4.82958913e-01  2.11054206e-01  2.64410615e-01
  4.48301852e-01  4.32465494e-01  4.70128775e-01  4.76094484e-01
  2.71090209e-01  3.00888658e-01  3.35307896e-01  3.54195833e-01
  4.52416360e-01  1.08008504e-01  4.53719974e-01  4.69906092e-01
  3.34316671e-01 -7.74112940e-02  2.87694395e-01  3.43882084e-01
  4.23997879e-01  5.03839970e-01  5.31745434e-01  3.61811876e-01
  2.41404653e-01  2.38803983e-01  4.60787892e-01  5.04740477e-01
  4.47501302e-01  5.31585217e-01  2.75788903e-02  7.40475655e-02
  4.82379496e-01  3.72334719e-01  4.81791019e-01  3.86368215e-01
  1.42802954e-01  3.73180270e-01  2.23542690e-01  3.89575481e-01
  4.00003910e-01  4.92709458e-01  3.73537838e-01  3.37506711e-01
  2.98579991e-01  3.84803653e-01  5.47511816e-01  5.98505199e-01
  5.15265882e-01]","[0.50212931 0.39432556 0.58952181 0.58487954 0.50500424 0.39444433
 0.58768454 0.79128209 0.50161669 0.67159483 0.6479418  0.63201947
 0.47140672 0.5785345  0.46122155 0.70945386 0.57006576 0.63675853
 0.54190294 0.6561616  0.61450207 0.64782022 0.72757038 0.67677811
 0.71403463 0.5958337  0.65867281 0.63088564 0.67221891 0.72058817
 0.66178934 0.64250586 0.68219931 0.62202368 0.85320818 0.71845046
 0.6792036  0.72269322 0.59082686 0.72133738 0.63445189 0.64573559
 0.61311149 0.73477879 0.73463352 0.77056668 0.53728056 0.51158282
 0.5432986  0.81181497 0.78044964 0.75761169 0.70102675 0.70422973
 0.61537237 0.50141578 0.73615141 0.72997985 0.76818568 0.81732214
 0.82573953 0.82848793 0.79406791 0.83749349 0.78950234 0.47461158
 0.79860298 0.81616302 0.82980922 0.80305072 0.86115213 0.7942132
 0.79917064 0.80077988 0.7792369  0.81009903 0.72971511 0.74151728
 0.79904013 0.80232218 0.82633287 0.74349496 0.33832142 0.7971349
 0.19805861 0.31645038 0.19867189 0.53033735 0.66366241 0.64893751
 0.39297102 0.63736813 0.59060197 0.67800252 0.72852616 0.38366849
 0.40898584 0.49540947 0.66280013 0.57218714 0.37037493 0.5812353
 0.52761379 0.38803733 0.63208986 0.57718554 0.5541908  0.62338869
 0.46359855 0.49375426 0.61364903 0.6773496  0.61664849 0.64527159
 0.58015646 0.73794448 0.6779955  0.35606762 0.57564256 0.22727014
 0.49489813 0.55539803 0.45771134 0.65893214 0.46240654 0.48059401
 0.41969257 0.57711253 0.61981702 0.59262784 0.66050412 0.65147216
 0.62224052 0.25185484 0.60561903 0.70967924 0.69855636 0.80948666
 0.629398   0.68698989 0.67159485 0.70345867 0.7000904  0.78628921
 0.74618026 0.69408558 0.66372169 0.72716404 0.65032752 0.54808287
 0.73124261 0.78436995 0.74105945 0.73319459 0.54943152 0.67773729
 0.70829203 0.5747011  0.76065324 0.74803262 0.7688325  0.57723429
 0.62563409 0.67016649 0.53358747 0.76116989 0.78478958 0.61346638
 0.62568492 0.6842342  0.64378189 0.6043474  0.73306004 0.58594111
 0.62988738 0.61326384 0.3464521  0.57821477 0.6153024  0.64480325
 0.66181751 0.66072167 0.77049799 0.64759158 0.64282195 0.6864742
 0.70203933 0.65897925 0.60527993 0.69686921 0.75743681 0.7178464
 0.71892836 0.71159686 0.61146145 0.62957172 0.69406568 0.72497041
 0.74062791 0.72931878 0.55033233 0.62835216 0.70141062 0.60919458
 0.74921075 0.64733899 0.69726107 0.71722321 0.6644485  0.45909755
 0.63358466 0.59603626 0.7614991  0.79694052 0.7808987  0.64471647
 0.58280439 0.53826339 0.69635169 0.7965225  0.77161735 0.77975727
 0.51295613 0.58479327 0.71048722 0.63923336 0.73698547 0.76320796
 0.4914487  0.63728975 0.69040091 0.66094623 0.68231559 0.8236345
 0.76728832 0.76095012 0.70004093 0.68111338 0.77952945 0.793925
 0.74247644]","[ 1.70711304e-01  8.22866014e-02  3.26588483e-01  2.03715036e-01
  4.80854819e-02 -1.08172388e-01  3.15826036e-01  5.67888012e-01
  2.42993386e-01  4.24845754e-01  3.89563489e-01  3.22430062e-01
  9.04845788e-02  1.75459259e-01 -2.43491748e-02  4.64618271e-01
  3.02349899e-01  3.91071192e-01  2.88173009e-01  3.44118804e-01
  3.15916998e-01  3.48437775e-01  5.07426083e-01  3.27635298e-01
  3.88837908e-01  3.48882484e-01  4.20649646e-01  3.50167713e-01
  4.19791349e-01  4.78902293e-01  2.29845305e-01  3.95277288e-01
  4.65064539e-01  3.86138938e-01  6.68653198e-01  4.68944946e-01
  3.82433206e-01  3.52706463e-01  3.21050242e-01  5.09169585e-01
  3.82991197e-01  3.73609453e-01  1.49622598e-01  4.82506530e-01
  4.98064404e-01  5.63780233e-01 -1.64850415e-01  2.39638111e-01
  2.84684440e-01  6.08960537e-01  4.63514364e-01  5.20399855e-01
  2.85289118e-01  3.63472797e-01  3.59472443e-01  2.40090842e-01
  4.58825877e-01  4.34163534e-01  5.72492064e-01  6.64958868e-01
  6.76899745e-01  6.56918231e-01  6.26152865e-01  6.83329541e-01
  6.16704328e-01  2.17960599e-01  6.17689828e-01  6.60170561e-01
  6.85891507e-01  6.33290750e-01  7.36888661e-01  6.17625120e-01
  6.34479755e-01  6.25578826e-01  5.89764668e-01  6.27550653e-01
  5.05126575e-01  5.48580338e-01  6.35898414e-01  6.27026647e-01
  6.67746351e-01  4.92750920e-01 -4.73537489e+00  6.23894000e-01
 -3.90718888e-01  1.54208315e-03 -3.19573590e-01  2.32838164e-01
  3.78825245e-01  3.78427783e-01  4.62323532e-02  3.34759047e-01
  3.29876865e-01  4.54164258e-01  5.27818279e-01  1.18550258e-02
  1.58966033e-01  1.99765758e-01  4.34158418e-01  3.06633541e-01
  9.58960800e-02  3.28038310e-01  2.57389296e-01  6.73600287e-02
  3.56399336e-01  3.25620400e-01  3.01903003e-01  3.60802576e-01
  1.94459148e-01  2.07018124e-01  2.50881525e-01  2.99750590e-01
  3.66878128e-01  3.85696786e-01  1.92660111e-01  5.19563263e-01
  4.37422885e-01  1.80994696e-02  2.62496694e-01 -4.34143041e-01
 -3.84172292e-02  9.68105313e-02 -2.58318640e-02  4.11772839e-01
  9.35244327e-02  1.67384135e-01  6.99789812e-02  2.49871747e-02
  1.40985200e-01  6.70600929e-02  4.10767490e-01  3.50902646e-01
  2.71505802e-01 -1.11389832e+01  1.98571905e-01  4.41534725e-01
  4.45829358e-01  6.09502549e-01  3.60672965e-01  3.93667266e-01
  3.87571823e-01  3.99866281e-01  4.10921026e-01  6.03520069e-01
  5.37233847e-01  4.66852790e-01  4.27643162e-01  5.17960980e-01
  2.98451268e-01  1.14962748e-01  3.98818925e-01  5.44110629e-01
  5.28903711e-01  5.20362941e-01  2.48965818e-01  4.45860925e-01
  4.58389828e-01  7.51644342e-02  5.16230564e-01  5.22047293e-01
  5.90373332e-01  2.24465453e-01  3.66192151e-01  3.92691397e-01
  1.15129820e-01  5.48767225e-01  5.65213488e-01  3.73004168e-01
  3.81424215e-01  4.24648439e-01  2.29141605e-01  3.33526065e-01
  5.23974441e-01  3.14504704e-01  3.68035876e-01  2.34585811e-01
 -5.35763985e-01  1.58327491e-01  2.72856092e-01  3.52509612e-01
  3.44713587e-01  3.66687186e-01  5.75850908e-01  3.72019210e-01
  3.33107469e-01  4.42341030e-01  4.28945637e-01  3.68707820e-01
  2.79921590e-01  4.36553312e-01  5.10652828e-01  4.24790211e-01
  4.86752895e-01  4.87857423e-01  2.41393293e-01  2.86868249e-01
  4.60967444e-01  4.59041096e-01  4.88429118e-01  4.94190484e-01
  2.77944581e-01  3.35927679e-01  3.86071873e-01  3.59125382e-01
  4.75498764e-01  1.38851181e-01  4.71965329e-01  4.81982477e-01
  3.70322090e-01 -9.48689660e-02  3.07532142e-01  3.49371644e-01
  4.65110835e-01  5.43847847e-01  5.52936544e-01  3.80349380e-01
  2.68411498e-01  2.45396472e-01  4.67312919e-01  5.19834827e-01
  4.68260223e-01  5.53737532e-01  3.34330870e-02  9.18956547e-02
  4.90014261e-01  3.82652688e-01  5.14250991e-01  4.12534575e-01
  1.54498257e-01  3.87868490e-01  2.86796535e-01  3.94908348e-01
  4.08980847e-01  5.05072846e-01  3.92763508e-01  3.57874046e-01
  3.23880245e-01  3.97884537e-01  5.59188251e-01  6.06940157e-01
  5.25789411e-01]",0.594966625661449,0.6290907911632774
TVSD,Model B (Qwen3),features/language_model-layers-16,monkeyF/IT,100000.0,0.6168103218078613,0.6384469251844769,0.2842012047767639,0.2974852340378435,"[0.49686396 0.3443367  0.55189127 0.6013505  0.458497   0.34999034
 0.5691122  0.72565573 0.44596812 0.65459484 0.6384531  0.5987718
 0.4700389  0.57812625 0.43209386 0.67582035 0.5065094  0.5468617
 0.5097497  0.63533556 0.59932745 0.643955   0.70910555 0.6022556
 0.6243225  0.5623245  0.65195715 0.6147177  0.65184814 0.712816
 0.6205627  0.6303323  0.64292765 0.59331125 0.834225   0.6968226
 0.6499285  0.69298005 0.5390057  0.69648004 0.60450107 0.61710626
 0.56861365 0.698962   0.7001133  0.7509662  0.47073928 0.4811735
 0.5258216  0.77653456 0.73902977 0.73510563 0.6128187  0.6685883
 0.37624425 0.47950253 0.6960197  0.68576276 0.7132408  0.7937054
 0.7992553  0.81189436 0.7912815  0.8319872  0.7752694  0.49473488
 0.79161954 0.7974094  0.79442286 0.75676763 0.8242967  0.7651337
 0.78508294 0.79001975 0.7097344  0.71384937 0.6375125  0.7307075
 0.75612897 0.79200315 0.8078119  0.72061765 0.71239275 0.8061872
 0.18962905 0.3247958  0.19443528 0.53459895 0.65046394 0.64214045
 0.3854442  0.6249274  0.5622676  0.6736815  0.6990435  0.31100896
 0.40544653 0.40403986 0.6096271  0.50350684 0.35939    0.5597019
 0.5562498  0.3525832  0.562314   0.5403152  0.5160095  0.56792414
 0.35976    0.47051933 0.5619897  0.56312525 0.5965036  0.58875495
 0.560428   0.70097446 0.655866   0.3689849  0.5352964  0.19199012
 0.4376793  0.451318   0.4068411  0.6178669  0.5058477  0.49399903
 0.42157465 0.49496076 0.52051216 0.4616311  0.6750433  0.6345269
 0.618474   0.7023262  0.5480664  0.7090044  0.72569054 0.79236865
 0.56744313 0.6489338  0.6273009  0.66741276 0.6418792  0.7731152
 0.7242073  0.68656784 0.65927225 0.6942885  0.63828    0.50952446
 0.70540243 0.71259975 0.7277968  0.7365069  0.5322987  0.6700078
 0.6581082  0.22464858 0.7198272  0.72864777 0.7564102  0.4876052
 0.56025004 0.6231579  0.42513302 0.7199212  0.7409093  0.5445922
 0.5667081  0.6315344  0.59352744 0.581507   0.7183114  0.5476621
 0.5931363  0.6074517  0.36465833 0.5400083  0.5675635  0.582409
 0.61068964 0.59525776 0.734377   0.62246597 0.6440174  0.70212877
 0.69139767 0.5824052  0.5867     0.6342887  0.73591715 0.6973101
 0.70766455 0.704616   0.5219929  0.5960464  0.6718075  0.6880869
 0.71650386 0.68832964 0.53262115 0.5908691  0.6075332  0.5981896
 0.7290668  0.6318312  0.64558667 0.6947755  0.6564968  0.44683513
 0.5976372  0.6382546  0.712448   0.7567577  0.764036   0.6427536
 0.5439747  0.54710424 0.6387313  0.7743891  0.74099314 0.76471573
 0.45168418 0.54061013 0.6976588  0.6008765  0.7021338  0.73493505
 0.47678158 0.6222897  0.5367931  0.60617334 0.64523584 0.82005596
 0.7444773  0.75195813 0.6655537  0.65344775 0.7634557  0.7838315
 0.70785123]","[ 2.1586752e-01  3.3411682e-02  2.8696787e-01  2.4386120e-01
  5.4427981e-03 -1.4039660e-01  2.9742146e-01  4.6068287e-01
  1.9002742e-01  4.0417683e-01  3.8164806e-01  2.7417076e-01
  7.6419830e-02  1.8192792e-01 -2.3172736e-02  4.2723179e-01
  2.2475517e-01  2.8164160e-01  2.5726581e-01  3.3549333e-01
  3.0698049e-01  3.4650666e-01  4.8171806e-01  2.5577360e-01
  3.5068470e-01  3.0747294e-01  4.1060251e-01  3.4129536e-01
  3.9782733e-01  4.7795391e-01  2.1498668e-01  3.8654560e-01
  4.1193002e-01  3.5150105e-01  6.4270270e-01  4.4655293e-01
  3.6434561e-01  3.3604228e-01  2.3924685e-01  4.7544897e-01
  3.4548527e-01  3.3641779e-01  1.5703779e-01  4.3980372e-01
  4.5462215e-01  5.3800058e-01 -1.9157445e-01  2.0668590e-01
  2.6732510e-01  5.6575382e-01  4.1509461e-01  4.9277258e-01
  2.1342665e-01  4.1214341e-01 -7.0911875e+00  2.1761346e-01
  4.1586590e-01  3.8457060e-01  4.9118787e-01  6.2781477e-01
  6.3595825e-01  6.3352501e-01  6.2350762e-01  6.7009848e-01
  5.9449983e-01  2.4097586e-01  6.1157453e-01  6.3211614e-01
  6.2866545e-01  5.6652284e-01  6.7319357e-01  5.7371324e-01
  6.1135995e-01  6.0876250e-01  4.6361518e-01  4.8369175e-01
  3.8100189e-01  5.2980912e-01  5.6763321e-01  6.1056697e-01
  6.4492798e-01  4.7710186e-01  4.7344321e-01  6.4978361e-01
 -3.0516911e-01  5.0377071e-02 -2.4784601e-01  2.4515849e-01
  3.5843581e-01  3.7243140e-01  5.8315575e-02  3.2041699e-01
  2.9755324e-01  4.5068663e-01  4.8625684e-01 -5.7237387e-02
  1.5537167e-01  1.1268610e-01  3.5966927e-01  2.2630465e-01
 -6.1834216e-02  3.0640602e-01  2.8922355e-01  3.3795059e-02
  2.5582540e-01  2.8628987e-01  2.6472217e-01  3.0829394e-01
 -3.8468814e-01  1.9183254e-01  2.2565627e-01  1.9665545e-01
  3.4606248e-01  3.3338898e-01  1.6755545e-01  4.7265881e-01
  4.1099590e-01  3.6146283e-02  2.0602006e-01 -3.3847046e-01
 -6.3218832e-02  1.8164277e-02 -1.0502338e-02  3.6523402e-01
  1.3344479e-01  1.8916279e-01  9.4967842e-02 -1.0648131e-02
  8.8269949e-02 -3.8031101e-02  4.2638195e-01  3.4097773e-01
  2.9725528e-01  4.8844224e-01  1.5668088e-01  4.4868338e-01
  5.0357008e-01  5.8687240e-01  2.8169179e-01  3.3881664e-01
  3.2242185e-01  3.3282757e-01  3.4905833e-01  5.8766085e-01
  5.1044875e-01  4.5763868e-01  4.2243326e-01  4.6919817e-01
  3.2712543e-01  6.8958521e-02  3.7679845e-01  4.3398494e-01
  5.1456833e-01  5.2857399e-01  2.3707056e-01  4.4045812e-01
  3.8384485e-01 -3.3581614e+00  4.4060916e-01  5.0060570e-01
  5.7158041e-01  1.3365865e-01  2.7876693e-01  3.2970148e-01
  2.6122451e-02  4.8709857e-01  4.9358618e-01  2.9473561e-01
  3.0789137e-01  3.6540556e-01  2.1447819e-01  3.1167197e-01
  5.0110269e-01  2.7604437e-01  3.2637787e-01  2.6860505e-01
 -3.2312608e-01  1.5393341e-01  2.4004370e-01  2.7694839e-01
  3.0171239e-01  2.8933668e-01  5.2625239e-01  3.4750670e-01
  3.4971547e-01  4.6191782e-01  4.2795283e-01  2.7604932e-01
  2.9756552e-01  3.6316514e-01  4.8868221e-01  4.2825401e-01
  4.6950078e-01  4.7524017e-01  1.5908206e-01  2.7719986e-01
  4.3253803e-01  4.1198158e-01  4.6246248e-01  4.3847156e-01
  2.6424187e-01  3.1281018e-01  2.2967571e-01  3.4165788e-01
  4.5387679e-01  2.5489670e-01  4.1110539e-01  4.4482654e-01
  3.7595618e-01  5.1510334e-03  2.6910824e-01  3.9309567e-01
  4.0836221e-01  4.9211502e-01  5.3246105e-01  3.7137181e-01
  2.1450067e-01  2.6479417e-01  3.9164436e-01  5.0978148e-01
  4.2854983e-01  5.1318264e-01 -5.7551861e-03  1.3882530e-01
  4.7299773e-01  3.3696771e-01  4.7587419e-01  3.7773687e-01
  1.4309502e-01  3.7234616e-01  1.4975053e-01  3.2935923e-01
  3.6046278e-01  5.0560069e-01  4.5077443e-01  3.5381627e-01
  2.8527308e-01  3.7756664e-01  5.3986537e-01  5.9153426e-01
  4.7586614e-01]","[0.50318179 0.34980957 0.55890796 0.61092822 0.47184048 0.36926673
 0.58433938 0.77322209 0.45486382 0.66554946 0.64687355 0.60727247
 0.47741155 0.59835176 0.46122343 0.72746372 0.52126974 0.57216676
 0.51841381 0.64552796 0.60675263 0.6666045  0.73126944 0.65656087
 0.64124448 0.56718858 0.65741646 0.63196657 0.66865315 0.73836704
 0.67131703 0.6362874  0.6498123  0.59831119 0.84297221 0.72069786
 0.67931561 0.72476898 0.55078578 0.70044668 0.61236284 0.6496892
 0.61426878 0.7195978  0.70921542 0.75855639 0.53089458 0.49579329
 0.53887197 0.80694583 0.75184455 0.74334259 0.64866114 0.69151635
 0.38787912 0.48902707 0.70553955 0.69365144 0.73721827 0.80435792
 0.80887559 0.81580083 0.79923841 0.83694725 0.78576107 0.49996601
 0.80368353 0.80860074 0.81253697 0.80036345 0.85337369 0.78241218
 0.79282061 0.79333408 0.72677173 0.76016291 0.68653571 0.75912037
 0.79384654 0.79583403 0.81985207 0.75175735 0.7566473  0.8225373
 0.21044476 0.34734317 0.21925482 0.53894543 0.65628687 0.65277935
 0.39899887 0.6322724  0.58239845 0.68243197 0.71343448 0.33867863
 0.41213596 0.41400666 0.65500401 0.53844983 0.39346733 0.57219846
 0.56138608 0.36631346 0.6237784  0.57007012 0.53605813 0.57986357
 0.36359574 0.48338662 0.62871909 0.63994377 0.60165853 0.59872287
 0.57494052 0.71539804 0.68514155 0.37586095 0.54578242 0.21126728
 0.47495184 0.50884285 0.43782123 0.63247758 0.51000403 0.50896682
 0.44208608 0.55123492 0.58704633 0.5216751  0.69196205 0.63956036
 0.65621201 0.72414356 0.6235827  0.72386503 0.74123908 0.79628929
 0.60584345 0.68604236 0.66294798 0.68512303 0.70547064 0.78099464
 0.73138342 0.68902718 0.67067746 0.70401206 0.67717587 0.53459633
 0.73497159 0.74809735 0.73567887 0.74610664 0.55324542 0.67968361
 0.67699145 0.24696964 0.74418651 0.73809373 0.76947158 0.52024473
 0.57559137 0.64407431 0.48001161 0.74214378 0.76445781 0.5503147
 0.57586147 0.66909126 0.64959118 0.59783881 0.73207582 0.55322738
 0.60187611 0.6503802  0.40321179 0.59230435 0.63816469 0.64729386
 0.64798258 0.63589832 0.74577972 0.63286489 0.65497993 0.71209106
 0.70340967 0.61854463 0.61618136 0.66212583 0.74512586 0.71044374
 0.71339182 0.70818035 0.5582519  0.6208431  0.68123151 0.70891369
 0.73031613 0.70128909 0.53931263 0.62432581 0.65190186 0.60233788
 0.74743402 0.71638569 0.65843916 0.7036466  0.69094491 0.4946605
 0.61789853 0.6433288  0.74619023 0.78622932 0.77911145 0.65901373
 0.57359643 0.55460458 0.64323781 0.78588291 0.7579851  0.78048679
 0.49731862 0.60224927 0.70315813 0.60914522 0.72540089 0.75941372
 0.49592119 0.63441806 0.6080141  0.61030816 0.6524359  0.83028091
 0.7633957  0.77431479 0.69317833 0.66446147 0.77155361 0.78933557
 0.71504309]","[ 2.21392112e-01  3.44822124e-02  2.94311226e-01  2.51691034e-01
  5.76420798e-03 -1.56287710e-01  3.13550022e-01  5.23057344e-01
  1.97683953e-01  4.17817799e-01  3.91781404e-01  2.82010721e-01
  7.88359546e-02  1.94879931e-01 -2.64024268e-02  4.95021098e-01
  2.38045327e-01  3.08309579e-01  2.66085504e-01  3.46344000e-01
  3.14634093e-01  3.71310333e-01  5.12301957e-01  3.03979327e-01
  3.69952664e-01  3.12815177e-01  4.17507837e-01  3.60717432e-01
  4.18604169e-01  5.12832741e-01  2.51591283e-01  3.93883938e-01
  4.20799384e-01  3.57450337e-01  6.56251398e-01  4.77677711e-01
  3.98038935e-01  3.67579813e-01  2.49818700e-01  4.80880008e-01
  3.54530041e-01  3.72881087e-01  1.83267948e-01  4.66156183e-01
  4.66520011e-01  5.48930947e-01 -2.43665094e-01  2.19436446e-01
  2.80759231e-01  6.10934536e-01  4.29614911e-01  5.03877615e-01
  2.39122460e-01  4.40895585e-01 -7.53654062e+00  2.26344393e-01
  4.27319746e-01  3.93469311e-01  5.24768133e-01  6.44779973e-01
  6.51359885e-01  6.39636153e-01  6.36110283e-01  6.78112141e-01
  6.10699373e-01  2.46098762e-01  6.30356905e-01  6.49983643e-01
  6.57661449e-01  6.33675368e-01  7.21524901e-01  5.99917378e-01
  6.23470313e-01  6.13881034e-01  4.86140731e-01  5.48490210e-01
  4.41851143e-01  5.71812382e-01  6.25675520e-01  6.16487823e-01
  6.64296094e-01  5.19226305e-01  5.34091777e-01  6.76407074e-01
 -3.75843527e-01  5.76142089e-02 -3.15159262e-01  2.49161155e-01
  3.64881949e-01  3.84874426e-01  6.24891877e-02  3.27993206e-01
  3.19241235e-01  4.62470637e-01  5.06483724e-01 -6.78749579e-02
  1.60540892e-01  1.18314116e-01  4.15205095e-01  2.58805335e-01
 -7.41163897e-02  3.20241098e-01  2.94589460e-01  3.64783961e-02
  3.14808590e-01  3.18689790e-01  2.85692393e-01  3.21392670e-01
 -3.92934953e-01  2.02468088e-01  2.82425530e-01  2.53968360e-01
  3.52069589e-01  3.44773433e-01  1.76345634e-01  4.92310224e-01
  4.48505554e-01  3.75060098e-02  2.14170657e-01 -4.09852399e-01
 -7.44446732e-02  2.30897997e-02 -1.21627005e-02  3.82711635e-01
  1.35646717e-01  2.00799424e-01  1.04433848e-01 -1.32070346e-02
  1.12278310e-01 -4.85678648e-02  4.48022796e-01  3.46408871e-01
  3.34637813e-01  5.19259979e-01  2.02832621e-01  4.67689168e-01
  5.25380079e-01  5.92694455e-01  3.21107415e-01  3.78674246e-01
  3.60106961e-01  3.50725560e-01  4.21647270e-01  5.99700514e-01
  5.20614905e-01  4.60923147e-01  4.37175618e-01  4.82432518e-01
  3.68209354e-01  7.59118892e-02  4.09049914e-01  4.78299087e-01
  5.25774288e-01  5.42442835e-01  2.56095824e-01  4.53271549e-01
  4.06188404e-01 -4.05864777e+00  4.70934627e-01  5.13669222e-01
  5.91490496e-01  1.52151333e-01  2.94242910e-01  3.52205891e-01
  3.33018018e-02  5.17634326e-01  5.25460368e-01  3.00962233e-01
  3.17917725e-01  4.10158615e-01  2.56910462e-01  3.29424597e-01
  5.20491089e-01  2.81683162e-01  3.36067017e-01  3.07911086e-01
 -3.95062843e-01  1.85191835e-01  3.03477831e-01  3.42094140e-01
  3.39686828e-01  3.30193656e-01  5.42721538e-01  3.59214593e-01
  3.61722584e-01  4.75118838e-01  4.42952086e-01  3.11371063e-01
  3.28221868e-01  3.95741161e-01  5.00988721e-01  4.44538032e-01
  4.77131063e-01  4.80060392e-01  1.81950135e-01  3.00743749e-01
  4.44758259e-01  4.37298421e-01  4.80464408e-01  4.55137536e-01
  2.70923089e-01  3.49237486e-01  2.64447490e-01  3.46412927e-01
  4.77033709e-01  3.27684456e-01  4.27637098e-01  4.56258395e-01
  4.16446112e-01  6.31268627e-03  2.87664389e-01  3.99370854e-01
  4.47959053e-01  5.31191868e-01  5.53680676e-01  3.90399115e-01
  2.38497661e-01  2.72104153e-01  3.97190272e-01  5.25026582e-01
  4.48429617e-01  5.34568080e-01 -6.97684479e-03  1.72287117e-01
  4.80484002e-01  3.46305601e-01  5.07935519e-01  4.03318678e-01
  1.54814239e-01  3.87001552e-01  1.92124078e-01  3.33867805e-01
  3.68552335e-01  5.18287554e-01  4.73975401e-01  3.75167829e-01
  3.09445765e-01  3.90401507e-01  5.51378738e-01  5.99870971e-01
  4.85584988e-01]",0.5879826932730164,0.6103304976815491
TVSD,Model B (Qwen3),features/language_model-layers-3,monkeyF/IT,100000.0,0.6581880450248718,0.6815536765369207,0.3785313367843628,0.401358804310534,"[0.5560057  0.4040084  0.587963   0.62066567 0.44466937 0.35686368
 0.6188049  0.75057334 0.55811983 0.69507724 0.6632422  0.64317775
 0.531489   0.6214731  0.52261186 0.68836784 0.56389326 0.66346174
 0.6147366  0.6913934  0.6314291  0.64761794 0.721474   0.6150497
 0.6979187  0.5806862  0.7147799  0.6438223  0.67107344 0.7252085
 0.60649335 0.66010815 0.7033904  0.6892766  0.8752077  0.71718115
 0.6749899  0.71357155 0.6438119  0.74541026 0.68765026 0.646849
 0.60095966 0.7227455  0.753699   0.77993953 0.5512315  0.6185167
 0.63635373 0.8119781  0.77212876 0.7792214  0.63174146 0.7311139
 0.6887922  0.6255351  0.75046074 0.5817071  0.7467036  0.828338
 0.8283437  0.83768433 0.8216567  0.8480001  0.81721455 0.5378293
 0.79835397 0.8241379  0.82808155 0.7530818  0.85006964 0.81613094
 0.81401485 0.825919   0.4648886  0.74784166 0.72149223 0.77025414
 0.77867216 0.8259931  0.83988047 0.73766285 0.77541465 0.8208697
 0.21844058 0.37040406 0.16511054 0.52540547 0.6944369  0.6510935
 0.38535926 0.6734171  0.5797102  0.697091   0.6987638  0.38364774
 0.47302333 0.49998033 0.68144447 0.6062805  0.3770068  0.5956654
 0.5312832  0.42566445 0.63882333 0.60670793 0.58390194 0.63872516
 0.5136468  0.5168404  0.5937475  0.6119633  0.66294986 0.707761
 0.53039193 0.7500123  0.6928447  0.43066403 0.5788945  0.248481
 0.5884947  0.528455   0.4942632  0.66052073 0.5330186  0.5246551
 0.45193022 0.55518204 0.56848526 0.5435485  0.6748893  0.6621998
 0.6002653  0.70002425 0.58514667 0.7296122  0.75860953 0.81045926
 0.57124585 0.7096989  0.6484546  0.735997   0.6952638  0.8041997
 0.7437842  0.7153422  0.67995137 0.7503934  0.6597515  0.5649709
 0.7531426  0.762724   0.7499405  0.7609032  0.5651252  0.69627845
 0.71795696 0.57059425 0.77093375 0.7545121  0.7824168  0.5754608
 0.6440858  0.65133524 0.5158865  0.76173043 0.77803856 0.6841069
 0.67412996 0.65843815 0.6328222  0.67130315 0.785671   0.62807685
 0.6677004  0.600691   0.39491647 0.5708084  0.5392891  0.66156983
 0.65826046 0.6583354  0.7700657  0.68182915 0.6830331  0.7289234
 0.72808903 0.62410706 0.63004977 0.6610061  0.7609884  0.7347605
 0.73262537 0.75130796 0.5950075  0.66603017 0.69569314 0.72738534
 0.7339969  0.71080196 0.5754253  0.618094   0.6780119  0.57916874
 0.74230015 0.590783   0.72481185 0.73048866 0.65701795 0.51777136
 0.60263693 0.6297363  0.7309581  0.77319944 0.7753801  0.6710673
 0.57057804 0.54773635 0.74723214 0.7958494  0.7323726  0.77384037
 0.49146536 0.57784337 0.6900025  0.66031486 0.7310431  0.7316367
 0.49335435 0.6474243  0.60139203 0.6753942  0.7216282  0.8332732
 0.7684313  0.73140717 0.6847847  0.6761418  0.79152066 0.79698145
 0.74929744]","[ 0.27732754  0.09202629  0.32158864  0.27123284 -0.04725087 -0.16590595
  0.35402745  0.52575517  0.30062616  0.45379448  0.404163    0.33804917
  0.17661947  0.24775195  0.11400127  0.44769526  0.29976285  0.42103338
  0.3680902   0.40856856  0.3461553   0.34298348  0.49268293  0.21641463
  0.4622392   0.32960027  0.4960091   0.36705744  0.42039162  0.49454993
  0.12219894  0.41679722  0.49342406  0.46723467  0.6932362   0.47145528
  0.3901338   0.33106375  0.40773672  0.54596937  0.4482453   0.38573253
  0.18534517  0.45346045  0.53488636  0.57967305  0.03374273  0.36731833
  0.3967151   0.6207093   0.47519535  0.5664794   0.27221447  0.48784834
  0.45122308  0.3835693   0.45973593 -0.3123864   0.547842    0.67832875
  0.67479336  0.67101514  0.670303    0.69208026  0.6576432   0.2887978
  0.6153883   0.6654288   0.68037724  0.5554829   0.7070228   0.64230514
  0.65200615  0.6555699  -0.78447366  0.52658457  0.49465704  0.586926
  0.6034583   0.65553564  0.6914574   0.50167143  0.58554924  0.67196554
 -0.20161462  0.09012008 -0.2284373   0.23612726  0.4219557   0.37715477
  0.06384307  0.3883404   0.31774718  0.4784931   0.48199457  0.05811852
  0.22076815  0.21228582  0.46384048  0.36200172  0.09949285  0.34575623
  0.26731724  0.12431961  0.39504474  0.36687952  0.33792335  0.38519514
  0.25018674  0.24174595  0.24617314  0.227898    0.42723876  0.4563948
  0.1393702   0.53702694  0.4576016   0.11618656  0.26737207 -0.21998906
  0.17844242  0.14889443  0.11636335  0.4104668   0.17716318  0.22173685
  0.10811561  0.06696105  0.1166715   0.06476009  0.4277405   0.3540861
  0.28770173  0.48737544  0.23477083  0.47430873  0.5598018   0.6105427
  0.3005231   0.4622215   0.3758573   0.47929126  0.4344228   0.624864
  0.52845395  0.49442238  0.457367    0.5564362   0.35867167  0.1970954
  0.4465679   0.5206035   0.5365287   0.5672895   0.2934283   0.481201
  0.47316587  0.12749594  0.54756945  0.5264847   0.6108935   0.26128823
  0.3956108   0.3607648   0.16457933  0.5590498   0.5500566   0.44786334
  0.44199437  0.41214585  0.30176902  0.4256249   0.6036465   0.3688792
  0.4225343   0.24647409 -0.1615448   0.21752858  0.18756115  0.40127385
  0.3646391   0.38341403  0.5723306   0.42000145  0.40894753  0.50228083
  0.47534382  0.31500173  0.32998157  0.37911886  0.5078265   0.46854836
  0.5091058   0.5468478   0.24780124  0.39283407  0.46446288  0.45956838
  0.47317743  0.45911264  0.30479896  0.34034228  0.39412975  0.33025098
  0.46676612  0.09885705  0.51416695  0.5126877   0.39221394  0.12478119
  0.2722867   0.3905139   0.4179349   0.5188631   0.5529603   0.4237435
  0.26348567  0.24780023  0.531636    0.52572757  0.46776807  0.5264937
  0.06688893  0.20547247  0.45152932  0.4103868   0.5078085   0.37998152
  0.1714071   0.39495218  0.18430686  0.4262427   0.45218307  0.52372825
  0.4180959   0.34468126  0.31424773  0.3898523   0.5843209   0.60923624
  0.5327256 ]","[0.56307556 0.4104297  0.59543829 0.63055104 0.45761043 0.37651863
 0.63536165 0.79977303 0.56925261 0.70670934 0.67198959 0.65230883
 0.53982553 0.64321505 0.55784369 0.74097004 0.58032581 0.69416225
 0.62518515 0.70248508 0.63925198 0.67039628 0.74402447 0.67050866
 0.71683551 0.5857091  0.72076528 0.66188783 0.68837409 0.75120377
 0.65609702 0.66634457 0.71092252 0.69508524 0.88438466 0.74175397
 0.70551015 0.74630506 0.65788252 0.74965558 0.69659342 0.68100232
 0.64921192 0.74408347 0.76349779 0.78782257 0.62167284 0.63730947
 0.65214737 0.84377744 0.78551748 0.7879527  0.66869064 0.75618619
 0.71009226 0.63796031 0.76072521 0.58839879 0.77180603 0.83945536
 0.83831409 0.84171489 0.82991904 0.85305562 0.82827387 0.54351607
 0.81052059 0.83570437 0.84696313 0.79646529 0.88005576 0.83456107
 0.82203768 0.82938391 0.47604837 0.79636058 0.77697328 0.80020471
 0.81751425 0.82998841 0.85239859 0.76953912 0.82358419 0.83751754
 0.24241895 0.39611755 0.1861868  0.5296772  0.70065349 0.66188072
 0.39891095 0.68133201 0.60046553 0.70614552 0.713149   0.41777989
 0.4808277  0.51231377 0.73216698 0.64835591 0.41275456 0.60896489
 0.53618895 0.44224064 0.70865071 0.64011906 0.6065884  0.65215303
 0.51912328 0.53097442 0.66424771 0.69544401 0.668679   0.71974374
 0.54412663 0.76544488 0.7237708  0.43868947 0.59023458 0.27343024
 0.63861064 0.59581173 0.53190036 0.67614007 0.53739818 0.54055175
 0.47391859 0.61830302 0.64115156 0.61424747 0.69180423 0.66745277
 0.63689227 0.72177012 0.66577216 0.74490473 0.77486338 0.81446941
 0.60990351 0.75028223 0.68530375 0.75552723 0.7641441  0.81239592
 0.75115432 0.71790463 0.69171432 0.76090271 0.69995581 0.5927711
 0.78471293 0.80071848 0.75806241 0.77082092 0.58736374 0.70633362
 0.7385575  0.62728844 0.79702255 0.76429333 0.79592729 0.61398122
 0.66172283 0.67319741 0.58248005 0.78524361 0.80276718 0.69129538
 0.68501841 0.69759495 0.69259769 0.69015688 0.80072614 0.63445932
 0.6775389  0.64314177 0.43666898 0.62608723 0.60637318 0.73527379
 0.69845841 0.70328251 0.78202256 0.6932198  0.69465977 0.73926586
 0.7407385  0.66283416 0.6617094  0.69001574 0.77051084 0.74859954
 0.73855465 0.7551085  0.63633824 0.69373834 0.70545218 0.74940157
 0.74814641 0.72418451 0.58265458 0.65309225 0.72752765 0.58318512
 0.76100077 0.6698442  0.73924158 0.73981574 0.69149338 0.57318913
 0.62306779 0.6347428  0.76557699 0.8033114  0.79067935 0.6880437
 0.60164844 0.55524536 0.75250416 0.80766173 0.74916686 0.78979961
 0.54111897 0.64372775 0.6954415  0.66940151 0.7552682  0.75600552
 0.51315925 0.66004249 0.68118391 0.68000117 0.7296807  0.84366292
 0.78795844 0.75315282 0.71320755 0.68753803 0.79991626 0.80257788
 0.7569104 ]","[ 0.28442505  0.09497487  0.32981791  0.27994152 -0.05004114 -0.1846844
  0.37322565  0.59694015  0.31273891  0.46911004  0.41489415  0.34771575
  0.18220355  0.26539018  0.12989015  0.51873152  0.31748834  0.46090004
  0.38070924  0.42178267  0.35478559  0.36753497  0.52396298  0.25720236
  0.4876364   0.33532696  0.50435077  0.38794555  0.4423469   0.53063986
  0.14300508  0.42470987  0.50404808  0.4751428   0.70785016  0.50431575
  0.42621192  0.36213404  0.42575381  0.55220596  0.45998031  0.4275409
  0.21630353  0.48063121  0.54888481  0.59145006  0.04291765  0.38997836
  0.41665158  0.67027873  0.49181801  0.57924546  0.30498813  0.52188189
  0.47956158  0.3989586   0.47239805 -0.31961481  0.58529547  0.69665898
  0.6911355   0.67748792  0.6838515   0.7003568   0.67556334  0.29493735
  0.63428777  0.68423794  0.71175836  0.62132684  0.75778285  0.67164218
  0.66492166  0.661082   -0.82258868  0.59712922  0.57365799  0.63345747
  0.66516382  0.66189256  0.71222285  0.54596518  0.6605587   0.69949786
 -0.24830675  0.10306667 -0.29047929  0.23998247  0.42954419  0.38975561
  0.06841228  0.39752267  0.34090706  0.49100415  0.50204416  0.06891985
  0.22811312  0.22288826  0.53546118  0.4139905   0.11925518  0.36136808
  0.27227672  0.13419063  0.48612639  0.40839991  0.36469228  0.40156123
  0.25555016  0.25514878  0.30810391  0.29431618  0.43465496  0.4719796
  0.14668175  0.55935454  0.49936474  0.12055719  0.27794989 -0.26638379
  0.21012865  0.18926944  0.13475975  0.43010894  0.1800865   0.23537732
  0.11889213  0.08305278  0.14840474  0.08270229  0.44945032  0.35972604
  0.32388282  0.51812587  0.30392466  0.49439998  0.58404725  0.61659959
  0.34257369  0.51659617  0.41978801  0.50506542  0.52476382  0.63766584
  0.53897869  0.49797084  0.47332851  0.5721312   0.4037175   0.21696932
  0.48479116  0.57376224  0.54821291  0.58217414  0.31697636  0.49519968
  0.50070878  0.15409061  0.5852566   0.54022357  0.63217298  0.29743943
  0.41757347  0.3853895   0.20981141  0.59409609  0.58557744  0.45732496
  0.45638773  0.46262343  0.36147086  0.44986821  0.62700249  0.37641434
  0.43507802  0.28254161 -0.19750912  0.26170094  0.23712621  0.4956643
  0.41053368  0.43755558  0.59024177  0.43415177  0.42298831  0.51663538
  0.49200408  0.35530761  0.36397754  0.41312593  0.52061513  0.48636454
  0.51737974  0.55239434  0.28342273  0.42619931  0.47758506  0.48780949
  0.49159645  0.47656318  0.31250564  0.37997575  0.45379907  0.33484727
  0.49058065  0.12708645  0.53484305  0.52586354  0.43445481  0.15292165
  0.29106204  0.39674786  0.45845995  0.56006388  0.57499684  0.44545407
  0.2929628   0.25464107  0.53916428  0.54144954  0.48946714  0.54843387
  0.0810875   0.25499862  0.45867581  0.42175925  0.54202137  0.40571535
  0.18544504  0.41049733  0.2364585   0.43207751  0.46233102  0.53686998
  0.43961492  0.36548156  0.34087559  0.40310479  0.59678234  0.61782244
  0.54360569]",0.646338488811185,0.6633832487700022
TVSD,Model B (Qwen3),features/language_model-layers-8,monkeyF/IT,100000.0,0.6378415822982788,0.6602218992568274,0.3120555579662323,0.3271517241524867,"[0.54849184 0.40613914 0.5611887  0.5965787  0.43466854 0.34008738
 0.60577357 0.7469372  0.5202431  0.6803317  0.6478234  0.63244313
 0.51953244 0.5961882  0.45576516 0.6716625  0.563401   0.63584346
 0.57716554 0.6622093  0.6147403  0.6354221  0.7154673  0.6121951
 0.6727419  0.591927   0.6780328  0.5925792  0.63793707 0.7047987
 0.5919569  0.6608615  0.69865113 0.6639403  0.86420876 0.68930197
 0.65422523 0.6949401  0.6225963  0.72828496 0.64468133 0.6279614
 0.58776814 0.71067196 0.74531823 0.7646844  0.5433536  0.5585267
 0.59340054 0.76803565 0.76210856 0.77182645 0.66239226 0.71894217
 0.6466851  0.5809827  0.7385241  0.7212773  0.7258177  0.8195644
 0.822104   0.8272915  0.80151856 0.8373843  0.7909993  0.49841946
 0.78659403 0.51860857 0.8070736  0.764665   0.8380108  0.7996435
 0.7974296  0.8137454  0.7809516  0.76767373 0.69505197 0.73220384
 0.7702647  0.8146682  0.82590437 0.72983867 0.7495627  0.8231877
 0.19916731 0.34299877 0.13666806 0.5200916  0.6628839  0.652019
 0.35135064 0.63854057 0.5628109  0.6829672  0.69163096 0.37023386
 0.40783826 0.4805069  0.59982646 0.5351552  0.3226791  0.5733218
 0.52654284 0.33212966 0.58141154 0.54192865 0.5417102  0.61344475
 0.5067658  0.49188393 0.54926294 0.5889454  0.6355459  0.65135175
 0.55198914 0.7364527  0.66522497 0.37356916 0.56861717 0.21672665
 0.54027927 0.46357962 0.5178357  0.65085036 0.4975541  0.48532432
 0.41649857 0.5249708  0.54131955 0.52543724 0.65086484 0.6489392
 0.5710014  0.691191   0.53593105 0.706498   0.7448547  0.8195399
 0.60509473 0.686218   0.1269244  0.70645183 0.6601401  0.78563684
 0.7459676  0.71516687 0.650931   0.731356   0.64481944 0.5470679
 0.72238123 0.7342657  0.74239457 0.74711585 0.5581355  0.6872343
 0.68954134 0.5534017  0.7622002  0.7482736  0.7809686  0.53686154
 0.61247534 0.63171405 0.45092887 0.7417412  0.77430165 0.6389265
 0.639099   0.6620429  0.58479726 0.6341182  0.75806516 0.60188675
 0.6462701  0.5674433  0.3443782  0.5355512  0.524119   0.5930765
 0.64408565 0.6560302  0.7546169  0.67858404 0.6720401  0.7042173
 0.70423204 0.6027962  0.5256029  0.66956466 0.75346476 0.7195185
 0.7327663  0.73980504 0.58785135 0.63862777 0.6939493  0.7104604
 0.7260169  0.7076222  0.5752045  0.5983677  0.6908558  0.59923685
 0.73478866 0.5788279  0.7042134  0.7095224  0.65115154 0.5139896
 0.6078175  0.62554914 0.73044926 0.7808496  0.77639836 0.66921604
 0.57569796 0.556862   0.7153423  0.7974993  0.77714866 0.7747926
 0.4782339  0.5526188  0.6775843  0.64051473 0.7268302  0.7205167
 0.42099196 0.6164063  0.60426164 0.67730874 0.71880645 0.8247405
 0.7609057  0.74425447 0.6499657  0.637029   0.7875851  0.8099698
 0.74691284]","[ 2.72022963e-01  1.04926229e-01  2.92370081e-01  2.60591567e-01
 -3.36076021e-02 -1.44485235e-01  3.39720905e-01  5.14906287e-01
  2.58293092e-01  4.33069527e-01  3.87867332e-01  3.37176323e-01
  1.73886776e-01  2.27578163e-01  1.31357908e-02  4.08562481e-01
  3.02007198e-01  3.83148611e-01  3.26537609e-01  3.65992248e-01
  3.19146574e-01  3.36142063e-01  4.94817495e-01  2.31230617e-01
  4.27709341e-01  3.45891774e-01  4.47387278e-01  2.94714093e-01
  3.74451697e-01  4.62816775e-01  9.80618000e-02  4.25177336e-01
  4.87399518e-01  4.35185015e-01  6.80427074e-01  4.31043744e-01
  3.61393809e-01  3.10677826e-01  3.75799000e-01  5.21050096e-01
  3.91151607e-01  3.59009683e-01  1.49186075e-01  4.42623734e-01
  5.12318015e-01  5.59609473e-01 -2.15244293e-02  2.94012964e-01
  3.44180822e-01  5.39295435e-01  4.42704201e-01  5.44586718e-01
  2.64258862e-01  4.61405575e-01  4.02941108e-01  3.28169703e-01
  4.50982153e-01  4.15448189e-01  5.10288358e-01  6.64934278e-01
  6.68213785e-01  6.58480287e-01  6.39549613e-01  6.82548761e-01
  6.19063199e-01  2.43467569e-01  5.98278403e-01 -6.31938457e-01
  6.45757914e-01  5.68918169e-01  6.93180203e-01  6.17486537e-01
  6.30188704e-01  6.43661737e-01  5.90342164e-01  5.57618141e-01
  4.61255789e-01  5.35673678e-01  5.92870355e-01  6.43005133e-01
  6.70777321e-01  4.73702192e-01  5.46966672e-01  6.77070022e-01
 -2.54673600e-01  4.75496054e-02 -3.06968212e-01  2.25830257e-01
  3.80346000e-01  3.79424930e-01  1.24489665e-02  3.40770304e-01
  2.86290824e-01  4.59120810e-01  4.72500682e-01  3.02699804e-02
  1.64515197e-01  1.96375549e-01  3.53552103e-01  2.71133959e-01
  6.01060390e-02  3.21143925e-01  2.61225343e-01  2.74529457e-02
  3.13583136e-01  2.86668837e-01  2.87871480e-01  3.58319938e-01
  2.36855745e-01  2.09304452e-01  1.68089032e-01  1.84497058e-01
  3.90260100e-01  3.92938256e-01  1.61218286e-01  5.17084241e-01
  4.14688826e-01  4.75819111e-02  2.69495308e-01 -3.18998575e-01
  7.96934962e-02  3.80146503e-02  1.14397109e-01  4.00122762e-01
  1.29681230e-01  1.69819951e-01  6.59025908e-02  1.14304423e-02
  7.95974731e-02  5.53500652e-02  3.93137217e-01  3.38346541e-01
  2.27847338e-01  4.72936332e-01  1.56766951e-01  4.38398302e-01
  5.33309460e-01  6.21364355e-01  3.35328341e-01  4.17892873e-01
 -9.36654758e+00  4.16796684e-01  3.80507231e-01  5.94793797e-01
  5.35337090e-01  4.91864681e-01  4.10531819e-01  5.28323829e-01
  3.31255674e-01  1.34064376e-01  3.88902426e-01  4.75589752e-01
  5.30711293e-01  5.47627211e-01  2.75450408e-01  4.64404702e-01
  4.24670458e-01  1.13698602e-01  5.28368831e-01  5.19040346e-01
  6.07916355e-01  1.97002172e-01  3.52490366e-01  3.38864386e-01
  8.06327462e-02  5.18743157e-01  5.52456737e-01  3.98640037e-01
  3.99212956e-01  4.10679460e-01  2.01044559e-01  3.76517594e-01
  5.59250832e-01  3.34138513e-01  3.92562628e-01  2.12264061e-03
 -3.74040246e-01  1.51868343e-01  1.97032094e-01  3.00412476e-01
  3.46069396e-01  3.82088840e-01  5.52570403e-01  4.13496912e-01
  3.78377438e-01  4.66360033e-01  4.35972035e-01  2.75442123e-01
  9.90719199e-02  3.95606756e-01  5.02834916e-01  4.43761230e-01
  5.07808506e-01  5.29668868e-01  2.24626005e-01  3.43061149e-01
  4.58439469e-01  4.27019835e-01  4.67799664e-01  4.55926359e-01
  3.08701575e-01  2.96945155e-01  3.98930073e-01  3.48061144e-01
  4.49539840e-01  1.01410270e-01  4.83237505e-01  4.77037787e-01
  3.72694731e-01  1.03179276e-01  2.74546385e-01  3.85506630e-01
  4.26660001e-01  5.36916614e-01  5.59547424e-01  4.21280742e-01
  2.71851897e-01  2.64001429e-01  4.94965374e-01  5.25295615e-01
  4.81304049e-01  5.44221997e-01  8.27825069e-03  1.56393886e-01
  4.36292708e-01  3.86860311e-01  5.01614869e-01  3.45251083e-01
  7.35664368e-02  3.57801318e-01  2.02287197e-01  4.19352651e-01
  4.59719241e-01  5.03930748e-01  4.07409072e-01  3.61549437e-01
  2.58980215e-01  3.38380098e-01  5.74539423e-01  6.30289197e-01
  5.34957290e-01]","[0.55546614 0.41259431 0.5683236  0.60608045 0.44731856 0.35881835
 0.62198168 0.79589856 0.53062036 0.69171704 0.6563674  0.64142181
 0.52768142 0.61704558 0.48649052 0.72298816 0.57981919 0.66526597
 0.58697549 0.67283279 0.62235645 0.6577715  0.73783001 0.66739661
 0.69097628 0.59704711 0.68371047 0.60920683 0.65438345 0.73006236
 0.64037167 0.66710503 0.70613249 0.66953546 0.87327036 0.71291957
 0.68380661 0.72681893 0.63620329 0.73243273 0.65306566 0.66111749
 0.63496122 0.7316535  0.75500806 0.77241323 0.61278824 0.57549677
 0.60812812 0.79811408 0.77532353 0.78047487 0.70113413 0.74359704
 0.66668304 0.59252296 0.74862528 0.72957452 0.75021795 0.83056398
 0.83199928 0.83127204 0.80957839 0.84237651 0.80170385 0.50368955
 0.79858143 0.52588703 0.82547616 0.80871578 0.86757153 0.81770133
 0.80528899 0.81715924 0.79969856 0.81747933 0.74849983 0.76067487
 0.80868739 0.81860869 0.83821418 0.76137683 0.79612627 0.83988257
 0.22103005 0.36680978 0.15411364 0.52432013 0.668818   0.6628216
 0.36370636 0.64604557 0.58296119 0.69183827 0.70586933 0.40317262
 0.41456715 0.49235997 0.64447383 0.57229454 0.35327552 0.58612245
 0.53140482 0.34506342 0.64496345 0.57177241 0.56275737 0.62634114
 0.51216892 0.50533547 0.61448116 0.66928615 0.64103822 0.66237946
 0.56628311 0.75160629 0.69491824 0.38053063 0.57975593 0.23848752
 0.58628919 0.52266734 0.55726783 0.66624102 0.50164229 0.50002928
 0.43676303 0.58465697 0.61051341 0.59378046 0.66717761 0.65408697
 0.60584273 0.71266249 0.60977528 0.72130612 0.76081383 0.82359499
 0.64604303 0.72545861 0.13413701 0.72519804 0.72554066 0.79364388
 0.75335939 0.71772865 0.66219191 0.74159873 0.68411384 0.57398712
 0.75266211 0.77084255 0.75043474 0.75685389 0.58009896 0.69715884
 0.70932654 0.60838765 0.78799343 0.75797399 0.79445407 0.5727982
 0.62924675 0.65291762 0.50913733 0.76463733 0.79891149 0.64564025
 0.64942164 0.70141409 0.64003637 0.65192758 0.77259132 0.60800308
 0.65579282 0.60754445 0.38078755 0.58741559 0.58931602 0.65914981
 0.68341798 0.70081991 0.76633388 0.68992047 0.68347964 0.71420924
 0.71646702 0.64020092 0.55201412 0.69894992 0.76289304 0.73307042
 0.7386967  0.74354739 0.62868502 0.66519595 0.70368386 0.73196438
 0.74001253 0.72094485 0.58243097 0.63224896 0.74130956 0.6033924
 0.75330004 0.65628924 0.71823303 0.7185818  0.68531914 0.56900263
 0.62842396 0.63052234 0.76504405 0.81125947 0.79171773 0.68614561
 0.60704716 0.56449611 0.72038931 0.80933613 0.79496972 0.79077149
 0.52655072 0.61562713 0.6829254  0.64932891 0.75091568 0.74451512
 0.43789199 0.62842    0.68443425 0.68192879 0.72682746 0.83502388
 0.78024158 0.76638209 0.67694334 0.64776598 0.79593894 0.81565742
 0.75450157]","[ 2.78984714e-01  1.08288129e-01  2.99851672e-01  2.68958577e-01
 -3.55922089e-02 -1.60839132e-01  3.58143285e-01  5.84622380e-01
  2.68700173e-01  4.47685623e-01  3.98165803e-01  3.46817944e-01
  1.79384460e-01  2.43780157e-01  1.49665863e-02  4.73389513e-01
  3.19865402e-01  4.19428045e-01  3.37732112e-01  3.77829332e-01
  3.27103499e-01  3.60203821e-01  5.26233061e-01  2.74810716e-01
  4.51209331e-01  3.51901520e-01  4.54911235e-01  3.11485367e-01
  3.94007728e-01  4.96590968e-01  1.14758244e-01  4.33249076e-01
  4.97893829e-01  4.42550688e-01  6.94771034e-01  4.61087531e-01
  3.94814162e-01  3.39834903e-01  3.92404830e-01  5.27002038e-01
  4.01391919e-01  3.97921641e-01  1.74104749e-01  4.69145169e-01
  5.25725828e-01  5.70978856e-01 -2.73770953e-02  3.12150755e-01
  3.61477250e-01  5.82363205e-01  4.58190300e-01  5.56859428e-01
  2.96074690e-01  4.93594406e-01  4.28247319e-01  3.41336298e-01
  4.63403179e-01  4.25061388e-01  5.45174432e-01  6.82902547e-01
  6.84396580e-01  6.64832150e-01  6.52476527e-01  6.90711311e-01
  6.35932074e-01  2.48643446e-01  6.16652433e-01 -6.49800939e-01
  6.75542273e-01  6.36354629e-01  7.42946453e-01  6.45690000e-01
  6.42672039e-01  6.49073705e-01  6.19024968e-01  6.32320253e-01
  5.34922274e-01  5.78141884e-01  6.53493242e-01  6.49240544e-01
  6.90921730e-01  5.15526470e-01  6.17033670e-01  7.04811485e-01
 -3.13653717e-01  5.43805515e-02 -3.90338648e-01  2.29517350e-01
  3.87186174e-01  3.92101614e-01  1.33399320e-02  3.48827775e-01
  3.07157926e-01  4.71125340e-01  4.92155351e-01  3.58956578e-02
  1.69988629e-01  2.06183371e-01  4.08143390e-01  3.10072793e-01
  7.20449436e-02  3.35644459e-01  2.66071805e-01  2.96327175e-02
  3.85882967e-01  3.19111644e-01  3.10675500e-01  3.73544164e-01
  2.41933378e-01  2.20908672e-01  2.10375868e-01  2.38266546e-01
  3.97034410e-01  4.06356173e-01  1.69676012e-01  5.38582697e-01
  4.52535515e-01  4.93718155e-02  2.80157126e-01 -3.86273980e-01
  9.38447626e-02  4.83229066e-02  1.32482664e-01  4.19269918e-01
  1.31821059e-01  1.80266681e-01  7.24714910e-02  1.41773464e-02
  1.01247025e-01  7.06851603e-02  4.13090744e-01  3.43735774e-01
  2.56501198e-01  5.02775741e-01  2.02944042e-01  4.56968423e-01
  5.56407494e-01  6.27528588e-01  3.82249042e-01  4.67052821e-01
 -1.04613226e+01  4.39210163e-01  4.59636173e-01  6.06979597e-01
  5.45998921e-01  4.95394787e-01  4.24858835e-01  5.43225897e-01
  3.72858319e-01  1.47582633e-01  4.22189910e-01  5.24152166e-01
  5.42268804e-01  5.61995979e-01  2.97555712e-01  4.77914766e-01
  4.49390462e-01  1.37415245e-01  5.64734468e-01  5.32584926e-01
  6.29092146e-01  2.24258913e-01  3.72059163e-01  3.61994226e-01
  1.02793407e-01  5.51262678e-01  5.88132590e-01  4.07061758e-01
  4.12213163e-01  4.60977437e-01  2.40819123e-01  3.97963781e-01
  5.80889073e-01  3.40964002e-01  4.04216596e-01  2.43325495e-03
 -4.57311907e-01  1.82707432e-01  2.49099945e-01  3.71077610e-01
  3.89626736e-01  4.36043264e-01  5.69863178e-01  4.27428086e-01
  3.91368629e-01  4.79688006e-01  4.51252359e-01  3.10686177e-01
  1.09278691e-01  4.31092800e-01  5.15497835e-01  4.60634903e-01
  5.16061363e-01  5.35041143e-01  2.56916041e-01  3.72198942e-01
  4.71391473e-01  4.53260794e-01  4.86009343e-01  4.73255783e-01
  3.16506930e-01  3.31524948e-01  4.59326136e-01  3.52905313e-01
  4.72475483e-01  1.30368769e-01  5.02669843e-01  4.89297454e-01
  4.12833411e-01  1.26448102e-01  2.93477522e-01  3.91660664e-01
  4.68031090e-01  5.79550972e-01  5.81846499e-01  4.42865145e-01
  3.02264990e-01  2.71289526e-01  5.01974374e-01  5.41004670e-01
  5.03631030e-01  5.66900915e-01  1.00354827e-02  1.94090358e-01
  4.43198043e-01  3.97580806e-01  5.35410444e-01  3.68632831e-01
  7.95913949e-02  3.71884229e-01  2.59526568e-01  4.25093135e-01
  4.70036317e-01  5.16575707e-01  4.28378064e-01  3.83367665e-01
  2.80924972e-01  3.49882876e-01  5.86792258e-01  6.39172099e-01
  5.45882986e-01]",0.6315038122635918,0.6425425114408548
TVSD,Model B (Qwen3),features/visual-blocks-10,monkeyF/IT,100000.0,0.6763486862182617,0.7006482655078238,0.16760963201522827,0.1501143346697573,"[ 0.6269001   0.49116233  0.5298305   0.52408636  0.3584977   0.30180383
  0.7123025   0.17727987  0.57397527  0.66382515  0.6588159   0.6204408
  0.6058377   0.7261427   0.7115935   0.78804183  0.5941003   0.6002803
  0.6151597   0.41575176  0.61818874  0.74131286  0.7728473   0.5676653
  0.74531484  0.604658    0.73315114  0.71249235  0.74685884  0.75631756
  0.6063754   0.67019975  0.71267897  0.64970046  0.82299817  0.7677004
  0.7392918   0.76319003  0.666427    0.707887    0.63489574  0.6760691
  0.6076538   0.8046201   0.69560486  0.77175564  0.65923566  0.65062726
  0.6794134   0.8412483   0.79813486  0.74543875  0.6338894   0.70156157
  0.2976436   0.67158663  0.76973385  0.73645586  0.7433219   0.8292872
  0.8298098   0.79399663  0.56476384  0.3410571   0.81858164  0.62381643
  0.8279388   0.82563394  0.8203999   0.7514768   0.8091215   0.7986607
  0.26225853  0.8044158   0.8070177   0.7754735   0.75024736  0.7765802
  0.78097916  0.80924094  0.8654183   0.79856133  0.7764893   0.8031537
  0.2843748   0.4405409  -0.00219249  0.5837701   0.7492856   0.69013864
  0.48952234  0.7435644   0.6642825   0.8004183   0.6350029   0.37577638
  0.5304718   0.586192    0.71336186  0.17118162  0.4858756   0.622478
  0.6421378   0.454887    0.6290623   0.6885317   0.69525313  0.6880649
  0.5652867   0.5024499   0.60587114  0.5541973   0.71778756  0.6788023
  0.5229541   0.76595867  0.71905607  0.49876314  0.6616802   0.33252382
  0.5602448   0.5337426   0.5296731   0.6602095   0.65372044  0.37510002
  0.20816389  0.5190156   0.2042341   0.530417    0.5356917   0.68529034
  0.6896372   0.7345357   0.7035232   0.78973657  0.8410102   0.80420965
  0.7051992   0.75985897  0.72795385  0.8059755   0.73295724  0.81907445
  0.80505556  0.68880874  0.7155012   0.4115299   0.7584992   0.64025337
  0.76532865  0.7805306   0.8130865   0.78637767  0.65699434  0.77404755
  0.7873517   0.68862927  0.7701317   0.79996514  0.80644697  0.62244546
  0.7343241   0.40704063  0.6739268   0.82756853  0.8414163   0.79263794
  0.77843314  0.7685166   0.74393326  0.3322265   0.8291675   0.6909427
  0.736257    0.7274826   0.5346897   0.6652497   0.6535888   0.72204965
  0.74563164  0.75601214  0.79179054  0.7497925   0.75497204  0.7293445
  0.7775159   0.48438144  0.7220975   0.2077113   0.8139544   0.78176415
  0.76447266  0.7751186   0.6679084   0.75059205  0.79839486  0.8039246
  0.7810641   0.7839257   0.70240337  0.7284681   0.7204915   0.7263121
  0.7994166   0.685714    0.76269704  0.8086638   0.76048565  0.6372213
  0.6323598   0.65458083  0.80762064  0.80567586  0.83028644  0.7360266
  0.6975257   0.5841029   0.7502431   0.85478085  0.81848085  0.8445266
  0.6511603   0.668299    0.7180103   0.6976937   0.77885085  0.83146316
  0.5215114   0.61139745  0.67598397  0.6794977   0.7667016   0.86538947
  0.82758486  0.7815721   0.70771104  0.726692    0.8484222   0.7756272
  0.78673506]","[ 3.45608592e-01  2.00335979e-01  2.69985139e-01  1.65172398e-01
 -8.63744020e-02 -1.49595618e-01  4.65973437e-01 -1.93796597e+01
  3.13743532e-01  4.06537116e-01  3.96399677e-01  3.33244145e-01
  2.80383825e-01  4.42202985e-01  4.37057555e-01  5.97058773e-01
  3.42383146e-01  3.38867843e-01  3.51016462e-01 -1.74979448e-01
  3.40321898e-01  5.07128119e-01  5.87056994e-01  2.26738274e-01
  5.35176933e-01  3.57118070e-01  5.00882864e-01  4.61862922e-01
  5.12574434e-01  5.31978607e-01  2.28935897e-01  4.41968381e-01
  5.00805736e-01  4.09327865e-01  6.13885999e-01  5.43770313e-01
  5.02095759e-01  4.75618899e-01  4.43344474e-01  4.94177997e-01
  3.72340560e-01  4.33079123e-01  2.50969410e-01  5.59590638e-01
  4.59221959e-01  5.64184666e-01  2.90643334e-01  3.99822295e-01
  4.35891986e-01  6.74436569e-01  5.54358363e-01  5.17959416e-01
  3.38122845e-01  4.43256080e-01 -8.10744286e-01  4.34281886e-01
  5.13826728e-01  4.60961699e-01  5.40754318e-01  6.63154185e-01
  6.52494669e-01  5.70608974e-01  2.07883537e-01 -7.80321836e-01
  6.24307096e-01  3.75184357e-01  6.53411984e-01  6.59924030e-01
  6.59177601e-01  5.61489105e-01  6.19772196e-01  5.67555189e-01
 -1.77892160e+00  5.73853254e-01  6.39599144e-01  5.99413514e-01
  5.56453168e-01  5.61674476e-01  5.74499607e-01  5.76137006e-01
  7.34467983e-01  6.25119805e-01  5.91818929e-01  6.07427478e-01
 -9.33468342e-02  1.93044245e-01 -2.54435444e+01  3.01112235e-01
  4.92242038e-01  4.55236852e-01  1.94843769e-01  4.84236181e-01
  4.38217521e-01  6.33214295e-01  8.03976059e-02  1.17985904e-01
  2.67922938e-01  3.21726859e-01  4.93373930e-01 -6.26771784e+00
  2.33229995e-01  3.62406790e-01  4.04532731e-01  1.86744750e-01
  3.92091811e-01  4.53016460e-01  4.56680596e-01  4.27745521e-01
  2.91911840e-01  2.39358604e-01  3.49150240e-01  2.58603752e-01
  4.76885557e-01  4.09618139e-01  1.75230980e-01  5.65917611e-01
  5.11708915e-01  1.70389831e-01  4.08806562e-01  2.28101015e-02
  2.48758793e-01  2.29520977e-01  2.60105729e-01  4.01087403e-01
  3.64622176e-01  9.91436243e-02 -1.37157798e-01  1.50752604e-01
 -1.57654738e+00  2.03494072e-01  2.80646622e-01  4.37231004e-01
  4.66520905e-01  5.28655767e-01  4.88543928e-01  6.08129978e-01
  7.04681933e-01  6.12303615e-01  4.92629766e-01  5.76658726e-01
  5.25952220e-01  6.20611668e-01  5.21705389e-01  6.51618242e-01
  6.30351663e-01  4.47208047e-01  5.08116484e-01 -7.37547874e-01
  5.52926242e-01  3.90397608e-01  5.31623185e-01  5.91976225e-01
  6.40684247e-01  6.11058891e-01  4.30831432e-01  5.95192790e-01
  6.12598479e-01  4.48980451e-01  5.81663311e-01  6.21192455e-01
  6.28153622e-01  3.80988538e-01  5.37424088e-01 -1.08669281e+00
  4.42759752e-01  6.74892247e-01  6.94235861e-01  6.20542288e-01
  6.03816032e-01  5.85343897e-01  5.31131029e-01 -2.69414020e+00
  6.74606442e-01  4.67469990e-01  5.34332633e-01  4.90732610e-01
  2.42202044e-01  4.19288337e-01  4.23374653e-01  5.13291001e-01
  5.32313704e-01  5.68643093e-01  6.14462733e-01  5.48296154e-01
  5.54411411e-01  5.21495938e-01  5.94531596e-01 -8.50032568e-02
  5.19215226e-01 -4.42741156e+00  6.42595828e-01  5.78622758e-01
  5.69435477e-01  5.78288198e-01  4.22887802e-01  5.51416636e-01
  6.06755137e-01  6.31774545e-01  5.96821249e-01  6.05634689e-01
  4.69266236e-01  5.11449575e-01  4.96141851e-01  4.89326537e-01
  6.11104727e-01  4.04377282e-01  5.66965580e-01  6.23845577e-01
  5.49602687e-01  3.87353122e-01  3.65514934e-01  4.05830801e-01
  6.05243683e-01  6.15840554e-01  6.67599678e-01  4.99061108e-01
  4.59150612e-01  3.12139571e-01  5.35530686e-01  6.75158024e-01
  6.15091681e-01  6.83321595e-01  4.20857668e-01  4.10910249e-01
  4.98170078e-01  4.59909499e-01  5.54380596e-01  5.90475321e-01
  2.28737116e-01  3.42495322e-01  4.43555295e-01  4.36866403e-01
  5.58379292e-01  6.31040454e-01  5.71179688e-01  4.86089468e-01
  3.90223324e-01  4.54871833e-01  6.80256248e-01  5.83482444e-01
  5.72191715e-01]","[ 0.63487137  0.49896886  0.53656673  0.5324335   0.36893095  0.31842626
  0.73136091  0.18890048  0.58542431  0.67493425  0.66750491  0.62924907
  0.6153404   0.75154651  0.75956552  0.8482607   0.61141312  0.62805718
  0.62561542  0.42242147  0.6258476   0.76738669  0.79700351  0.61885157
  0.76551629  0.60988825  0.73929034  0.73248473  0.76611328  0.78342792
  0.65596941  0.67653152  0.72031054  0.65517561  0.83162766  0.79400414
  0.77271953  0.79819968  0.68099192  0.7119186   0.6431528   0.71176524
  0.65644354  0.82837531  0.70464837  0.77955596  0.74347873  0.67039568
  0.69627571  0.87419391  0.81197453  0.7537915   0.67096418  0.72562041
  0.30684785  0.68492661  0.78026192  0.74492768  0.76831062  0.84041724
  0.83979784  0.79781698  0.57044294  0.34309037  0.82965946  0.63041241
  0.84055628  0.83722139  0.83910631  0.79476786  0.83766316  0.81669631
  0.26484332  0.80779054  0.82639034  0.82578511  0.80793961  0.80677677
  0.81993632  0.8131552   0.87831707  0.83306918  0.82472562  0.81944225
  0.31559082  0.47112331 -0.00247236  0.58851636  0.75599316  0.70157277
  0.50673707  0.75230381  0.68806578  0.81081498  0.6480755   0.40920824
  0.53922402  0.60065211  0.76646011  0.18306149  0.5319463   0.63637616
  0.64806718  0.47260117  0.69782273  0.72644882  0.72226594  0.70253001
  0.57131378  0.51619042  0.67781089  0.62979793  0.7239906   0.69029478
  0.5364962   0.78171939  0.75115217  0.50805761  0.67464202  0.36591155
  0.60795497  0.60177327  0.57000665  0.67582146  0.65909179  0.38646526
  0.21829196  0.57802467  0.2303402   0.59940797  0.54911784  0.69072648
  0.73171741  0.75735365  0.80045944  0.80628933  0.85902957  0.80818888
  0.7529218   0.80331062  0.76932062  0.82736263  0.80557186  0.82742228
  0.81303282  0.69127611  0.72787914  0.41729341  0.80472109  0.67175793
  0.7974098   0.81941209  0.82189228  0.79662745  0.68284804  0.7852258
  0.80994343  0.75705141  0.79619337  0.81033564  0.82037238  0.66411097
  0.7544321   0.42070301  0.76092108  0.85311401  0.86815927  0.80096687
  0.79100628  0.81421968  0.81420413  0.34155719  0.84505611  0.69796402
  0.74710568  0.7788937   0.59121974  0.7296745   0.73489097  0.80249153
  0.79116507  0.80762803  0.8040847   0.76231856  0.76782325  0.73969294
  0.79102407  0.51443828  0.7583825   0.21682714  0.82413962  0.79648847
  0.7706597   0.77903957  0.71430301  0.78181817  0.80959458  0.82825751
  0.79612091  0.79868499  0.71122788  0.76971604  0.77310961  0.73134889
  0.81955614  0.7774793   0.77788099  0.81898902  0.8003903   0.70542393
  0.65379834  0.65978484  0.84587034  0.8370526   0.8466691   0.7546463
  0.73550891  0.59211049  0.7555364   0.86746788  0.83724971  0.86194362
  0.71694817  0.74449694  0.72367008  0.70729473  0.8046602   0.85915692
  0.54244659  0.6233135   0.7656726   0.68413271  0.77525705  0.87617966
  0.84861519  0.80480922  0.73708547  0.73894026  0.85742138  0.78107368
  0.79472839]","[ 3.54453584e-01  2.06754867e-01  2.76893912e-01  1.70475713e-01
 -9.14750107e-02 -1.66527946e-01  4.91242237e-01 -2.20035821e+01
  3.26384808e-01  4.20257743e-01  4.06924695e-01  3.42773325e-01
  2.89248568e-01  4.73684784e-01  4.97972272e-01  6.91794706e-01
  3.62628849e-01  3.70954437e-01  3.63050160e-01 -1.80638711e-01
  3.48806765e-01  5.43429421e-01  6.24328772e-01  2.69471701e-01
  5.64581604e-01  3.63322869e-01  5.09306486e-01  4.88146122e-01
  5.39344033e-01  5.70799906e-01  2.67915555e-01  4.50358890e-01
  5.11588699e-01  4.16255895e-01  6.26827218e-01  5.81671152e-01
  5.48527704e-01  5.20255676e-01  4.62935007e-01  4.99822980e-01
  3.82088400e-01  4.80019241e-01  2.92889040e-01  5.93120576e-01
  4.71240201e-01  5.75647001e-01  3.69671602e-01  4.24487511e-01
  4.57797257e-01  7.28296619e-01  5.73750202e-01  5.29632058e-01
  3.78831634e-01  4.74178756e-01 -8.61662064e-01  4.51705839e-01
  5.27978629e-01  4.71628052e-01  5.77723211e-01  6.81074352e-01
  6.68296779e-01  5.76113208e-01  2.12085388e-01 -7.89653647e-01
  6.41318862e-01  3.83160400e-01  6.73479250e-01  6.78577557e-01
  6.89580918e-01  6.28044965e-01  6.64268183e-01  5.93478057e-01
 -1.81416006e+00  5.78678266e-01  6.70675185e-01  6.79714803e-01
  6.45323488e-01  6.06204025e-01  6.33244026e-01  5.81723978e-01
  7.56525114e-01  6.80313099e-01  6.67631548e-01  6.32315490e-01
 -1.14965122e-01  2.20776859e-01 -3.23538344e+01  3.06028444e-01
  5.01094560e-01  4.70446432e-01  2.08788627e-01  4.95685884e-01
  4.70158221e-01  6.49770809e-01  8.37419151e-02  1.39913590e-01
  2.76836752e-01  3.37795253e-01  5.69554832e-01 -7.16785453e+00
  2.79556632e-01  3.78770457e-01  4.12037947e-01  2.01572336e-01
  4.82492629e-01  5.04285115e-01  4.92856995e-01  4.45919488e-01
  2.98169747e-01  2.52629081e-01  4.36987375e-01  3.33970759e-01
  4.85163550e-01  4.23605634e-01  1.84423831e-01  5.89446379e-01
  5.58410169e-01  1.76799441e-01  4.24979835e-01  2.76206522e-02
  2.92931180e-01  2.91759114e-01  3.01227018e-01  4.20280720e-01
  3.70638692e-01  1.05242593e-01 -1.50829125e-01  1.86980681e-01
 -2.00534924e+00  2.59873426e-01  2.94890733e-01  4.44195283e-01
  5.25190123e-01  5.62010734e-01  6.32448860e-01  6.33889767e-01
  7.35202238e-01  6.18377961e-01  5.61560815e-01  6.44495520e-01
  5.87426243e-01  6.53985413e-01  6.30197403e-01  6.64968230e-01
  6.42905813e-01  4.50417653e-01  5.25849076e-01 -7.58351382e-01
  6.22368657e-01  4.29762988e-01  5.77126625e-01  6.52422849e-01
  6.54636682e-01  6.27091994e-01  4.65406293e-01  6.12507629e-01
  6.48257744e-01  5.42634276e-01  6.21697006e-01  6.37402738e-01
  6.50034346e-01  4.33701185e-01  5.67259636e-01 -1.16086712e+00
  5.64445412e-01  7.17200607e-01  7.39067348e-01  6.33651945e-01
  6.23479054e-01  6.57033906e-01  6.36209749e-01 -2.84759660e+00
  7.00707962e-01  4.77019058e-01  5.50195314e-01  5.62543441e-01
  2.96122890e-01  5.04430967e-01  5.35255961e-01  6.34030918e-01
  5.99312317e-01  6.48940677e-01  6.33692439e-01  5.66768866e-01
  5.73446544e-01  5.36399625e-01  6.15369252e-01 -9.58798044e-02
  5.72706782e-01 -4.82455169e+00  6.58778354e-01  6.00624436e-01
  5.78689890e-01  5.84153605e-01  4.83678014e-01  5.98251037e-01
  6.23897411e-01  6.70597964e-01  6.20053252e-01  6.28654417e-01
  4.81131383e-01  5.71008791e-01  5.71255302e-01  4.96136777e-01
  6.42283454e-01  5.19850392e-01  5.89764860e-01  6.39878141e-01
  6.08794098e-01  4.74708383e-01  3.90718738e-01  4.12309279e-01
  6.63931139e-01  6.64741941e-01  6.94204849e-01  5.24630603e-01
  5.10517516e-01  3.20756583e-01  5.43114115e-01  6.95348740e-01
  6.43624872e-01  7.11797097e-01  5.10193517e-01  5.09954191e-01
  5.06054765e-01  4.72654300e-01  5.91731185e-01  6.30464609e-01
  2.47470272e-01  3.55975795e-01  5.69064109e-01  4.42846631e-01
  5.70910510e-01  6.46874934e-01  6.00577812e-01  5.15423245e-01
  4.23289001e-01  4.70334591e-01  6.94763638e-01  5.91705681e-01
  5.83877869e-01]",0.5817661562033349,0.5160993446717664
TVSD,Model B (Qwen3),features/visual-blocks-14,monkeyF/IT,100000.0,0.6597285866737366,0.6835607142800699,0.12352284789085388,0.12307911099010517,"[ 0.64131755  0.49621308  0.55427426  0.55320734  0.11087374  0.3361292
  0.7059223   0.76631355  0.56666946  0.69711757  0.6665267   0.63508093
  0.55420077  0.6660388   0.68947494  0.7884134   0.19108154  0.64954686
  0.6543293   0.472689    0.6284192   0.6879362   0.27277172  0.46413046
  0.7570722   0.61896217  0.7946452   0.69345903  0.7303473   0.75182354
  0.574185    0.6956962   0.709443    0.67893034  0.8692076   0.7643039
  0.723827    0.76176417  0.6727701   0.74720836  0.6766741   0.707341
  0.6421052   0.8014886   0.72172344  0.79798424  0.6728358   0.6460015
  0.30392247  0.8389407   0.80348414  0.76612914  0.68326986  0.7603817
  0.725703    0.6510441   0.78064644  0.75453377  0.1597802   0.8295371
  0.84872496  0.8183119   0.833126    0.8355921   0.8418053   0.6572958
  0.83883417  0.8444083   0.83590966  0.78123355  0.8387111   0.8151709
  0.8300266   0.82175565  0.82217216  0.79256546  0.7489405   0.8004728
  0.41573322  0.8310876   0.8740955   0.80817395  0.8007509   0.5142655
  0.29993534  0.4228147   0.0761513   0.6009684   0.6979748   0.6741079
  0.4794427   0.68540794  0.6818809   0.7784201   0.44214025  0.3839531
  0.54077345  0.6062775   0.67456144  0.6942998   0.50207555  0.6145549
  0.6396843   0.42464653  0.62251025  0.11520632  0.6897104   0.7017729
  0.24166678  0.5090169   0.6294733   0.62132305  0.72085696  0.73168206
  0.5443609   0.7861529   0.68710417  0.499683    0.65480614  0.34827226
  0.5767705   0.56061095  0.6080307   0.71710396  0.66618454  0.47233093
  0.41933435  0.55589205  0.56080085  0.54755193  0.6656889   0.5133577
  0.7057944   0.72796685  0.68769383  0.7644419   0.8404007   0.45044968
  0.67309946  0.76763713  0.71644974  0.42853072  0.45188338  0.8412151
  0.8118333   0.73853433  0.5799436   0.49324486  0.744032    0.63536453
  0.7571576   0.75755787  0.81822795  0.7910655   0.62328374  0.76291466
  0.48796886  0.6868715   0.7927777   0.6473446   0.8118238  -0.07514568
  0.7005201   0.7456084   0.6478746   0.82981     0.22239244  0.7596933
  0.72637874  0.730224    0.6997211   0.62085193  0.83037     0.6540293
  0.63601774  0.66654485  0.43646553  0.6454432   0.56099385  0.73327225
  0.71189725  0.70521057  0.7924289   0.72222537  0.7195645   0.71152574
  0.76652193  0.44146708  0.69767565  0.73151255  0.78219277  0.75169444
  0.73295057  0.7552914   0.6308446   0.72193736  0.785149    0.77142584
  0.72532105  0.7334121   0.6319699   0.6812945   0.69914097  0.73784596
  0.76261795  0.6396168   0.76284224  0.21035512  0.70422184  0.6091578
  0.6377769   0.6331781   0.77422273  0.8008192   0.42479897  0.69792724
  0.68960965  0.5621222   0.75174165  0.8128035   0.7909708   0.8279132
  0.5959212   0.65860015  0.6964916   0.68186975  0.7472392   0.80769974
  0.5001893   0.61682606  0.6502132   0.6769329   0.7512825   0.84765947
  0.7844878   0.7582446   0.7083364   0.6961952   0.824558    0.77687925
  0.7628494 ]","[ 3.62873912e-01  2.13832140e-01  2.95645595e-01  1.89197004e-01
 -6.58390760e-01 -1.11156225e-01  4.57199991e-01  5.81416965e-01
  3.14364314e-01  4.56333458e-01  4.17473137e-01  3.49426150e-01
  2.24214613e-01  3.57860386e-01  4.05126572e-01  5.94332218e-01
 -2.20511246e+00  3.97310555e-01  3.90994310e-01 -1.63390636e-01
  3.54284883e-01  4.31265473e-01 -1.42244077e+00 -5.84686995e-02
  5.56216836e-01  3.74427199e-01  5.87756217e-01  4.34879839e-01
  4.89071190e-01  5.17427504e-01  1.37078345e-01  4.78793025e-01
  4.96961415e-01  4.42063034e-01  6.77247703e-01  5.30981064e-01
  4.61387098e-01  4.62359786e-01  4.52157259e-01  5.37860155e-01
  4.23261583e-01  4.62762833e-01  2.82618999e-01  5.53687096e-01
  4.99440968e-01  6.08050585e-01  2.86206484e-01  3.94301414e-01
 -7.21179485e-01  6.73817456e-01  5.59647083e-01  5.53325534e-01
  3.84470224e-01  5.13609529e-01  4.83849108e-01  4.13009822e-01
  5.24785519e-01  4.80871916e-01 -1.53078003e+01  6.65675044e-01
  6.81802213e-01  6.07124090e-01  6.67492390e-01  6.49826288e-01
  6.64303303e-01  4.15849507e-01  6.74803019e-01  6.88076198e-01
  6.84101582e-01  6.05597258e-01  6.66260481e-01  5.98311722e-01
  6.56318307e-01  6.02410793e-01  6.57129407e-01  6.23539448e-01
  5.52287102e-01  5.94092011e-01 -1.90916896e-01  6.11289501e-01
  7.43421435e-01  6.42284155e-01  6.32252693e-01 -8.10802579e-01
  1.39982700e-02  1.75140738e-01 -1.81174397e-01  3.15831006e-01
  4.28249776e-01  4.27865863e-01  1.78148448e-01  4.12430108e-01
  4.61518168e-01  5.96604466e-01  6.95417523e-02  1.14438474e-01
  2.82983601e-01  3.43320429e-01  4.45304036e-01  4.70808029e-01
  2.50386477e-01  3.65262926e-01  3.96126390e-01  1.61807775e-01
  3.83539259e-01 -1.29957952e+01  4.49704707e-01  4.39882219e-01
 -5.91683388e-03  2.45701373e-01  3.71252775e-01  3.51837039e-01
  4.77386653e-01  4.59360361e-01  2.01600254e-01  6.06049061e-01
  4.54039991e-01  1.70812309e-01  4.00631905e-01  5.07846475e-02
  2.72946358e-01  2.79267490e-01  3.61592829e-01  4.73014474e-01
  3.70540500e-01  1.83896184e-01  1.23292446e-01  2.03801870e-01
  2.40542173e-01  2.14939296e-01  4.24889624e-01 -2.88009644e-02
  4.93624687e-01  5.27565360e-01  4.61831450e-01  5.62651157e-01
  7.03878462e-01 -6.82824373e-01  4.49946284e-01  5.88853002e-01
  5.04264534e-01 -8.81434321e-01 -4.98257637e-01  6.82917774e-01
  6.34973764e-01  5.07895648e-01  2.82560289e-01 -2.51354218e-01
  5.27542114e-01  3.77461493e-01  5.07419884e-01  5.36614835e-01
  6.43597722e-01  6.15215659e-01  3.85934472e-01  5.79365849e-01
 -4.00704145e-01  4.32732522e-01  6.11804366e-01  3.17207515e-01
  6.40407205e-01 -2.48913918e+01  4.87006426e-01  5.31825781e-01
  4.06004608e-01  6.72901988e-01 -5.39932108e+00  5.65766037e-01
  5.25274277e-01  5.23701668e-01  4.55445409e-01  3.63503397e-01
  6.75289273e-01  4.11110878e-01  3.78365040e-01  3.84527326e-01
 -1.92069650e-01  3.96491766e-01  2.57586062e-01  5.26636183e-01
  4.81567442e-01  4.89120841e-01  6.15073919e-01  4.97806370e-01
  4.89161313e-01  4.88007963e-01  5.61927676e-01 -2.38042355e-01
  4.78999078e-01  5.15879810e-01  5.84184766e-01  5.17937243e-01
  5.14890552e-01  5.42423606e-01  3.54814053e-01  5.02061129e-01
  5.87088764e-01  5.70639968e-01  5.02873898e-01  5.20400405e-01
  3.82987380e-01  4.41600740e-01  4.40358937e-01  5.04888535e-01
  5.40934801e-01  3.19274366e-01  5.57079434e-01 -7.56507397e-01
  4.71985638e-01  3.42877150e-01  3.64307106e-01  3.88601899e-01
  5.48038661e-01  5.79693496e-01 -3.69151235e-01  4.57076788e-01
  4.41763043e-01  2.74715006e-01  5.36783397e-01  5.93983233e-01
  5.55481911e-01  6.37647986e-01  3.37802708e-01  3.73716533e-01
  4.65384007e-01  4.33233380e-01  5.03547192e-01  5.45514822e-01
  2.09448159e-01  3.44586015e-01  4.02690172e-01  4.31926250e-01
  5.27972937e-01  5.82647324e-01  4.84394729e-01  4.22751248e-01
  3.76660287e-01  4.03309643e-01  6.42365575e-01  5.88965535e-01
  5.48999548e-01]","[ 0.64947217  0.50409989  0.56132125  0.56201829  0.11410047  0.35464215
  0.72481     0.81654501  0.57797278  0.70878381  0.67531736  0.64409706
  0.56289353  0.6893399   0.73595583  0.84866067  0.19664989  0.67960348
  0.66545079  0.48027214  0.63620483  0.71213262  0.2812975   0.50598103
  0.77759234  0.62431614  0.80129932  0.71291735  0.74917604  0.77877282
  0.62114625  0.70226882  0.71703989  0.68465181  0.87832164  0.79049132
  0.75655549  0.79670841  0.68747361  0.75146391  0.68547453  0.74468832
  0.69366114  0.82515135  0.73110651  0.80604966  0.75881686  0.6656294
  0.31146551  0.87179595  0.81741656  0.77471372  0.72323282  0.78645767
  0.74814445  0.663976    0.79132377  0.76321355  0.16515164  0.84067052
  0.85894069  0.82224928  0.84150368  0.84057363  0.85319739  0.6642458
  0.85161769  0.85625921  0.85496974  0.8262388   0.86829653  0.83357934
  0.83820726  0.82520312  0.84190861  0.843986    0.80653229  0.83159839
  0.43647102  0.83510752  0.88712358  0.84309718  0.85049437  0.52469517
  0.33285945  0.45216654  0.08587196  0.60585451  0.70422305  0.68527645
  0.49630295  0.69346379  0.70629425  0.78853101  0.45124244  0.41811241
  0.54969563  0.62123309  0.72477163  0.7424837   0.54968233  0.62827613
  0.64559102  0.44118307  0.69055451  0.12155068  0.71650784  0.71652624
  0.24424343  0.52293695  0.70421554  0.7060806   0.72708653  0.74406981
  0.55845731  0.80232914  0.71777404  0.5089946   0.66763327  0.38324125
  0.62588797  0.63206625  0.654331    0.73406132  0.67165831  0.48664219
  0.43973678  0.61909375  0.6324849   0.6187716   0.68237318  0.51742996
  0.7488605   0.75058074  0.78244898  0.7804645   0.85840699  0.4526785
  0.71864981  0.81153358  0.75716277  0.43990209  0.49665179  0.84978856
  0.81987775  0.74117982  0.58997645  0.50015279  0.7893723   0.66662853
  0.78889626  0.79529502  0.8270894   0.8013764   0.64781088  0.77393213
  0.50197029  0.75511902  0.81960573  0.65573656  0.82584204 -0.08017581
  0.71970244  0.77063485  0.73150594  0.85542469  0.2294608   0.76767607
  0.7381111   0.77364987  0.76581575  0.63828873  0.84628168  0.66067551
  0.64538939  0.71364948  0.4826108   0.70794987  0.63077784  0.81496441
  0.75537063  0.75335804  0.80473298  0.73429088  0.731813    0.72162136
  0.77983911  0.468861    0.73273345  0.76361652  0.79198053  0.76585241
  0.73888249  0.75911209  0.67466469  0.75197138  0.79616289  0.79477507
  0.73930329  0.74722033  0.63990957  0.71987132  0.75019979  0.74296273
  0.78183042  0.72521314  0.77802908  0.21304099  0.74117419  0.67435678
  0.6593991   0.63821197  0.81089067  0.83200682  0.43318081  0.71558313
  0.72716182  0.56982845  0.75704549  0.82486749  0.80910882  0.84498763
  0.65612819  0.73369223  0.70198175  0.69125301  0.77200098  0.83460201
  0.52026858  0.62884791  0.73648259  0.68155036  0.75966593  0.85822859
  0.80442294  0.78078814  0.7377368   0.70792941  0.83330405  0.78233452
  0.77060004]","[ 3.72160767e-01  2.20683453e-01  3.03211005e-01  1.95271695e-01
 -6.97270261e-01 -1.23737701e-01  4.81993025e-01  6.60138316e-01
  3.27030603e-01  4.71734712e-01  4.28557689e-01  3.59418058e-01
  2.31303485e-01  3.83337575e-01  4.61590921e-01  6.88635526e-01
 -2.33550454e+00  4.34930950e-01  4.04398546e-01 -1.68675089e-01
  3.63117873e-01  4.62136366e-01 -1.51275039e+00 -6.94883117e-02
  5.86777520e-01  3.80932738e-01  5.97640835e-01  4.59627515e-01
  5.14613313e-01  5.55186932e-01  1.60417922e-01  4.87882628e-01
  5.07661605e-01  4.49545120e-01  6.91524639e-01  5.67990490e-01
  5.04054458e-01  5.05752197e-01  4.72137212e-01  5.44004119e-01
  4.34342530e-01  5.12920276e-01  3.29825086e-01  5.86863301e-01
  5.12511777e-01  6.20404128e-01  3.64028336e-01  4.18626045e-01
 -7.57421565e-01  7.27628064e-01  5.79223925e-01  5.65795180e-01
  4.30759074e-01  5.49440240e-01  5.14236645e-01  4.29580313e-01
  5.39239249e-01  4.91998978e-01 -1.63543244e+01  6.83663331e-01
  6.98314093e-01  6.12980559e-01  6.80984097e-01  6.57597512e-01
  6.82404927e-01  4.24690050e-01  6.95527235e-01  7.07525479e-01
  7.15654470e-01  6.77381458e-01  7.14094053e-01  6.25639383e-01
  6.69319240e-01  6.07475919e-01  6.89057186e-01  7.07072802e-01
  6.40492065e-01  6.41191623e-01 -2.10438758e-01  6.17217357e-01
  7.65747451e-01  6.98992929e-01  7.13244919e-01 -8.44023441e-01
  1.72401435e-02  2.00301346e-01 -2.30380106e-01  3.20987526e-01
  4.35951456e-01  4.42160971e-01  1.90898432e-01  4.22181965e-01
  4.95157201e-01  6.12203752e-01  7.24344892e-02  1.35706870e-01
  2.92398484e-01  3.60467298e-01  5.14062559e-01  5.38423004e-01
  3.00120917e-01  3.81755554e-01  4.03475645e-01  1.74655359e-01
  4.71968198e-01 -1.44665518e+01  4.85328504e-01  4.58571847e-01
 -6.04367695e-03  2.59323505e-01  4.64650334e-01  4.54375786e-01
  4.85673345e-01  4.75046436e-01  2.12176472e-01  6.31246346e-01
  4.95478075e-01  1.77237812e-01  4.16481770e-01  6.14949076e-02
  3.21413758e-01  3.54995158e-01  4.18758672e-01  4.95649732e-01
  3.76654672e-01  1.95208834e-01  1.35581732e-01  2.52778469e-01
  3.05966741e-01  2.74489624e-01  4.46454733e-01 -2.92597103e-02
  5.55702450e-01  5.60851528e-01  5.97867986e-01  5.86484508e-01
  7.34363968e-01 -6.89598319e-01  5.12904861e-01  6.58124302e-01
  5.63203670e-01 -9.28833953e-01 -6.01873539e-01  6.96909009e-01
  6.47619969e-01  5.11540809e-01  2.92421269e-01 -2.58443994e-01
  5.93796518e-01  4.15522471e-01  5.50851681e-01  5.91408514e-01
  6.57613605e-01  6.31357829e-01  4.16906285e-01  5.96220265e-01
 -4.24029074e-01  5.22997157e-01  6.53912557e-01  3.25485181e-01
  6.62714762e-01 -2.83353041e+01  5.14042996e-01  5.68126571e-01
  5.17588685e-01  7.15085581e-01 -5.74799162e+00  5.77718483e-01
  5.42379618e-01  5.87842043e-01  5.45550520e-01  3.84208304e-01
  7.01417213e-01  4.19508691e-01  3.89597526e-01  4.40796720e-01
 -2.34829644e-01  4.77005218e-01  3.25655951e-01  6.50515247e-01
  5.42178977e-01  5.58189159e-01  6.34322752e-01  5.14578025e-01
  5.05956152e-01  5.01954606e-01  5.81622602e-01 -2.68500941e-01
  5.28347411e-01  5.62154382e-01  5.98896323e-01  5.37631402e-01
  5.23258505e-01  5.47925249e-01  4.05818649e-01  5.44703535e-01
  6.03675416e-01  6.05706583e-01  5.22448885e-01  5.40180440e-01
  3.92671012e-01  4.93025934e-01  5.07027128e-01  5.11915361e-01
  5.68533440e-01  4.10445670e-01  5.79481164e-01 -7.75949313e-01
  5.22817805e-01  4.20202259e-01  3.89427625e-01  3.94805344e-01
  6.01179232e-01  6.25724593e-01 -3.83862644e-01  4.80495209e-01
  4.91184735e-01  2.82298866e-01  5.44384565e-01  6.11746403e-01
  5.81249892e-01  6.64220169e-01  4.09508403e-01  4.63795471e-01
  4.72749779e-01  4.45238945e-01  5.37472954e-01  5.82459210e-01
  2.26601584e-01  3.58148776e-01  5.16635753e-01  4.37838854e-01
  5.39821771e-01  5.97267491e-01  5.09326107e-01  4.48262788e-01
  4.08576696e-01  4.17019614e-01  6.56064895e-01  5.97266047e-01
  5.60212036e-01]",0.5521613105667302,0.5226997167199197
TVSD,Model B (Qwen3),features/visual-blocks-18,monkeyF/IT,100000.0,0.6621357798576355,0.6856003350426176,0.2610519528388977,0.27227247070515936,"[ 0.5796004   0.46619472  0.5506602   0.56880075  0.36566225  0.35802668
  0.67447835  0.38151714  0.5775985   0.69187474  0.67263937  0.6560518
  0.53080803  0.6004188   0.5798424   0.77213097  0.5216865   0.6657566
  0.638288    0.7142936   0.6549037   0.64510286  0.696636    0.15656026
  0.73568684  0.59494954  0.78355044  0.66011196  0.6923634   0.5670166
  0.5590267   0.71179724  0.73490864  0.6883043   0.8533958   0.719557
  0.6798192   0.7553756   0.6471224   0.748307    0.6832654   0.6615523
  0.61208403  0.7574912   0.71563435  0.49143818  0.6715733   0.56946534
  0.6856308   0.82554704  0.7901737   0.7510525   0.6740556   0.74002665
  0.6641348   0.67544127  0.75958455  0.7393773   0.7584419   0.8505206
  0.85625285  0.8159893   0.8319287   0.78938985  0.84625566  0.6408328
  0.8382904   0.850211    0.84446436  0.7935109   0.8299478   0.81049174
  0.8193239   0.82358706  0.8104728   0.7923967   0.73610973  0.79605156
  0.27801564  0.8247728   0.8612588   0.79917353  0.8084942   0.8055521
  0.27532113 -0.03253091 -0.00640562  0.5543431   0.6865384   0.66370606
  0.41200623  0.66105545  0.6420696   0.7482008   0.6488843   0.36773857
  0.5200599   0.596491    0.6425706   0.6410521   0.509597    0.6165429
  0.6280585   0.4114404   0.63402086  0.62932014  0.67374027  0.6808514
  0.19757466  0.5292498   0.58359224  0.5938649   0.7281193   0.7226353
  0.57677746  0.76632756  0.7645796   0.47564948  0.6724299   0.2561362
  0.54060215  0.56958544  0.596883    0.7253693   0.65512025  0.4352947
  0.30472213  0.5837628   0.5637673   0.5772393   0.7161011   0.7069437
  0.70287865  0.7090508   0.6812966   0.7332546   0.8229513   0.7972605
  0.63635755  0.747451    0.6871898   0.78238255  0.6937464   0.82850367
  0.78642356  0.722912    0.68795335  0.7398612   0.70643     0.60294205
  0.71855456  0.7807483   0.7944088   0.76514906  0.5782602   0.7501201
  0.73131907  0.6659632   0.7699244   0.8021583   0.8194274   0.53553563
  0.66739035  0.7238374   0.55807877  0.8007619   0.7920138   0.7358704
  0.69118565  0.69762486  0.69801027  0.70539606  0.8159634   0.61966175
  0.6483372   0.67901874  0.38916603  0.61031     0.53342545  0.69456273
  0.69196564  0.6768181   0.7649301   0.6943758   0.7040787   0.7097705
  0.7855467   0.6429715   0.683002    0.70460063  0.7548547   0.73040146
  0.73938835  0.77566314  0.6063287   0.6958285   0.7376861   0.7470267
  0.5774781   0.7168596   0.6222476   0.7098453   0.63900095  0.7042376
  0.74180585  0.63984764  0.74400145  0.7429328   0.7067403   0.5810317
  0.58628184  0.6214831   0.7411656   0.76919913  0.28832075  0.69937766
 -0.03190625  0.4745718   0.7277179   0.7873734   0.7722752   0.8173836
  0.5171408   0.6107523   0.6553624   0.68459517  0.68977916  0.77394795
  0.4454469   0.6061053   0.632195    0.67295134  0.72959733  0.8251625
  0.74844265  0.7421545   0.6755052   0.698749    0.8217233   0.7679886
  0.7344902 ]","[  0.3032444    0.18236381   0.28058225   0.18505472  -0.07808399
  -0.12291694   0.425883    -0.8843721    0.32596207   0.4510525
   0.4137323    0.3549627    0.18705004   0.2617392    0.26501536
   0.5587456    0.24677086   0.41795433   0.3858065    0.44624126
   0.38688517   0.37140375   0.47409427  -4.646355     0.52594566
   0.3494628    0.58017755   0.3874976    0.4425847    0.20496047
   0.08474314   0.50057745   0.5321464    0.45650947   0.6577924
   0.47487038   0.39861882   0.44164562   0.41639072   0.54169333
   0.43281376   0.4088444    0.24507666   0.48634994   0.486974
  -0.21441197   0.28527272   0.28876185   0.44797254   0.6618273
   0.5198929    0.5249843    0.36057788   0.500975     0.4211145
   0.44156814   0.4927081    0.45505393   0.5707562    0.70918185
   0.6959567    0.60760784   0.6699207    0.60879004   0.67697394
   0.4020965    0.67952216   0.70227563   0.70396274   0.6269098
   0.65849996   0.60310185   0.6433779    0.6071681    0.64134514
   0.6239713    0.5349843    0.6045184   -1.2254429    0.6069726
   0.7237787    0.626359     0.6453533    0.6385848   -0.019014
  -6.4501486   -0.36530876   0.25848782   0.39979285   0.41247934
   0.10895723   0.3703134    0.40847504   0.5451448    0.28491855
   0.08819282   0.26438236   0.3356809    0.40636086   0.41069663
   0.25604963   0.37196875   0.38200194   0.14564908   0.39270502
   0.39012063   0.4386012    0.421494    -0.07648158   0.26380104
   0.29184055   0.2968058    0.4914695    0.4615478    0.23035884
   0.5746561    0.57568383   0.14605749   0.41641963  -0.09223711
   0.23132592   0.28911543   0.34036887   0.47970283   0.3525769
   0.13667268  -0.01687706   0.23178118   0.23576319   0.25140172
   0.4833427    0.44897944   0.48749244   0.50247      0.45057517
   0.5159846    0.67211103   0.5959124    0.39898664   0.5540767
   0.4579273    0.5697379    0.4511935    0.662086     0.5876881
   0.49242622   0.46720046   0.5438199    0.46891737   0.3195389
   0.4176088    0.5799478    0.59969187   0.57744825   0.32191366
   0.5608451    0.5169542    0.3770727    0.56720245   0.6065372
   0.65567416   0.15779889   0.44194084   0.49865907   0.28128308
   0.62744975   0.601324     0.53377634   0.47629797   0.4754957
   0.41933447   0.48705536   0.6560155    0.36693388   0.40102375
   0.4123081   -0.03274274   0.33302873   0.21814382   0.473414
   0.43594217   0.4409868    0.5764687    0.45646673   0.454274
   0.4768973    0.57618207   0.38110954   0.44971544   0.47406322
   0.5315076    0.4709466    0.5103287    0.55642897   0.30729085
   0.44824994   0.5259054    0.5247407    0.20319062   0.4859723
   0.36512268   0.46500403   0.29960507   0.4724434    0.4997334
   0.28392315   0.5355762    0.50734854   0.47320187   0.28854352
   0.28130746   0.37493145   0.48230737   0.5230519  -10.3743305
   0.46138984 -12.515091     0.15018046   0.4981075    0.5424806
   0.51075554   0.61356336   0.20790404   0.31237036   0.40685183
   0.4288649    0.4210719    0.48476368   0.15277481   0.33826345
   0.35154742   0.42101896   0.47664958   0.5218361    0.4152105
   0.3887747    0.33743697   0.39418268   0.6308015    0.5627445
   0.5036546 ]","[ 0.58697025  0.47360442  0.55766124  0.57786006  0.376304    0.37774569
  0.69252473  0.40652539  0.58911983  0.70345325  0.68151067  0.66536566
  0.53913387  0.62142421  0.61893241  0.83113399  0.53688909  0.69656328
  0.64913686  0.72575268  0.66301744  0.66779274  0.71841016  0.17067727
  0.75562733  0.6000958   0.79011167  0.67863457  0.7102129   0.58734143
  0.6047482   0.718522    0.74277825  0.69410477  0.86234405  0.74421122
  0.71055786  0.79002681  0.66126538  0.7525688   0.69215152  0.69648199
  0.66122949  0.77985498  0.72493826  0.49640526  0.75739297  0.58676777
  0.70264744  0.85787777  0.80387533  0.75946814  0.71347961  0.76540458
  0.68467233  0.68885781  0.7699738   0.74788275  0.78393895  0.86193566
  0.86655918  0.81991549  0.8402943   0.79409595  0.85770799  0.64760869
  0.85106563  0.8621434   0.8637195   0.83922344  0.85922415  0.82879453
  0.82739905  0.82704221  0.82992839  0.84380631  0.79271484  0.82700524
  0.29188375  0.82876216  0.87409556  0.83370783  0.85871869  0.82188933
  0.30554332 -0.03478921 -0.00722329  0.55885012  0.69268427  0.67470227
  0.426495    0.66882507  0.66505757  0.75791918  0.66224265  0.40045533
  0.52864031  0.61120513  0.6903996   0.68554066  0.55791696  0.63030851
  0.63385784  0.42746268  0.7033233   0.66397651  0.69991723  0.69516488
  0.1996812   0.54372317  0.65288663  0.67487677  0.73441164  0.73486991
  0.59171333  0.78209587  0.7987077   0.48451322  0.68560229  0.28185408
  0.58663956  0.64218463  0.64233444  0.74252209  0.66050311  0.44848378
  0.31954818  0.65013327  0.63583055  0.65232035  0.73404891  0.7125516
  0.74576685  0.73107705  0.77517027  0.74862352  0.84058374  0.80120537
  0.67942148  0.79019313  0.72624013  0.80314363  0.76247635  0.8369476
  0.7942162   0.72550154  0.69985474  0.75022301  0.74947888  0.63261066
  0.74867503  0.81964067  0.80301229  0.77512214  0.60101557  0.76095281
  0.75230301  0.73213321  0.79597905  0.81255722  0.83357693  0.57138354
  0.6856655   0.74813309  0.63011875  0.82547988  0.81718662  0.74360284
  0.70234958  0.73911207  0.76394331  0.72520729  0.831599    0.62595871
  0.65789036  0.72700489  0.43031056  0.66941429  0.59978011  0.77194235
  0.73422185  0.72302708  0.77680722  0.70597607  0.71606357  0.71984122
  0.79919443  0.68286919  0.71732245  0.73552352  0.76430035  0.74415837
  0.74537237  0.77958687  0.64844588  0.72477634  0.74803421  0.76963741
  0.58861034  0.73035618  0.63006507  0.75003875  0.68566771  0.70912129
  0.76049401  0.72547489  0.7588132   0.75241876  0.74382481  0.64322029
  0.60615822  0.62642397  0.7762679   0.7991553   0.2940097   0.71707024
 -0.03364369  0.48107778  0.73285222  0.79905996  0.78998451  0.83424084
  0.56938845  0.68038886  0.66052838  0.69401594  0.71263687  0.79972604
  0.46332864  0.61791824  0.71607377  0.67754167  0.73773876  0.83545109
  0.76746184  0.76421966  0.70354291  0.71052627  0.83043924  0.77338146
  0.74195273]","[  0.3110052    0.18820686   0.2877622    0.19099641  -0.08269503
  -0.13682958   0.44897777  -1.00411229   0.33909565   0.46627551
   0.42471752   0.36511293   0.1929639    0.28037322   0.30195177
   0.64740237   0.26136284   0.45752943   0.39903289   0.46067379
   0.39653094   0.39798962   0.50419414  -5.52205502   0.55484313
   0.3555346    0.58993471   0.4095489    0.46569902   0.21991752
   0.09917189   0.51008062   0.54360416   0.46423607   0.67165919
   0.50796889   0.4354816    0.48309401   0.43479022   0.54788108
   0.44414479   0.4531578    0.28601201   0.51549139   0.49971854
  -0.2187681    0.36284067   0.3065757    0.4704849    0.71468041
   0.53807908   0.53681525   0.40399018   0.53592431   0.44756207
   0.45928442   0.50627834   0.46558358   0.60977618   0.7283458
   0.71281138   0.61346898   0.68346147   0.61607051   0.69542083
   0.41064468   0.7003913    0.72212628   0.73643169   0.70122026
   0.70577637   0.6306483    0.6561225    0.6122732    0.67250602
   0.70756249   0.62042585   0.65244463  -1.35074833   0.61285857
   0.74551484   0.68166169   0.72802375   0.66474941  -0.02341747
  -7.37677283  -0.46452409   0.26270811   0.40698276   0.42626038
   0.11675524   0.37906942   0.43824788   0.55939858   0.29677034
   0.10458346   0.27317838   0.35244622   0.46910625   0.46967872
   0.30690895   0.38876416   0.38908914   0.15721365   0.48324722
   0.43427125   0.47334542   0.43940236  -0.07812117   0.27842665
   0.36526006   0.38330634   0.50000065   0.47730856   0.24244377
   0.59854821   0.62822377   0.15155178   0.43289409  -0.11168952
   0.27240274   0.36751352   0.39417932   0.50265815   0.35839467
   0.1450803   -0.01855929   0.28748163   0.29988793   0.3210542
   0.50787458   0.45613085   0.54879902   0.53417282   0.58329607
   0.5378412    0.70122067   0.60182413   0.4548147    0.61925697
   0.51145046   0.60037589   0.54502212   0.67565046   0.59939255
   0.49596035   0.48350513   0.55915906   0.52780905   0.3517593
   0.45335336   0.63916623   0.6127516    0.59259947   0.34774771
   0.5771607    0.54704601   0.45572712   0.60624086   0.62236507
   0.67851352   0.17963156   0.46647556   0.53269601   0.35858938
   0.66678399   0.64015557   0.54505297   0.49180842   0.53373204
   0.50229541   0.5147977    0.68139772   0.37442929   0.4129289
   0.47264276  -0.04003217   0.40065509   0.27579067   0.58477377
   0.49081117   0.50325817   0.59450938   0.47184561   0.46987102
   0.49052641   0.59637659   0.42987421   0.49604685   0.51658683
   0.5448926    0.48885399   0.51862252   0.56207266   0.35146398
   0.48632191   0.54076345   0.55698674   0.21110007   0.50444373
   0.37435461   0.51915458   0.34496382   0.47901867   0.52522992
   0.36499964   0.55711325   0.52038718   0.52416502   0.3536154
   0.3007048    0.38091667   0.52907431   0.56458534 -10.78776817
   0.48502924 -13.91520118   0.15432638   0.50516099   0.55870356
   0.53444873   0.63913188   0.25203603   0.38766269   0.41329119
   0.4407494    0.449441     0.51759377   0.16528679   0.35157736
   0.4510216    0.42678225   0.48734661   0.53493035   0.43658101
   0.41223587   0.36602979   0.40758239   0.6442542    0.57067547
   0.51394099]",0.579932366354414,0.6005216816902136
TVSD,Model B (Qwen3),features/visual-blocks-2,monkeyF/IT,100000.0,0.5790131688117981,0.5999114986311357,0.3166969120502472,0.3372340273130428,"[0.5123795  0.31143853 0.28491837 0.19838016 0.20273978 0.2300815
 0.6831899  0.68002725 0.36045375 0.34173572 0.33646417 0.40830562
 0.392864   0.5237223  0.61605895 0.66294974 0.4034536  0.23960811
 0.366764   0.47044578 0.46648762 0.5593753  0.6646131  0.55081964
 0.5449829  0.4442508  0.5384507  0.5004894  0.5483877  0.62508464
 0.5789978  0.5307185  0.50792706 0.4910505  0.68320924 0.61045706
 0.5517442  0.71979535 0.5030948  0.5477836  0.3383221  0.43482774
 0.43664414 0.5816445  0.5154592  0.48904306 0.49362996 0.5214552
 0.56981814 0.7658614  0.59378195 0.48636904 0.4135186  0.54657596
 0.57971317 0.57301605 0.6729618  0.6324645  0.558696   0.60176367
 0.58296514 0.57440495 0.62904197 0.6042103  0.63054323 0.5106472
 0.66049165 0.6054369  0.6145979  0.56398714 0.5785423  0.5531682
 0.6579621  0.54000026 0.6611153  0.5872804  0.5807027  0.4752797
 0.5099573  0.52437204 0.74852383 0.65560484 0.51339597 0.58367866
 0.4417481  0.32146227 0.39564168 0.59557277 0.7049381  0.66492134
 0.54442286 0.7029927  0.6588986  0.77481383 0.73758423 0.53331935
 0.46852064 0.48985633 0.49795094 0.61402065 0.40306467 0.6058611
 0.6265265  0.47208795 0.4248991  0.5610881  0.57999766 0.5808629
 0.55515337 0.49384263 0.2975991  0.3440997  0.6169796  0.5236234
 0.4509871  0.50097066 0.426807   0.43327406 0.62153184 0.16152078
 0.5017506  0.33565515 0.31301492 0.42104876 0.63911307 0.35031775
 0.32361528 0.41310877 0.3262903  0.32131746 0.34195542 0.51041305
 0.52145714 0.5373089  0.51775855 0.5949477  0.60416347 0.6223432
 0.5739655  0.5609689  0.51242805 0.5873592  0.49187315 0.6239398
 0.60814184 0.45376787 0.602725   0.6370107  0.5814949  0.49168378
 0.5780655  0.5384666  0.6037078  0.55896246 0.6353877  0.60490954
 0.62250835 0.414985   0.4935312  0.5848666  0.61357063 0.6527008
 0.7318729  0.6723771  0.5911143  0.58869565 0.6393424  0.7988458
 0.79510397 0.74795127 0.64472294 0.58289355 0.65716344 0.7853085
 0.79696167 0.7222346  0.49385923 0.63230294 0.53539175 0.6073212
 0.69563913 0.7113155  0.61131144 0.7065427  0.8169751  0.7427302
 0.79314274 0.7652369  0.8107919  0.7985747  0.72056097 0.7900225
 0.825765   0.83309996 0.7396053  0.7755479  0.81377107 0.7565795
 0.82493    0.836201   0.81020993 0.77573293 0.6970804  0.66395134
 0.76568496 0.7014086  0.826124   0.89784604 0.7390562  0.6648226
 0.5359781  0.55419874 0.76869917 0.84135956 0.87640697 0.6704787
 0.5995924  0.38763514 0.60697216 0.8016786  0.81793207 0.87493396
 0.5452435  0.45660052 0.6395578  0.6078173  0.60536015 0.7630621
 0.43827403 0.4955709  0.47152004 0.6036183  0.5824388  0.7863062
 0.75003487 0.66361994 0.5352978  0.55133253 0.6859731  0.5977094
 0.498022  ]","[ 0.2399565   0.05250084  0.0507465  -0.12577784 -0.24813962 -0.23436928
  0.43949497  0.43226397  0.12066305  0.09222621  0.08327305  0.10506141
  0.01639146  0.169572    0.29314202  0.40338057  0.12795109 -0.02991307
  0.13429564  0.14303976  0.16380614  0.26777667  0.4227137   0.18070698
  0.22935855  0.16898912  0.28194278  0.20029932  0.26744545  0.3517487
  0.18230104  0.27393973  0.25562608  0.24037772  0.41293472  0.32712746
  0.24205643  0.43105555  0.24773705  0.29453963  0.07124722  0.1433304
  0.0146485   0.297462    0.25597483  0.22798127  0.10284311  0.2661683
  0.3225606   0.5701624   0.27347773  0.226098    0.0391919   0.27016926
  0.31680548  0.32678002  0.3864925   0.3263203   0.30392838  0.36032152
  0.33959818  0.32518685  0.3855151   0.3545636   0.39168882  0.25797737
  0.43034256  0.3639742   0.37671202  0.30943567  0.33412635  0.2999841
  0.42791742  0.2836455   0.4326071   0.3263083   0.33014596  0.22063482
  0.24626535  0.26769543  0.5502753   0.4098078   0.24313152  0.3393547
  0.14276803  0.05150789  0.09751821  0.3224746   0.4378255   0.4265254
  0.24858338  0.4335184   0.4242835   0.5920609   0.54397047  0.2713244
  0.21923447  0.20380598  0.22290462  0.37570858  0.12424374  0.35706317
  0.38763857  0.20729345  0.10944283  0.31451762  0.33604598  0.33383673
  0.30149406  0.2213403  -0.06123328 -0.02358079  0.37479192  0.27215695
  0.07757926  0.23100919  0.15673643  0.09041196  0.35698664 -0.21165991
  0.16546172 -0.05130959  0.01474643  0.1545555   0.3445533   0.08630174
  0.05147725  0.02591568 -0.08322358 -0.13723731  0.09951258  0.22426432
  0.21800888  0.27465862  0.2421825   0.33569354  0.36031812  0.36324584
  0.31412905  0.29235816  0.20701712  0.3204186   0.19210654  0.3828463
  0.36261988  0.20346081  0.35739768  0.40205926  0.3084066   0.13006252
  0.27646416  0.26794803  0.35383976  0.31018668  0.40291756  0.36206883
  0.36543828  0.05578852  0.20884615  0.3238899   0.37119824  0.40357482
  0.53170747  0.42190707  0.31257612  0.3391881   0.39686358  0.6334402
  0.63108534  0.54700947  0.35214376  0.33039403  0.42887336  0.6056271
  0.62856096  0.47206062  0.14551264  0.3825103   0.2315625   0.35882056
  0.44554055  0.49288172  0.36728054  0.48600197  0.6599936   0.54912335
  0.61672866  0.573516    0.6475927   0.63082176  0.49027586  0.6059456
  0.6747068   0.6827174   0.52053654  0.58668685  0.6397181   0.56004167
  0.6711899   0.6954962   0.6369004   0.59812766  0.46379828  0.41436267
  0.55414885  0.4033144   0.67508864  0.7891699   0.5448488   0.42523962
  0.24299657  0.28667092  0.5259874   0.6830998   0.75437474  0.4494869
  0.34180576  0.12615675  0.3505572   0.59254265  0.6218781   0.74598515
  0.24446797  0.12037456  0.40397274  0.33777356  0.34491056  0.48114872
  0.11215562  0.22966623  0.18865174  0.33471054  0.32031387  0.51224804
  0.4443506   0.30226016  0.15862435  0.2614767   0.46622688  0.34894913
  0.24710345]","[0.51889465 0.31638853 0.28854079 0.20153977 0.20864005 0.24275368
 0.70146939 0.72460268 0.3676437  0.34745466 0.34090172 0.41410226
 0.39902615 0.5420445  0.6575905  0.71360959 0.41521073 0.25069555
 0.37299781 0.47799293 0.47226702 0.57904991 0.68538636 0.60048695
 0.55975445 0.44809352 0.54295955 0.51453304 0.56252545 0.64749093
 0.62635266 0.53573251 0.51336609 0.49518868 0.69037299 0.63137319
 0.57669183 0.75281436 0.51409003 0.55090339 0.34272211 0.45778646
 0.47170317 0.59881667 0.52216063 0.49398593 0.55671045 0.53729894
 0.58396043 0.79585467 0.60407813 0.49181887 0.43770441 0.56531984
 0.59764006 0.58439808 0.68216624 0.63974009 0.57747801 0.60984008
 0.58998203 0.57716873 0.63536743 0.60781243 0.63907634 0.51604656
 0.67055729 0.61393399 0.62861173 0.59647727 0.59895031 0.56566
 0.66444687 0.54226569 0.67698552 0.62538232 0.62535739 0.49376047
 0.53539524 0.5269084  0.75968031 0.68393517 0.54528864 0.59551611
 0.49023911 0.34377822 0.44614509 0.60041499 0.7112487  0.67593768
 0.56356825 0.71125521 0.68248911 0.78487791 0.75276863 0.5807674
 0.47625073 0.50194004 0.53501533 0.65663321 0.44128324 0.61938827
 0.63231168 0.49047195 0.47134322 0.59198695 0.60253243 0.59307431
 0.56107241 0.50734774 0.33293534 0.39103993 0.62231146 0.53248861
 0.46266558 0.51127886 0.44585813 0.44134814 0.63370716 0.1777386
 0.54447942 0.37843766 0.33685038 0.43100531 0.6443644  0.3609321
 0.33936057 0.46007684 0.36799818 0.36311098 0.35052593 0.51446196
 0.55327537 0.55400008 0.58909885 0.60741771 0.61710818 0.62542254
 0.61280719 0.59304723 0.54154733 0.60294518 0.54060338 0.63029887
 0.61416789 0.4553933  0.61315199 0.64593208 0.61693042 0.51587777
 0.60229694 0.56528986 0.61024598 0.56624808 0.66039116 0.61364522
 0.64037015 0.45621787 0.51023255 0.59244861 0.62416553 0.69639153
 0.7519138  0.69494555 0.66741868 0.60686757 0.65966283 0.80723999
 0.80794637 0.79243135 0.70562254 0.59926427 0.6697561  0.79328873
 0.80870481 0.77327482 0.54607245 0.69353707 0.60199101 0.67498145
 0.73811968 0.75987979 0.62080329 0.71834618 0.83088175 0.75326858
 0.80692241 0.81272141 0.85153374 0.83362182 0.72957752 0.80490236
 0.8324481  0.83731425 0.7909802  0.80781225 0.82518649 0.77947938
 0.84083244 0.8519445  0.82038885 0.81965712 0.74798872 0.66855567
 0.78497471 0.79527424 0.84257068 0.90930999 0.77783642 0.73597944
 0.55414904 0.5586047  0.80510551 0.87412598 0.89369964 0.68744021
 0.63224274 0.3929493  0.61125459 0.81357746 0.83668834 0.8929781
 0.60033041 0.50866106 0.64459915 0.61618152 0.62542041 0.78847763
 0.45586781 0.50522951 0.53408068 0.60773572 0.58893815 0.79611034
 0.76909452 0.68335019 0.55751601 0.56062513 0.69324917 0.60190655
 0.50308196]","[ 0.24609759  0.054183    0.05204508 -0.12981628 -0.26279284 -0.26089691
  0.46332789  0.49079065  0.12552477  0.09533884  0.08548408  0.10806566
  0.0169097   0.18164435  0.33399857  0.46738539  0.13551705 -0.03274547
  0.13889962  0.14766602  0.16789014  0.28694469  0.44955145  0.21476487
  0.24196039  0.17192525  0.28668437  0.21169774  0.28141299  0.37741767
  0.21334044  0.27914031  0.26113003  0.24444621  0.42163972  0.34992827
  0.26444091  0.47151006  0.25868407  0.29790415  0.07311247  0.15886554
  0.01709525  0.31528552  0.26267392  0.23261308  0.13080698  0.28258834
  0.33877054  0.6156952   0.28304417  0.23119331  0.04391047  0.28901696
  0.33670205  0.33989086  0.39713733  0.33387113  0.32470656  0.37005836
  0.34782256  0.32832368  0.39330733  0.35880379  0.40236197  0.26346171
  0.44355902  0.37426237  0.39408715  0.34611448  0.35811465  0.31368576
  0.43639399  0.28603043  0.45362609  0.37002267  0.38287308  0.23812675
  0.27144677  0.27029135  0.56680089  0.44599069  0.27427692  0.35325901
  0.17583182  0.05890748  0.12400347  0.32773959  0.44569939  0.44077574
  0.26637435  0.4437689   0.45520859  0.60754141  0.56659807  0.32175005
  0.22652841  0.21398491  0.25732289  0.42966587  0.14892236  0.37318556
  0.39483035  0.22375261  0.13467601  0.35011212  0.36266619  0.34802072
  0.30795739  0.23361181 -0.07663799 -0.03045313  0.38129773  0.28145047
  0.08164917  0.2406137   0.17104103  0.09381302  0.37110981 -0.25629806
  0.19484295 -0.06522297  0.01707776  0.16195148  0.35023866  0.09161073
  0.0566083   0.0321436  -0.10585939 -0.1752598   0.1045633   0.22783644
  0.24542546  0.29198791  0.31351949  0.34991319  0.37592377  0.36684942
  0.35808345  0.3267505   0.23121357  0.33764929  0.23205635  0.39068984
  0.36984185  0.20492105  0.36987038  0.41339987  0.3471396   0.14317725
  0.30012767  0.29530817  0.36154546  0.31832543  0.4352523   0.37260183
  0.38671039  0.06742557  0.22322025  0.33234196  0.38412833  0.45941245
  0.56122565  0.45070514  0.39848282  0.36045148  0.42249174  0.64682234
  0.65163637  0.61400447  0.42181173  0.34921305  0.4454671   0.61799834
  0.64722099  0.54113911  0.17790776  0.46018462  0.29275538  0.44322485
  0.50161763  0.5624811   0.37877464  0.50237592  0.68265378  0.56481659
  0.6383443   0.64689995  0.71431022  0.68740666  0.5026225   0.62898619
  0.68567209  0.68964198  0.59536378  0.63651692  0.65779167  0.594457
  0.6973168   0.7219315   0.65300411  0.6677807   0.53401508  0.42012959
  0.58242168  0.51848401  0.70223586  0.80945124  0.60352822  0.52113899
  0.25975222  0.29124719  0.57698976  0.73734198  0.78443807  0.47251646
  0.38004485  0.12963947  0.3555213   0.61026274  0.65072609  0.77707198
  0.29636142  0.1493891   0.41036654  0.34713379  0.36814841  0.51373398
  0.12134096  0.2387058   0.24203281  0.33929236  0.32750239  0.5251017
  0.46722094  0.32050049  0.17206543  0.27036525  0.4761698   0.35386701
  0.25215017]",0.5120229682645344,0.48589295810531336
TVSD,Model B (Qwen3),features/visual-blocks-22,monkeyF/IT,100000.0,0.639483630657196,0.6620533223481718,0.32669439911842346,0.3458834914016596,"[ 0.54699916  0.40264046  0.5444782   0.53719044  0.40869892  0.40591037
  0.69350827  0.7333274   0.56357104  0.6743629   0.6575424   0.6610214
  0.51369476  0.59953856  0.5465793   0.74922323  0.52814054  0.58099455
  0.6292103   0.59117323  0.63169014  0.31684014  0.72682863  0.5386646
  0.2674606   0.56825304  0.7055336   0.6425618   0.6882311   0.44661084
  0.5215827   0.6638438   0.70505476  0.62805367  0.82927036  0.73169315
  0.70340234  0.72097623  0.6054579   0.7230811   0.6588721   0.6443051
  0.5823348   0.7448169   0.68913335  0.7513825   0.6280885   0.59759074
  0.577852    0.82381     0.80051833  0.7353274   0.6364332   0.72855914
  0.64923054  0.54893124  0.7226068   0.7029674   0.74872565  0.858559
  0.8485635   0.8024494   0.80984163  0.7990117   0.8277475   0.5814533
  0.82908595  0.84514254  0.8337674   0.7618474   0.8050456   0.7900941
  0.8178324   0.80983263  0.80423313  0.7417918   0.70572335  0.8119646
  0.75917584  0.80766374  0.8583986   0.799044    0.7607822   0.8092286
  0.16144554  0.23646823  0.1802211   0.49912253  0.6415652   0.62440187
  0.42101526  0.6207102   0.5555061   0.7476911   0.6641657   0.3227441
  0.50612193  0.57918185  0.5965755   0.6350677   0.37363935  0.61253893
  0.64784986  0.42512098  0.54757977  0.63168544  0.62187535  0.6034452
  0.5020641   0.4499151   0.5129113   0.5205932   0.66847706  0.6825252
  0.51529574  0.72072613  0.696826   -0.02584576  0.6145908   0.25967258
  0.54023457  0.48956102  0.5228307   0.698499    0.6184957   0.4190551
  0.3064075   0.253048    0.5061219   0.50918967  0.6681095   0.7108255
  0.59196943  0.69513834  0.62165403  0.69697934  0.7698822   0.7929904
  0.61559874  0.73924387  0.6695704   0.73356974  0.6382786   0.7947826
  0.7639633   0.69579715  0.2898635   0.71902376  0.6765099   0.5172732
  0.7124884   0.6819271   0.76654696  0.7167136   0.5640603   0.72577155
  0.75125754  0.59654486  0.7523448   0.774545    0.7879195   0.48755905
  0.66027755  0.7065092   0.5516325   0.76064414  0.7864051   0.6977678
  0.67768514  0.6945582   0.6816073   0.6744293   0.825573    0.6057746
  0.63894224  0.6545243   0.39523005  0.54837334  0.6070353   0.68610245
  0.6678807   0.66905516  0.75644577  0.67542845  0.698087    0.7050009
  0.7436483   0.6525877   0.65966076  0.64829814  0.75919867  0.722785
  0.71413237  0.7528932   0.5839335   0.6488414   0.72383076  0.70311487
  0.7008852   0.6985932   0.566141    0.6095986   0.6440124   0.7211448
  0.7292399   0.55961794  0.7092893   0.6757372   0.635112    0.5149341
  0.5797846   0.5834112   0.68475085  0.7444444   0.7747567   0.6496627
  0.16743796  0.5066461   0.6927017   0.762866    0.74181855  0.7955515
  0.44630024  0.58020866  0.65212524  0.6160325   0.6993005   0.76242435
  0.45045295  0.6513333   0.6232807   0.64827305  0.7130403   0.7982817
  0.7093961   0.7017606   0.6580247   0.454022    0.7447286   0.7640653
  0.7181668 ]","[ 2.70438910e-01  9.66662169e-02  2.67463863e-01  1.23472869e-01
 -9.50284004e-02 -8.87221098e-02  4.44068849e-01  5.20938098e-01
  3.08858752e-01  4.10456479e-01  3.80731642e-01  3.49595010e-01
  1.41145587e-01  2.32219994e-01  1.80315852e-01  5.14905989e-01
  2.59236753e-01  3.17868054e-01  3.66780937e-01  2.49903619e-01
  3.59700084e-01 -1.95254350e+00  5.11019111e-01  1.02850974e-01
 -3.90233088e+00  3.21301997e-01  4.84575629e-01  3.79895329e-01
  4.50933754e-01 -3.32401037e-01  1.42246485e-03  4.36470389e-01
  4.91653085e-01  3.90403628e-01  6.25778675e-01  5.07247686e-01
  4.56188977e-01  3.29854786e-01  3.60231757e-01  5.07404923e-01
  4.16822076e-01  3.91185462e-01  1.58361316e-01  4.54336524e-01
  4.52808857e-01  5.37166238e-01  2.26456583e-01  3.38073850e-01
  3.26115727e-01  6.64307356e-01  5.23745298e-01  5.02293587e-01
  2.62859344e-01  4.87857938e-01  3.99898827e-01  2.88652718e-01
  4.30958688e-01  3.89939308e-01  5.48591137e-01  7.15046942e-01
  6.93961084e-01  5.94944954e-01  6.36738777e-01  6.10862732e-01
  6.56697392e-01  3.37243021e-01  6.59771442e-01  6.92153156e-01
  6.81960702e-01  5.76979041e-01  6.31845236e-01  5.89135587e-01
  6.42935514e-01  5.98592043e-01  6.25346124e-01  5.41341066e-01
  4.81015801e-01  6.28325462e-01  5.62412083e-01  5.90801597e-01
  7.09579110e-01  6.17898643e-01  5.77745438e-01  6.38047993e-01
 -2.44066238e-01 -6.07323647e-02 -2.03653216e-01  1.81187212e-01
  3.52843642e-01  3.57358038e-01  1.07730687e-01  3.28643858e-01
  2.92918384e-01  5.45321226e-01  4.37816620e-01  1.15177035e-02
  2.47207165e-01  3.13879550e-01  3.38516116e-01  4.02883232e-01
  6.37780428e-02  3.69768441e-01  3.93825114e-01  1.46485209e-01
  2.53285885e-01  3.94166946e-01  3.80916536e-01  3.45440507e-01
  2.40390420e-01  1.84692621e-01  1.39011979e-01  1.16875529e-01
  4.21874285e-01  4.24964428e-01  1.50842786e-01  5.06063581e-01
  4.82356012e-01 -1.16614771e+00  3.31504822e-01 -1.66967511e-01
  2.08323002e-01  1.53161108e-01  1.99370444e-01  4.47604060e-01
  3.05060804e-01  1.10246122e-01 -3.27724218e-02 -1.39714718e+00
  1.26255035e-01  1.04802012e-01  4.26697075e-01  4.39831018e-01
  3.28126192e-01  4.83178318e-01  3.41784239e-01  4.47874188e-01
  5.88333726e-01  5.79211473e-01  3.76659691e-01  5.38397670e-01
  4.30590808e-01  4.63444412e-01  3.62485945e-01  6.07640564e-01
  5.47100306e-01  4.55242574e-01 -9.99417424e-01  5.07998407e-01
  4.22520638e-01  1.57303393e-01  3.87496591e-01  4.07850564e-01
  5.48668742e-01  4.96471405e-01  3.15096438e-01  5.20592213e-01
  5.43021858e-01  2.06137121e-01  5.39276004e-01  5.58747292e-01
  6.07481003e-01  1.92910969e-01  4.27383959e-01  4.66300666e-01
  2.55971611e-01  5.59285879e-01  5.74414134e-01  4.75302517e-01
  4.51840878e-01  4.68639016e-01  3.94632518e-01  4.36641812e-01
  6.54761791e-01  3.47802520e-01  3.88766468e-01  3.72176290e-01
 -6.61503077e-02  2.18897760e-01  3.54051292e-01  4.65202272e-01
  3.95413935e-01  4.24806952e-01  5.55723727e-01  4.20947731e-01
  4.41991270e-01  4.73866820e-01  5.24267793e-01  3.85347128e-01
  4.19408917e-01  3.93901110e-01  5.18486142e-01  4.47801530e-01
  4.78173077e-01  5.31702995e-01  2.40955234e-01  3.87324572e-01
  5.15252948e-01  4.38868761e-01  4.46595728e-01  4.56446409e-01
  2.99842834e-01  3.29731762e-01  2.98303187e-01  4.94130075e-01
  4.72296894e-01  1.25882268e-01  4.85434949e-01  4.09009039e-01
  3.78430963e-01  1.55275226e-01  2.66750753e-01  3.30219626e-01
  3.58916044e-01  4.75074232e-01  5.50904274e-01  3.99775326e-01
 -1.26048326e+00  2.12422252e-01  4.50606942e-01  5.03367126e-01
  4.44211483e-01  5.74272633e-01  7.15582371e-02  2.07240164e-01
  4.06876504e-01  3.44615221e-01  4.22107399e-01  4.53735828e-01
  1.36223078e-01  3.93791020e-01  3.24097097e-01  3.87852430e-01
  4.47533250e-01  4.75270152e-01  3.49821150e-01  3.29836130e-01
  3.23743343e-01 -1.57191753e-01  5.26014209e-01  5.58510721e-01
  4.85197842e-01]","[ 0.55395448  0.40904003  0.55140062  0.54574629  0.42059315  0.42826667
  0.71206381  0.78139662  0.57481255  0.68564834  0.6662146   0.67040581
  0.52175218  0.62051317  0.5834269   0.80647575  0.54353122  0.60787903
  0.63990484  0.60065715  0.63951628  0.3279842   0.74954648  0.58723588
  0.27471002  0.57316838  0.71144156  0.66059194  0.7059741   0.4626197
  0.56424174  0.67011553  0.71260468  0.63334639  0.83796562  0.7567632
  0.73520731  0.75404942  0.61869031  0.72719925  0.66744101  0.67832414
  0.62909165  0.76680652  0.69809272  0.75897693  0.70835128  0.61574773
  0.5921937   0.85607269  0.81439933  0.74356687  0.67365677  0.75354381
  0.66930717  0.55983487  0.73249027  0.711054    0.77389604  0.87008195
  0.85877727  0.80631043  0.81798516  0.80377517  0.83894939  0.58760138
  0.84172091  0.85700378  0.85277864  0.80573583  0.8334435   0.80793624
  0.82589286  0.81323008  0.82353895  0.7899182   0.75999181  0.84353701
  0.7970454   0.81157037  0.87119274  0.83357271  0.80804274  0.82564036
  0.17916753  0.25288388  0.2032262   0.50318058  0.64730848  0.63474688
  0.43582084  0.62800563  0.57539487  0.75740288  0.67783863  0.35145781
  0.5144724   0.59346902  0.64098089  0.67914092  0.40906781  0.62621517
  0.65383195  0.441676    0.60743365  0.66647206  0.64603719  0.61613135
  0.50741711  0.46221893  0.57381323  0.59160975  0.67425396  0.69408071
  0.52863952  0.73555613  0.72792981 -0.02632739  0.62663017  0.28574553
  0.58624068  0.55196032  0.56264324  0.71501644  0.62357763  0.43175215
  0.32131556  0.28181809  0.57081661  0.57541958  0.68485445  0.7164642
  0.62809018  0.71673243  0.70730976  0.71158793  0.78637758  0.7969141
  0.65725787  0.78151667  0.70761945  0.75303554  0.70151333  0.80288283
  0.77153336  0.69828954  0.29487805  0.72909375  0.71773549  0.54272634
  0.7423546   0.71589675  0.77484871  0.72605537  0.58625687  0.73625263
  0.77281358  0.65581751  0.77780453  0.78458597  0.80152501  0.52019548
  0.67835793  0.73022326  0.62284039  0.78412378  0.81139962  0.70509984
  0.68863101  0.73586304  0.74599095  0.69337083  0.84139278  0.61193042
  0.64835699  0.70077946  0.43701571  0.60147948  0.68254653  0.76253953
  0.70866614  0.71473416  0.76819112  0.68671217  0.70996988  0.71500392
  0.75656807  0.69308209  0.69280833  0.67675008  0.7686987   0.73639846
  0.71991199  0.75670176  0.624495    0.67583447  0.73398451  0.72439649
  0.71439636  0.71174589  0.57325362  0.64411577  0.69104514  0.72614575
  0.74761147  0.63450849  0.72341001  0.6843652   0.66843796  0.57004822
  0.59944068  0.58804942  0.71718132  0.77343647  0.79004371  0.66609759
  0.17655566  0.51359179  0.69758899  0.77418881  0.75882944  0.81195848
  0.49139074  0.64636272  0.65726567  0.62450976  0.72247375  0.78781862
  0.46853564  0.66402767  0.70597674  0.65269505  0.72099697  0.80823518
  0.72742308  0.72262481  0.68533687  0.46167443  0.75262791  0.76943062
  0.7254635 ]","[ 2.77360121e-01  9.97634616e-02  2.74308118e-01  1.27437306e-01
 -1.00640048e-01 -9.87643280e-02  4.68149808e-01  5.91470872e-01
  3.21303212e-01  4.24309384e-01  3.90840651e-01  3.59591746e-01
  1.45608110e-01  2.48752454e-01  2.05447300e-01  5.96606655e-01
  2.74565867e-01  3.47966227e-01  3.79355079e-01  2.57986113e-01
  3.68668085e-01 -2.09231068e+00  5.43463304e-01  1.22235326e-01
 -4.11673989e+00  3.26884504e-01  4.92725003e-01  4.01514006e-01
  4.74484120e-01 -3.56658103e-01  1.66466012e-03  4.44756522e-01
  5.02238980e-01  3.97011359e-01  6.38970602e-01  5.42602894e-01
  4.98375634e-01  3.60811619e-01  3.76149700e-01  5.13200997e-01
  4.27734438e-01  4.33584855e-01  1.84812538e-01  4.81559774e-01
  4.64659263e-01  5.48079650e-01  2.88031954e-01  3.58929776e-01
  3.42504313e-01  7.17358494e-01  5.42066271e-01  5.13613186e-01
  2.94506676e-01  5.21892153e-01  4.25013972e-01  3.00233840e-01
  4.42828224e-01  3.98962249e-01  5.86095797e-01  7.34369388e-01
  7.10767427e-01  6.00683940e-01  6.49608877e-01  6.18167994e-01
  6.74591763e-01  3.44412469e-01  6.80034016e-01  7.11717677e-01
  7.13414846e-01  6.45370994e-01  6.77207996e-01  6.16044132e-01
  6.55671350e-01  6.03625061e-01  6.55729657e-01  6.13862597e-01
  5.57838130e-01  6.78139102e-01  6.19920514e-01  5.96530775e-01
  7.30888792e-01  6.72454363e-01  6.51755228e-01  6.64190614e-01
 -3.00589785e-01 -6.94571376e-02 -2.58964016e-01  1.84145426e-01
  3.59189212e-01  3.69297462e-01  1.15440911e-01  3.36414601e-01
  3.14268553e-01  5.59579620e-01  4.56028532e-01  1.36582693e-02
  2.55431764e-01  3.29556017e-01  3.90785726e-01  4.60743204e-01
  7.64463200e-02  3.86464506e-01  4.01131674e-01  1.58116177e-01
  3.11683563e-01  4.38775500e-01  4.11091211e-01  3.60117514e-01
  2.45543828e-01  1.94932317e-01  1.73983784e-01  1.50937521e-01
  4.29197368e-01  4.39475963e-01  1.58756200e-01  5.27103838e-01
  5.26378365e-01 -1.21001507e+00  3.44619870e-01 -2.02180229e-01
  2.45315158e-01  1.94693095e-01  2.30889817e-01  4.69023348e-01
  3.10094517e-01  1.17028078e-01 -3.60390426e-02 -1.73290228e+00
  1.60594881e-01  1.33838091e-01  4.48353921e-01  4.46836710e-01
  3.69391024e-01  5.13663933e-01  4.42459807e-01  4.66845699e-01
  6.13814902e-01  5.84957530e-01  4.29363667e-01  6.01733522e-01
  4.80918858e-01  4.88366399e-01  4.37867245e-01  6.20089562e-01
  5.57996413e-01  4.58509844e-01 -1.03429577e+00  5.22327170e-01
  4.75585316e-01  1.73164934e-01  4.20663744e-01  4.49496137e-01
  5.60617319e-01  5.09497936e-01  3.40383394e-01  5.35736836e-01
  5.74631079e-01  2.49135719e-01  5.76392341e-01  5.73328041e-01
  6.28641629e-01  2.19601661e-01  4.51110538e-01  4.98128914e-01
  3.26321443e-01  5.94346985e-01  6.11507925e-01  4.85343820e-01
  4.66554890e-01  5.26035592e-01  4.72706435e-01  4.61512634e-01
  6.80095492e-01  3.54907125e-01  4.00307740e-01  4.26638308e-01
 -8.08771882e-02  2.63348152e-01  4.47613156e-01  5.74630420e-01
  4.45181929e-01  4.84793563e-01  5.73115186e-01  4.35129932e-01
  4.57166575e-01  4.87409328e-01  5.42642782e-01  4.34654020e-01
  4.62618042e-01  4.29234156e-01  5.31543207e-01  4.64828833e-01
  4.85944302e-01  5.37095902e-01  2.75592600e-01  4.20221864e-01
  5.29810068e-01  4.65837853e-01  4.63980018e-01  4.73795601e-01
  3.07424201e-01  3.68129614e-01  3.43464831e-01  5.01007169e-01
  4.96393608e-01  1.61828939e-01  5.04955653e-01  4.19520396e-01
  4.19187427e-01  1.90292648e-01  2.85144348e-01  3.35491086e-01
  3.93718340e-01  5.12797939e-01  5.72858902e-01  4.20257895e-01
 -1.40149826e+00  2.18286440e-01  4.56987801e-01  5.18420406e-01
  4.64817794e-01  5.98203826e-01  8.67479707e-02  2.57192393e-01
  4.13316261e-01  3.54165040e-01  4.50546273e-01  4.84464586e-01
  1.47379501e-01  4.09290470e-01  4.15803909e-01  3.93161711e-01
  4.57576846e-01  4.87195942e-01  3.67826142e-01  3.49740572e-01
  3.51175821e-01 -1.62535276e-01  5.37232178e-01  5.66382022e-01
  4.95107277e-01]",0.602928205664395,0.6564316933422283
TVSD,Model B (Qwen3),features/visual-blocks-6,monkeyF/IT,100000.0,0.6912482976913452,0.7161485269177015,0.45890775322914124,0.4898107405962675,"[0.5716731  0.41231832 0.4673653  0.4742065  0.3317579  0.27831358
 0.71330166 0.766061   0.56992996 0.5381393  0.5648116  0.51507
 0.6284778  0.71916795 0.6759942  0.7393309  0.62972283 0.42487153
 0.56037444 0.56196964 0.5224594  0.74520236 0.7950433  0.6252628
 0.69045186 0.5449038  0.6314776  0.6326778  0.6865059  0.7512044
 0.67658    0.6618874  0.6429408  0.643247   0.78409296 0.7169104
 0.6752912  0.7491393  0.6644697  0.69289356 0.61671567 0.5887024
 0.5308979  0.75330365 0.6237953  0.7025008  0.52492666 0.60198885
 0.6555559  0.8142871  0.71921086 0.65290487 0.5357889  0.62595254
 0.68006825 0.6559064  0.76511973 0.7184838  0.75503176 0.8077066
 0.8185835  0.7894976  0.8112208  0.7842713  0.82036996 0.6298381
 0.83271736 0.80783564 0.8217119  0.7346892  0.7778498  0.77029353
 0.83792955 0.8203164  0.8295586  0.74588287 0.7009697  0.7166208
 0.7323005  0.82181346 0.86891675 0.7993011  0.70099044 0.78667325
 0.4181534  0.38167533 0.27521175 0.60428876 0.79107326 0.7374865
 0.57704896 0.78397274 0.67948264 0.8113173  0.8058529  0.49696666
 0.5663733  0.60549843 0.6779171  0.66075766 0.4794617  0.6390113
 0.6376491  0.53623515 0.62368333 0.63340986 0.6530572  0.6809734
 0.59384346 0.50712734 0.49457762 0.49389014 0.73599964 0.66027415
 0.5836166  0.6755349  0.5885222  0.5509454  0.6892941  0.362072
 0.5280125  0.46806493 0.39438745 0.529429   0.6688655  0.3379555
 0.31102395 0.5629082  0.44126123 0.42049718 0.33796084 0.5823706
 0.68336135 0.72102165 0.69151384 0.7685243  0.7355858  0.6979153
 0.79226315 0.7646093  0.7114257  0.7338895  0.6303311  0.7391092
 0.72514486 0.557424   0.8130919  0.8025952  0.75376195 0.59980303
 0.72927153 0.6439777  0.7231727  0.69549495 0.7469627  0.8206525
 0.8023034  0.59602875 0.6838977  0.7098278  0.7684399  0.74152464
 0.8021734  0.807608   0.63277555 0.74371636 0.796303   0.8455332
 0.85292155 0.77664745 0.7220578  0.7038216  0.8016822  0.81211156
 0.83715904 0.78692853 0.50427    0.6558599  0.65897596 0.6943867
 0.77634394 0.7756381  0.81649905 0.8044177  0.84776753 0.8309858
 0.8216493  0.76808697 0.8115583  0.82610166 0.84629565 0.8512168
 0.8719311  0.8767472  0.7775734  0.7958104  0.8561064  0.8315022
 0.8595127  0.8496102  0.8077837  0.7723281  0.7530847  0.7173616
 0.84846073 0.71593595 0.8638422  0.89443535 0.7571734  0.7002125
 0.6424781  0.66694623 0.8313039  0.84950155 0.87642676 0.7432651
 0.7234087  0.56540805 0.7120049  0.87870884 0.85126746 0.8772403
 0.6844074  0.67915946 0.74765575 0.7426268  0.73893374 0.84607023
 0.5616755  0.6161558  0.6856084  0.70231485 0.7400587  0.88167137
 0.83510786 0.7688651  0.71245015 0.72307634 0.82115495 0.74693453
 0.75563407]","[ 3.09050083e-01  1.28975689e-01  1.93120658e-01  1.01604402e-01
 -1.70035720e-01 -2.25060821e-01  4.80133235e-01  5.67285895e-01
  3.18587780e-01  2.79035509e-01  3.01999211e-01  2.11870253e-01
  3.03055644e-01  4.36653912e-01  3.84526491e-01  5.18357515e-01
  3.73506427e-01  1.33930504e-01  3.04869115e-01  2.41898894e-01
  2.15022147e-01  5.15464604e-01  6.09142303e-01  3.06908369e-01
  4.26995277e-01  2.68896639e-01  3.89237523e-01  3.55944932e-01
  4.45620477e-01  5.36096931e-01  3.26627970e-01  4.31158721e-01
  4.13284361e-01  4.09806013e-01  5.64468563e-01  4.80719924e-01
  4.07590091e-01  4.61160183e-01  4.36771810e-01  4.70561624e-01
  3.38961363e-01  3.16227078e-01  1.19038880e-01  5.01222372e-01
  3.81345332e-01  4.68112409e-01  1.33671761e-01  3.47620070e-01
  4.22490239e-01  6.49804831e-01  4.47319567e-01  4.11012232e-01
  1.85480356e-01  3.61383855e-01  4.41716015e-01  4.25736964e-01
  5.26896477e-01  4.59484458e-01  5.64954400e-01  6.45929039e-01
  6.48389578e-01  5.92000723e-01  6.47494256e-01  5.95283031e-01
  6.52169585e-01  3.92930448e-01  6.79611802e-01  6.47055507e-01
  6.70943618e-01  5.35467744e-01  5.90826094e-01  5.58359623e-01
  6.74113989e-01  6.11614347e-01  6.80312872e-01  5.52109361e-01
  4.89512146e-01  5.02482712e-01  5.25776803e-01  6.15281701e-01
  7.47454286e-01  6.28980339e-01  4.88343298e-01  6.10986233e-01
  9.00451541e-02  1.12152398e-01 -6.76411390e-02  3.28873217e-01
  5.83401561e-01  5.24980903e-01  2.89037228e-01  5.74149489e-01
  4.55750585e-01  6.56563997e-01  6.46712542e-01  2.30449557e-01
  3.16322088e-01  3.41320634e-01  4.59429085e-01  4.32017386e-01
  2.11858213e-01  3.87901902e-01  4.02796447e-01  2.59529829e-01
  3.76187205e-01  3.99169087e-01  4.25675750e-01  4.46542740e-01
  3.47419679e-01  2.25703955e-01  1.67686105e-01  1.07928574e-01
  5.34691572e-01  4.24070656e-01  2.16860235e-01  4.51062083e-01
  3.19373310e-01  2.07258880e-01  4.56615210e-01 -1.27434731e-04
  1.83100224e-01  1.45624876e-01  4.33619618e-02  2.69942284e-01
  3.88773382e-01  4.28313017e-02 -3.02362442e-03  2.12585986e-01
  7.40268826e-02  1.27288699e-02  7.18806386e-02  3.07079196e-01
  4.21405077e-01  5.03728926e-01  4.62894738e-01  5.81359446e-01
  5.35423338e-01  4.69643474e-01  6.05885983e-01  5.84021688e-01
  4.96748745e-01  5.14126241e-01  3.61369371e-01  5.41111112e-01
  5.21280050e-01  3.08363914e-01  6.42318964e-01  6.42106056e-01
  5.47821283e-01  2.83730924e-01  4.88581896e-01  3.95801246e-01
  5.14789999e-01  4.82154608e-01  5.55418372e-01  6.64377213e-01
  6.38593912e-01  3.19911242e-01  4.47485924e-01  4.90682781e-01
  5.74608207e-01  5.41815162e-01  6.42243266e-01  6.39810860e-01
  3.54341328e-01  5.51639736e-01  6.28230631e-01  7.06390381e-01
  7.25882292e-01  5.94051361e-01  4.60423827e-01  4.92401063e-01
  6.37015343e-01  6.52959943e-01  6.97148323e-01  5.75691640e-01
  7.49379396e-02  3.73951316e-01  4.08437073e-01  4.77570891e-01
  5.87245941e-01  5.92348218e-01  6.62709892e-01  6.39179647e-01
  7.12642789e-01  6.82662249e-01  6.64422750e-01  5.74760318e-01
  6.47396684e-01  6.71921551e-01  7.01148033e-01  7.08386421e-01
  7.54168868e-01  7.61023045e-01  5.87693453e-01  6.11006558e-01
  7.25474834e-01  6.83194816e-01  7.33032227e-01  7.18147159e-01
  6.37506127e-01  5.83685875e-01  5.13954401e-01  5.03501415e-01
  6.93771958e-01  4.27651823e-01  7.36214936e-01  7.84950972e-01
  5.70156753e-01  4.52029169e-01  3.54681253e-01  4.34658706e-01
  6.31916642e-01  7.00995088e-01  7.59361625e-01  5.42734504e-01
  4.89391446e-01  2.96215057e-01  4.95810449e-01  7.17531919e-01
  6.68010354e-01  7.55209684e-01  4.51246023e-01  3.87514710e-01
  5.42889297e-01  5.17035723e-01  5.20460784e-01  6.21474743e-01
  2.13549495e-01  3.56661141e-01  4.29434597e-01  4.79100049e-01
  5.28519988e-01  6.62137687e-01  5.80898166e-01  4.42645252e-01
  3.74392390e-01  4.61460948e-01  6.70070589e-01  5.51395535e-01
  5.65266967e-01]","[0.57894216 0.41887171 0.47330733 0.48175921 0.34141295 0.29364223
 0.73238679 0.81627591 0.58129831 0.54714503 0.57226077 0.52238238
 0.63833562 0.74432774 0.72156631 0.79582747 0.64807375 0.4445317
 0.56989899 0.57098506 0.52893224 0.77141299 0.81989326 0.68164264
 0.70916627 0.54961718 0.63676541 0.6504306  0.70420443 0.77813145
 0.7319159  0.66814064 0.64982561 0.64866777 0.79231452 0.74147397
 0.70582508 0.78350441 0.67899184 0.69683978 0.62473629 0.61978561
 0.57352478 0.77554383 0.63190519 0.70960117 0.59200652 0.62027946
 0.67182612 0.84617689 0.73168199 0.66022075 0.56712601 0.6474185
 0.7010985  0.66893489 0.77558469 0.72674889 0.78041415 0.81854702
 0.82843641 0.79329632 0.81937822 0.78894688 0.83147198 0.63649776
 0.84540766 0.81917329 0.84044824 0.77701311 0.80528836 0.78768856
 0.84618807 0.8237578  0.84947237 0.7942747  0.75487261 0.7444859
 0.76882948 0.82578854 0.88186765 0.8338409  0.74453667 0.80262757
 0.4640544  0.40817128 0.31034235 0.60920185 0.79815493 0.74970507
 0.59734168 0.79318706 0.70381013 0.82185555 0.82244271 0.5411805
 0.57571784 0.62043478 0.72837709 0.70661374 0.52492423 0.65327861
 0.64353702 0.55711717 0.69185581 0.66829145 0.67843058 0.69528946
 0.60017501 0.52099575 0.55330262 0.56126397 0.74236007 0.67145292
 0.59872959 0.68943502 0.61479173 0.56121229 0.70279683 0.39842656
 0.5729778  0.52772435 0.42441927 0.54194843 0.67436129 0.3481953
 0.32615661 0.62690757 0.49766519 0.47519093 0.34643123 0.5869903
 0.72505864 0.7434198  0.78679533 0.78463244 0.75134635 0.7013686
 0.84587761 0.80833257 0.75185326 0.7533638  0.69277846 0.74664206
 0.73233029 0.55942074 0.82715812 0.81383561 0.79969515 0.62931718
 0.75984124 0.67605694 0.73100472 0.70456015 0.77635681 0.83250377
 0.82532408 0.65525011 0.70704113 0.71902976 0.78170901 0.79116111
 0.82413929 0.83471549 0.71445782 0.76667348 0.82161209 0.85441793
 0.86669781 0.82283407 0.79026236 0.72358862 0.81704412 0.82036418
 0.84949449 0.84254066 0.55758391 0.71937534 0.74094829 0.77174673
 0.82375288 0.82859394 0.82917686 0.81785634 0.86219831 0.84277639
 0.83592425 0.81574831 0.85233865 0.86235687 0.85688555 0.86724924
 0.87898779 0.88118227 0.83158566 0.82891769 0.86811569 0.8566698
 0.87608178 0.86560616 0.81793216 0.81605947 0.8080831  0.72233635
 0.86983583 0.81174567 0.88103976 0.90585574 0.79690427 0.77515717
 0.66425968 0.67224855 0.87067525 0.88258506 0.89371982 0.76206793
 0.76280137 0.57315933 0.71702838 0.89175102 0.87078816 0.895332
 0.7535543  0.75659567 0.75354921 0.75284614 0.76342032 0.87425051
 0.58422303 0.6281646  0.77657398 0.70710548 0.74831689 0.89266457
 0.85632937 0.79172443 0.74202128 0.73526364 0.82986488 0.75217953
 0.76331141]","[ 3.16959451e-01  1.33108149e-01  1.98062511e-01  1.04866691e-01
 -1.80076723e-01 -2.50534853e-01  5.06169893e-01  6.44093961e-01
  3.31424240e-01  2.88452957e-01  3.10017753e-01  2.17928723e-01
  3.12637190e-01  4.67740655e-01  4.38119713e-01  6.00605838e-01
  3.95592503e-01  1.46612067e-01  3.15320770e-01  2.49722496e-01
  2.20383054e-01  5.52362648e-01  6.47816259e-01  3.64751476e-01
  4.50456034e-01  2.73568623e-01  3.95783544e-01  3.76200664e-01
  4.68893353e-01  5.75218765e-01  3.82241120e-01  4.39344015e-01
  4.22182882e-01  4.16742137e-01  5.76368022e-01  5.14226145e-01
  4.45282504e-01  5.04440011e-01  4.56071910e-01  4.75936838e-01
  3.47835339e-01  3.50501961e-01  1.38922043e-01  5.31254960e-01
  3.91325474e-01  4.77622879e-01  1.70018191e-01  3.69064907e-01
  4.43722020e-01  7.01697807e-01  4.62967115e-01  4.20274731e-01
  2.07811532e-01  3.86594916e-01  4.69457436e-01  4.42818084e-01
  5.41408347e-01  4.70116628e-01  6.03577741e-01  6.63383737e-01
  6.64092271e-01  5.97711308e-01  6.60581751e-01  6.02401977e-01
  6.69940577e-01  4.01283755e-01  7.00483703e-01  6.65345290e-01
  7.01889620e-01  5.98939174e-01  6.33243922e-01  5.83862487e-01
  6.87467435e-01  6.16756857e-01  7.13367060e-01  6.26073481e-01
  5.67691412e-01  5.42319539e-01  5.79539161e-01  6.21248270e-01
  7.69901414e-01  6.84514488e-01  5.50900582e-01  6.36020057e-01
  1.10898802e-01  1.28264140e-01 -8.60120028e-02  3.34242675e-01
  5.93893503e-01  5.42520650e-01  3.09723458e-01  5.87725181e-01
  4.88969231e-01  6.73731031e-01  6.73613923e-01  2.73278619e-01
  3.26846145e-01  3.58367624e-01  5.30368629e-01  4.94061452e-01
  2.53939758e-01  4.05416743e-01  4.10269451e-01  2.80136572e-01
  4.62921052e-01  4.44343742e-01  4.59396070e-01  4.65515359e-01
  3.54867544e-01  2.38217393e-01  2.09871575e-01  1.39383082e-01
  5.43972988e-01  4.38551671e-01  2.28237012e-01  4.69815582e-01
  3.48521002e-01  2.15055406e-01  4.74679896e-01 -1.54310158e-04
  2.15613542e-01  1.85113297e-01  5.02172501e-02  2.82859887e-01
  3.95188410e-01  4.54661336e-02 -3.32500691e-03  2.63673537e-01
  9.41613012e-02  1.62554860e-02  7.55289126e-02  3.11970398e-01
  4.74400571e-01  5.35511160e-01  5.99244474e-01  6.05985261e-01
  5.58612926e-01  4.74302563e-01  6.90664368e-01  6.52724643e-01
  5.54809426e-01  5.41773672e-01  4.36518472e-01  5.52197092e-01
  5.31661919e-01  3.10577038e-01  6.64735045e-01  6.60217502e-01
  6.16622563e-01  3.12340668e-01  5.30401285e-01  4.36216465e-01
  5.26000785e-01  4.94805491e-01  5.99991520e-01  6.83704706e-01
  6.75766368e-01  3.86642235e-01  4.78284695e-01  5.03487358e-01
  5.94623762e-01  6.16779388e-01  6.77897939e-01  6.83482380e-01
  4.51726553e-01  5.86221512e-01  6.68799716e-01  7.21313676e-01
  7.49520351e-01  6.66807817e-01  5.51513866e-01  5.20447894e-01
  6.61662407e-01  6.66298037e-01  7.17844497e-01  6.59934860e-01
  9.16211891e-02  4.49887600e-01  5.16370965e-01  5.89908473e-01
  6.61158491e-01  6.75993181e-01  6.83449500e-01  6.60714326e-01
  7.37110630e-01  7.02171862e-01  6.87710012e-01  6.48303476e-01
  7.14093988e-01  7.32193114e-01  7.18805083e-01  7.35322261e-01
  7.66425551e-01  7.68741877e-01  6.72174513e-01  6.62902211e-01
  7.45971222e-01  7.25178082e-01  7.61566411e-01  7.45443402e-01
  6.53625130e-01  6.51657136e-01  5.91764585e-01  5.10508936e-01
  7.29168390e-01  5.49771161e-01  7.65820208e-01  8.05123875e-01
  6.31561807e-01  5.53970068e-01  3.79138029e-01  4.41597379e-01
  6.93190442e-01  7.56658249e-01  7.89623692e-01  5.70541615e-01
  5.44141506e-01  3.04392453e-01  5.02831416e-01  7.38989834e-01
  6.98998363e-01  7.86680919e-01  5.47032436e-01  4.80919498e-01
  5.51481768e-01  5.31363579e-01  5.55526076e-01  6.63563433e-01
  2.31038812e-01  3.70699174e-01  5.50947805e-01  4.85658410e-01
  5.40381099e-01  6.78752479e-01  6.10796492e-01  4.69357324e-01
  4.06116628e-01  4.77147694e-01  6.84360756e-01  5.59166560e-01
  5.76811693e-01]",0.6751224699508602,0.6760374327034759
